Heshtag,abstractmakeup
"['https://scontent-hel3-1.cdninstagram.com/v/t51.2885-15/e35/s150x150/166608400_230097292187287_1559037207929186323_n.jpg?tp=1&_nc_ht=scontent-hel3-1.cdninstagram.com&_nc_cat=107&_nc_ohc=F4XGNqEtZDMAX9QO5Gt&ccb=7-4&oh=65258f74fdee06b29c08e40b5ca913a3&oe=608B2DF1&_nc_sid=4efc9f&ig_cache_key=MjU0MDgyNjE2NTkwMzM4MzE0OA%3D%3D.2-ccb7-4', 'https://scontent-hel3-1.cdninstagram.com/v/t51.2885-15/e35/s240x240/166608400_230097292187287_1559037207929186323_n.jpg?tp=1&_nc_ht=scontent-hel3-1.cdninstagram.com&_nc_cat=107&_nc_ohc=F4XGNqEtZDMAX9QO5Gt&ccb=7-4&oh=52cce4b6d644dec29c59c1f41869bc0b&oe=608BE977&_nc_sid=4efc9f&ig_cache_key=MjU0MDgyNjE2NTkwMzM4MzE0OA%3D%3D.2-ccb7-4', 'https://scontent-hel3-1.cdninstagram.com/v/t51.2885-15/e35/s320x320/166608400_230097292187287_1559037207929186323_n.jpg?tp=1&_nc_ht=scontent-hel3-1.cdninstagram.com&_nc_cat=107&_nc_ohc=F4XGNqEtZDMAX9QO5Gt&ccb=7-4&oh=53503f2c0d76508281b0cc5689966a32&oe=608AEB89&_nc_sid=4efc9f&ig_cache_key=MjU0MDgyNjE2NTkwMzM4MzE0OA%3D%3D.2-ccb7-4', 'https://scontent-hel3-1.cdninstagram.com/v/t51.2885-15/e35/s480x480/166608400_230097292187287_1559037207929186323_n.jpg?tp=1&_nc_ht=scontent-hel3-1.cdninstagram.com&_nc_cat=107&_nc_ohc=F4XGNqEtZDMAX9QO5Gt&ccb=7-4&oh=98afed99a84ad60619fff8f9ee7ba085&oe=608D33D0&_nc_sid=4efc9f&ig_cache_key=MjU0MDgyNjE2NTkwMzM4MzE0OA%3D%3D.2-ccb7-4', 'https://scontent-hel3-1.cdninstagram.com/v/t51.2885-15/sh0.08/e35/s640x640/166608400_230097292187287_1559037207929186323_n.jpg?tp=1&_nc_ht=scontent-hel3-1.cdninstagram.com&_nc_cat=107&_nc_ohc=F4XGNqEtZDMAX9QO5Gt&ccb=7-4&oh=e9e58dddf1ed4fb8857ca0fe0208acdf&oe=608AE5F6&_nc_sid=4efc9f&ig_cache_key=MjU0MDgyNjE2NTkwMzM4MzE0OA%3D%3D.2-ccb7-4']"
"['https://scontent-hel3-1.cdninstagram.com/v/t51.2885-15/e35/c142.0.1155.1155a/s150x150/166388862_442740856828382_1598590614106474482_n.jpg?tp=1&_nc_ht=scontent-hel3-1.cdninstagram.com&_nc_cat=102&_nc_ohc=vPkhFyPUumsAX9GJpsb&ccb=7-4&oh=60c2427277c18d3a01ce312523783092&oe=608C9A48&_nc_sid=4efc9f&ig_cache_key=MjU0MDgyNTA5NTM2NTQyNzY3Nw%3D%3D.2.c-ccb7-4', 'https://scontent-hel3-1.cdninstagram.com/v/t51.2885-15/e35/c142.0.1155.1155a/s240x240/166388862_442740856828382_1598590614106474482_n.jpg?tp=1&_nc_ht=scontent-hel3-1.cdninstagram.com&_nc_cat=102&_nc_ohc=vPkhFyPUumsAX9GJpsb&ccb=7-4&oh=18a6cb048b655448f5e9ce8fd56e18e1&oe=608C9642&_nc_sid=4efc9f&ig_cache_key=MjU0MDgyNTA5NTM2NTQyNzY3Nw%3D%3D.2.c-ccb7-4', 'https://scontent-hel3-1.cdninstagram.com/v/t51.2885-15/e35/c142.0.1155.1155a/s320x320/166388862_442740856828382_1598590614106474482_n.jpg?tp=1&_nc_ht=scontent-hel3-1.cdninstagram.com&_nc_cat=102&_nc_ohc=vPkhFyPUumsAX9GJpsb&ccb=7-4&oh=1594fe0e8af052c098b43524f64ca0b0&oe=608CFBC0&_nc_sid=4efc9f&ig_cache_key=MjU0MDgyNTA5NTM2NTQyNzY3Nw%3D%3D.2.c-ccb7-4', 'https://scontent-hel3-1.cdninstagram.com/v/t51.2885-15/e35/c142.0.1155.1155a/s480x480/166388862_442740856828382_1598590614106474482_n.jpg?tp=1&_nc_ht=scontent-hel3-1.cdninstagram.com&_nc_cat=102&_nc_ohc=vPkhFyPUumsAX9GJpsb&ccb=7-4&oh=eb46959538afa72b9055159c4d96d3fc&oe=608C5679&_nc_sid=4efc9f&ig_cache_key=MjU0MDgyNTA5NTM2NTQyNzY3Nw%3D%3D.2.c-ccb7-4', 'https://scontent-hel3-1.cdninstagram.com/v/t51.2885-15/sh0.08/e35/c142.0.1155.1155a/s640x640/166388862_442740856828382_1598590614106474482_n.jpg?tp=1&_nc_ht=scontent-hel3-1.cdninstagram.com&_nc_cat=102&_nc_ohc=vPkhFyPUumsAX9GJpsb&ccb=7-4&oh=3d8c73d3e6741794a9dc9231d3f78c56&oe=608AF478&_nc_sid=4efc9f&ig_cache_key=MjU0MDgyNTA5NTM2NTQyNzY3Nw%3D%3D.2.c-ccb7-4']"
"['https://scontent-hel3-1.cdninstagram.com/v/t51.2885-15/e35/c3.0.1185.1185a/s150x150/166228100_1286402531755406_7806596989308233644_n.jpg?tp=1&_nc_ht=scontent-hel3-1.cdninstagram.com&_nc_cat=102&_nc_ohc=Itvd_5Mm2BAAX_nv_Z-&ccb=7-4&oh=821068b192b84229957c6588797354c6&oe=608D2C27&_nc_sid=4efc9f&ig_cache_key=MjU0MDgyMjM2ODkzMzU3MzY5Nw%3D%3D.2.c-ccb7-4', 'https://scontent-hel3-1.cdninstagram.com/v/t51.2885-15/e35/c3.0.1185.1185a/s240x240/166228100_1286402531755406_7806596989308233644_n.jpg?tp=1&_nc_ht=scontent-hel3-1.cdninstagram.com&_nc_cat=102&_nc_ohc=Itvd_5Mm2BAAX_nv_Z-&ccb=7-4&oh=edacb6c1663b4225dfa1792ead6d3b8e&oe=608E96EF&_nc_sid=4efc9f&ig_cache_key=MjU0MDgyMjM2ODkzMzU3MzY5Nw%3D%3D.2.c-ccb7-4', 'https://scontent-hel3-1.cdninstagram.com/v/t51.2885-15/e35/c3.0.1185.1185a/s320x320/166228100_1286402531755406_7806596989308233644_n.jpg?tp=1&_nc_ht=scontent-hel3-1.cdninstagram.com&_nc_cat=102&_nc_ohc=Itvd_5Mm2BAAX_nv_Z-&ccb=7-4&oh=cd5cecbeff6d611a57a8775ff95b3a56&oe=608B1AB2&_nc_sid=4efc9f&ig_cache_key=MjU0MDgyMjM2ODkzMzU3MzY5Nw%3D%3D.2.c-ccb7-4', 'https://scontent-hel3-1.cdninstagram.com/v/t51.2885-15/e35/c3.0.1185.1185a/s480x480/166228100_1286402531755406_7806596989308233644_n.jpg?tp=1&_nc_ht=scontent-hel3-1.cdninstagram.com&_nc_cat=102&_nc_ohc=Itvd_5Mm2BAAX_nv_Z-&ccb=7-4&oh=41979bebf15a2154141efa7cde026b43&oe=608B9574&_nc_sid=4efc9f&ig_cache_key=MjU0MDgyMjM2ODkzMzU3MzY5Nw%3D%3D.2.c-ccb7-4', 'https://scontent-hel3-1.cdninstagram.com/v/t51.2885-15/sh0.08/e35/c3.0.1185.1185a/s640x640/166228100_1286402531755406_7806596989308233644_n.jpg?tp=1&_nc_ht=scontent-hel3-1.cdninstagram.com&_nc_cat=102&_nc_ohc=Itvd_5Mm2BAAX_nv_Z-&ccb=7-4&oh=8651364304b6e188923176d49712636b&oe=608B6759&_nc_sid=4efc9f&ig_cache_key=MjU0MDgyMjM2ODkzMzU3MzY5Nw%3D%3D.2.c-ccb7-4']"
"['https://scontent-hel3-1.cdninstagram.com/v/t51.2885-15/e35/c0.180.1440.1440a/s150x150/166268502_486396952561951_5852368830595792270_n.jpg?tp=1&_nc_ht=scontent-hel3-1.cdninstagram.com&_nc_cat=107&_nc_ohc=RbJrpi6KGOQAX9v4CMv&ccb=7-4&oh=07c06f9e02582388c2735f79517b63b0&oe=608DDBFD&_nc_sid=4efc9f&ig_cache_key=MjU0MDgxOTE4ODIzMjg1ODA4NA%3D%3D.2.c-ccb7-4', 'https://scontent-hel3-1.cdninstagram.com/v/t51.2885-15/e35/c0.180.1440.1440a/s240x240/166268502_486396952561951_5852368830595792270_n.jpg?tp=1&_nc_ht=scontent-hel3-1.cdninstagram.com&_nc_cat=107&_nc_ohc=RbJrpi6KGOQAX9v4CMv&ccb=7-4&oh=f70c2fb3e60c1d767d284df5480e4404&oe=608D65FB&_nc_sid=4efc9f&ig_cache_key=MjU0MDgxOTE4ODIzMjg1ODA4NA%3D%3D.2.c-ccb7-4', 'https://scontent-hel3-1.cdninstagram.com/v/t51.2885-15/e35/c0.180.1440.1440a/s320x320/166268502_486396952561951_5852368830595792270_n.jpg?tp=1&_nc_ht=scontent-hel3-1.cdninstagram.com&_nc_cat=107&_nc_ohc=RbJrpi6KGOQAX9v4CMv&ccb=7-4&oh=9523f97d2d439f44cd8d9b745e43a6e6&oe=608BC085&_nc_sid=4efc9f&ig_cache_key=MjU0MDgxOTE4ODIzMjg1ODA4NA%3D%3D.2.c-ccb7-4', 'https://scontent-hel3-1.cdninstagram.com/v/t51.2885-15/e35/c0.180.1440.1440a/s480x480/166268502_486396952561951_5852368830595792270_n.jpg?tp=1&_nc_ht=scontent-hel3-1.cdninstagram.com&_nc_cat=107&_nc_ohc=RbJrpi6KGOQAX9v4CMv&ccb=7-4&oh=388655ec613e384c5b851ef51da0d064&oe=608B7344&_nc_sid=4efc9f&ig_cache_key=MjU0MDgxOTE4ODIzMjg1ODA4NA%3D%3D.2.c-ccb7-4', 'https://scontent-hel3-1.cdninstagram.com/v/t51.2885-15/sh0.08/e35/c0.180.1440.1440a/s640x640/166268502_486396952561951_5852368830595792270_n.jpg?tp=1&_nc_ht=scontent-hel3-1.cdninstagram.com&_nc_cat=107&_nc_ohc=RbJrpi6KGOQAX9v4CMv&ccb=7-4&oh=ef9635ee163b49118f1e13dcd05e18a4&oe=608C12CD&_nc_sid=4efc9f&ig_cache_key=MjU0MDgxOTE4ODIzMjg1ODA4NA%3D%3D.2.c-ccb7-4']"
"['https://scontent-hel3-1.cdninstagram.com/v/t51.2885-15/e15/c0.80.640.640a/s150x150/167427858_205703450889097_4326786382764844426_n.jpg?tp=1&_nc_ht=scontent-hel3-1.cdninstagram.com&_nc_cat=101&_nc_ohc=GDuLFXuZPFIAX83JmsB&ccb=7-4&oh=0f4237840186444c0fedda1a0f494a9d&oe=606549B4&_nc_sid=4efc9f', 'https://scontent-hel3-1.cdninstagram.com/v/t51.2885-15/e15/c0.80.640.640a/s240x240/167427858_205703450889097_4326786382764844426_n.jpg?tp=1&_nc_ht=scontent-hel3-1.cdninstagram.com&_nc_cat=101&_nc_ohc=GDuLFXuZPFIAX83JmsB&ccb=7-4&oh=fdc535e339db03a8f01d940a86d7f23a&oe=60654DF6&_nc_sid=4efc9f', 'https://scontent-hel3-1.cdninstagram.com/v/t51.2885-15/e15/c0.80.640.640a/s320x320/167427858_205703450889097_4326786382764844426_n.jpg?tp=1&_nc_ht=scontent-hel3-1.cdninstagram.com&_nc_cat=101&_nc_ohc=GDuLFXuZPFIAX83JmsB&ccb=7-4&oh=36edfb4ace362a7a21803da03ba7c451&oe=6065A20C&_nc_sid=4efc9f', 'https://scontent-hel3-1.cdninstagram.com/v/t51.2885-15/e15/c0.80.640.640a/s480x480/167427858_205703450889097_4326786382764844426_n.jpg?tp=1&_nc_ht=scontent-hel3-1.cdninstagram.com&_nc_cat=101&_nc_ohc=GDuLFXuZPFIAX83JmsB&ccb=7-4&oh=39f342d2dae9936c9e53e471ec1bdd99&oe=60653F0D&_nc_sid=4efc9f', 'https://scontent-hel3-1.cdninstagram.com/v/t51.2885-15/e15/c0.80.640.640a/167427858_205703450889097_4326786382764844426_n.jpg?tp=1&_nc_ht=scontent-hel3-1.cdninstagram.com&_nc_cat=101&_nc_ohc=GDuLFXuZPFIAX83JmsB&ccb=7-4&oh=0378d888a5c5739ffdef64d98b131502&oe=606550DD&_nc_sid=4efc9f']"
"['https://scontent-hel3-1.cdninstagram.com/v/t51.2885-15/e15/c0.135.1080.1080a/s150x150/166377490_198547905048931_6865421907765006747_n.jpg?tp=1&_nc_ht=scontent-hel3-1.cdninstagram.com&_nc_cat=107&_nc_ohc=zaAb6dIL3LoAX-cs2ia&ccb=7-4&oh=8a6a10da34bb9894245354e651cef0e8&oe=608D4849&_nc_sid=4efc9f&ig_cache_key=MjU0MDgxODYyMjg4MzM0OTY1OQ%3D%3D.2.c-ccb7-4', 'https://scontent-hel3-1.cdninstagram.com/v/t51.2885-15/e15/c0.135.1080.1080a/s240x240/166377490_198547905048931_6865421907765006747_n.jpg?tp=1&_nc_ht=scontent-hel3-1.cdninstagram.com&_nc_cat=107&_nc_ohc=zaAb6dIL3LoAX-cs2ia&ccb=7-4&oh=1a9590c67e2ccc8998fc8a921a0c97a0&oe=608C514F&_nc_sid=4efc9f&ig_cache_key=MjU0MDgxODYyMjg4MzM0OTY1OQ%3D%3D.2.c-ccb7-4', 'https://scontent-hel3-1.cdninstagram.com/v/t51.2885-15/e15/c0.135.1080.1080a/s320x320/166377490_198547905048931_6865421907765006747_n.jpg?tp=1&_nc_ht=scontent-hel3-1.cdninstagram.com&_nc_cat=107&_nc_ohc=zaAb6dIL3LoAX-cs2ia&ccb=7-4&oh=8b2a62e5d319d80b69703633d7e7726d&oe=608DD531&_nc_sid=4efc9f&ig_cache_key=MjU0MDgxODYyMjg4MzM0OTY1OQ%3D%3D.2.c-ccb7-4', 'https://scontent-hel3-1.cdninstagram.com/v/t51.2885-15/e15/c0.135.1080.1080a/s480x480/166377490_198547905048931_6865421907765006747_n.jpg?tp=1&_nc_ht=scontent-hel3-1.cdninstagram.com&_nc_cat=107&_nc_ohc=zaAb6dIL3LoAX-cs2ia&ccb=7-4&oh=77688084e2dfc8c73c283a9c1157e256&oe=608C29F8&_nc_sid=4efc9f&ig_cache_key=MjU0MDgxODYyMjg4MzM0OTY1OQ%3D%3D.2.c-ccb7-4', 'https://scontent-hel3-1.cdninstagram.com/v/t51.2885-15/sh0.08/e35/c0.135.1080.1080a/s640x640/166377490_198547905048931_6865421907765006747_n.jpg?tp=1&_nc_ht=scontent-hel3-1.cdninstagram.com&_nc_cat=107&_nc_ohc=zaAb6dIL3LoAX-cs2ia&ccb=7-4&oh=c0779359c1caa76f470e523cc2804e17&oe=608BB69F&_nc_sid=4efc9f&ig_cache_key=MjU0MDgxODYyMjg4MzM0OTY1OQ%3D%3D.2.c-ccb7-4']"
"['https://scontent-hel3-1.cdninstagram.com/v/t51.2885-15/e15/c0.135.1080.1080a/s150x150/165908829_3446013078834882_3357342810735912060_n.jpg?tp=1&_nc_ht=scontent-hel3-1.cdninstagram.com&_nc_cat=106&_nc_ohc=dcCXG4KvEYsAX-3eyD0&ccb=7-4&oh=3166564376d23cfc9d9a0e03087229a7&oe=608B687C&_nc_sid=4efc9f&ig_cache_key=MjU0MDgxMzk4NjUyMzY2NDM3OQ%3D%3D.2.c-ccb7-4', 'https://scontent-hel3-1.cdninstagram.com/v/t51.2885-15/e15/c0.135.1080.1080a/s240x240/165908829_3446013078834882_3357342810735912060_n.jpg?tp=1&_nc_ht=scontent-hel3-1.cdninstagram.com&_nc_cat=106&_nc_ohc=dcCXG4KvEYsAX-3eyD0&ccb=7-4&oh=adebb9ff578486ef28fc6ef4a862e6b9&oe=608C2034&_nc_sid=4efc9f&ig_cache_key=MjU0MDgxMzk4NjUyMzY2NDM3OQ%3D%3D.2.c-ccb7-4', 'https://scontent-hel3-1.cdninstagram.com/v/t51.2885-15/e15/c0.135.1080.1080a/s320x320/165908829_3446013078834882_3357342810735912060_n.jpg?tp=1&_nc_ht=scontent-hel3-1.cdninstagram.com&_nc_cat=106&_nc_ohc=dcCXG4KvEYsAX-3eyD0&ccb=7-4&oh=0da0522458f85f011c9179f3cfbe4d16&oe=608B92ED&_nc_sid=4efc9f&ig_cache_key=MjU0MDgxMzk4NjUyMzY2NDM3OQ%3D%3D.2.c-ccb7-4', 'https://scontent-hel3-1.cdninstagram.com/v/t51.2885-15/e15/c0.135.1080.1080a/s480x480/165908829_3446013078834882_3357342810735912060_n.jpg?tp=1&_nc_ht=scontent-hel3-1.cdninstagram.com&_nc_cat=106&_nc_ohc=dcCXG4KvEYsAX-3eyD0&ccb=7-4&oh=cf11bed0b01800f1a45b05d1bdc572ae&oe=608CBAAF&_nc_sid=4efc9f&ig_cache_key=MjU0MDgxMzk4NjUyMzY2NDM3OQ%3D%3D.2.c-ccb7-4', 'https://scontent-hel3-1.cdninstagram.com/v/t51.2885-15/sh0.08/e35/c0.135.1080.1080a/s640x640/165908829_3446013078834882_3357342810735912060_n.jpg?tp=1&_nc_ht=scontent-hel3-1.cdninstagram.com&_nc_cat=106&_nc_ohc=dcCXG4KvEYsAX-3eyD0&ccb=7-4&oh=3b417c5cc7a8289def7ec36c0a0223e5&oe=608AD160&_nc_sid=4efc9f&ig_cache_key=MjU0MDgxMzk4NjUyMzY2NDM3OQ%3D%3D.2.c-ccb7-4']"
"['https://scontent-hel3-1.cdninstagram.com/v/t51.2885-15/e35/s150x150/167164805_244478770693349_5081689156264898265_n.jpg?tp=1&_nc_ht=scontent-hel3-1.cdninstagram.com&_nc_cat=105&_nc_ohc=U1unjFnt-SoAX-EAz2F&ccb=7-4&oh=53e26b265f49c5bf440ace143711b468&oe=608B73EB&_nc_sid=4efc9f&ig_cache_key=MjU0MDgwOTY3OTU4NTMyNjc3NQ%3D%3D.2-ccb7-4', 'https://scontent-hel3-1.cdninstagram.com/v/t51.2885-15/e35/s240x240/167164805_244478770693349_5081689156264898265_n.jpg?tp=1&_nc_ht=scontent-hel3-1.cdninstagram.com&_nc_cat=105&_nc_ohc=U1unjFnt-SoAX-EAz2F&ccb=7-4&oh=99bd0b3673df09bf7e7cf98452448c6a&oe=608BAFED&_nc_sid=4efc9f&ig_cache_key=MjU0MDgwOTY3OTU4NTMyNjc3NQ%3D%3D.2-ccb7-4', 'https://scontent-hel3-1.cdninstagram.com/v/t51.2885-15/e35/s320x320/167164805_244478770693349_5081689156264898265_n.jpg?tp=1&_nc_ht=scontent-hel3-1.cdninstagram.com&_nc_cat=105&_nc_ohc=U1unjFnt-SoAX-EAz2F&ccb=7-4&oh=a99e896987d5906d2154c819b0cee0b3&oe=608DFF13&_nc_sid=4efc9f&ig_cache_key=MjU0MDgwOTY3OTU4NTMyNjc3NQ%3D%3D.2-ccb7-4', 'https://scontent-hel3-1.cdninstagram.com/v/t51.2885-15/e35/s480x480/167164805_244478770693349_5081689156264898265_n.jpg?tp=1&_nc_ht=scontent-hel3-1.cdninstagram.com&_nc_cat=105&_nc_ohc=U1unjFnt-SoAX-EAz2F&ccb=7-4&oh=bd4c75696ed9ac8b538c912505453b37&oe=608AD856&_nc_sid=4efc9f&ig_cache_key=MjU0MDgwOTY3OTU4NTMyNjc3NQ%3D%3D.2-ccb7-4', 'https://scontent-hel3-1.cdninstagram.com/v/t51.2885-15/sh0.08/e35/s640x640/167164805_244478770693349_5081689156264898265_n.jpg?tp=1&_nc_ht=scontent-hel3-1.cdninstagram.com&_nc_cat=105&_nc_ohc=U1unjFnt-SoAX-EAz2F&ccb=7-4&oh=7cf0a2dcbafbd782e0095dfca186dc41&oe=608C8870&_nc_sid=4efc9f&ig_cache_key=MjU0MDgwOTY3OTU4NTMyNjc3NQ%3D%3D.2-ccb7-4']"
"['https://scontent-hel3-1.cdninstagram.com/v/t51.2885-15/e15/c0.80.640.640a/s150x150/166048258_3843836552368384_5344641391702926401_n.jpg?tp=1&_nc_ht=scontent-hel3-1.cdninstagram.com&_nc_cat=104&_nc_ohc=A_8TEnxzaEsAX_oSDUw&ccb=7-4&oh=e48e24f799bef95c806a7453958b5002&oe=606534BD&_nc_sid=4efc9f', 'https://scontent-hel3-1.cdninstagram.com/v/t51.2885-15/e15/c0.80.640.640a/s240x240/166048258_3843836552368384_5344641391702926401_n.jpg?tp=1&_nc_ht=scontent-hel3-1.cdninstagram.com&_nc_cat=104&_nc_ohc=A_8TEnxzaEsAX_oSDUw&ccb=7-4&oh=00791797369a1e9bbedd84dcbaade28f&oe=60657475&_nc_sid=4efc9f', 'https://scontent-hel3-1.cdninstagram.com/v/t51.2885-15/e15/c0.80.640.640a/s320x320/166048258_3843836552368384_5344641391702926401_n.jpg?tp=1&_nc_ht=scontent-hel3-1.cdninstagram.com&_nc_cat=104&_nc_ohc=A_8TEnxzaEsAX_oSDUw&ccb=7-4&oh=bdfe29bb43172f73da45537cb8fc3f51&oe=6065996C&_nc_sid=4efc9f', 'https://scontent-hel3-1.cdninstagram.com/v/t51.2885-15/e15/c0.80.640.640a/s480x480/166048258_3843836552368384_5344641391702926401_n.jpg?tp=1&_nc_ht=scontent-hel3-1.cdninstagram.com&_nc_cat=104&_nc_ohc=A_8TEnxzaEsAX_oSDUw&ccb=7-4&oh=1f82207f09574e05a9c2ab8dba376a52&oe=6065656A&_nc_sid=4efc9f', 'https://scontent-hel3-1.cdninstagram.com/v/t51.2885-15/e15/c0.80.640.640a/166048258_3843836552368384_5344641391702926401_n.jpg?tp=1&_nc_ht=scontent-hel3-1.cdninstagram.com&_nc_cat=104&_nc_ohc=A_8TEnxzaEsAX_oSDUw&ccb=7-4&oh=2c6a9a18ee7e83ffed47b802c1e17aa4&oe=60652EE4&_nc_sid=4efc9f']"
"['https://scontent-hel3-1.cdninstagram.com/v/t51.2885-15/e15/c34.0.572.572a/s150x150/166707204_459453178592563_5737945762717848233_n.jpg?tp=1&_nc_ht=scontent-hel3-1.cdninstagram.com&_nc_cat=107&_nc_ohc=3MLAws7nlvMAX8mtiD2&ccb=7-4&oh=b3b6719968f721fff63e89a36a05ee51&oe=608C5FE4&_nc_sid=4efc9f&ig_cache_key=MjU0MDgwMzc0MjcwMDkyMjg1Mg%3D%3D.2.c-ccb7-4', 'https://scontent-hel3-1.cdninstagram.com/v/t51.2885-15/e15/c34.0.572.572a/s240x240/166707204_459453178592563_5737945762717848233_n.jpg?tp=1&_nc_ht=scontent-hel3-1.cdninstagram.com&_nc_cat=107&_nc_ohc=3MLAws7nlvMAX8mtiD2&ccb=7-4&oh=fae95ffb6a4216f9d760808b85ae523a&oe=608B0466&_nc_sid=4efc9f&ig_cache_key=MjU0MDgwMzc0MjcwMDkyMjg1Mg%3D%3D.2.c-ccb7-4', 'https://scontent-hel3-1.cdninstagram.com/v/t51.2885-15/e15/c34.0.572.572a/s320x320/166707204_459453178592563_5737945762717848233_n.jpg?tp=1&_nc_ht=scontent-hel3-1.cdninstagram.com&_nc_cat=107&_nc_ohc=3MLAws7nlvMAX8mtiD2&ccb=7-4&oh=d966b70093d6d08daa1281b95ebe682e&oe=608E691C&_nc_sid=4efc9f&ig_cache_key=MjU0MDgwMzc0MjcwMDkyMjg1Mg%3D%3D.2.c-ccb7-4', 'https://scontent-hel3-1.cdninstagram.com/v/t51.2885-15/e15/c34.0.572.572a/s480x480/166707204_459453178592563_5737945762717848233_n.jpg?tp=1&_nc_ht=scontent-hel3-1.cdninstagram.com&_nc_cat=107&_nc_ohc=3MLAws7nlvMAX8mtiD2&ccb=7-4&oh=56f61116c1c8415d14a0fe170b084af8&oe=608CB0DD&_nc_sid=4efc9f&ig_cache_key=MjU0MDgwMzc0MjcwMDkyMjg1Mg%3D%3D.2.c-ccb7-4', 'https://scontent-hel3-1.cdninstagram.com/v/t51.2885-15/e15/c34.0.572.572a/166707204_459453178592563_5737945762717848233_n.jpg?tp=1&_nc_ht=scontent-hel3-1.cdninstagram.com&_nc_cat=107&_nc_ohc=3MLAws7nlvMAX8mtiD2&ccb=7-4&oh=84c1f6b0a5135e42543683e18a593c85&oe=608BD897&_nc_sid=4efc9f&ig_cache_key=MjU0MDgwMzc0MjcwMDkyMjg1Mg%3D%3D.2.c-ccb7-4']"
