Heshtag,artmakeup
"['https://scontent-hel3-1.cdninstagram.com/v/t51.2885-15/e35/c0.90.720.720a/s150x150/165983758_118764686944109_7072013534983975369_n.jpg?tp=1&_nc_ht=scontent-hel3-1.cdninstagram.com&_nc_cat=105&_nc_ohc=IPY6BThTUyQAX85YDwp&ccb=7-4&oh=1ebfa30e0165f662ca1453d886344d97&oe=6065A40C&_nc_sid=4efc9f', 'https://scontent-hel3-1.cdninstagram.com/v/t51.2885-15/e35/c0.90.720.720a/s240x240/165983758_118764686944109_7072013534983975369_n.jpg?tp=1&_nc_ht=scontent-hel3-1.cdninstagram.com&_nc_cat=105&_nc_ohc=IPY6BThTUyQAX85YDwp&ccb=7-4&oh=52b7cae6bca458e4ae8b410c73ab5d50&oe=60652D4E&_nc_sid=4efc9f', 'https://scontent-hel3-1.cdninstagram.com/v/t51.2885-15/e35/c0.90.720.720a/s320x320/165983758_118764686944109_7072013534983975369_n.jpg?tp=1&_nc_ht=scontent-hel3-1.cdninstagram.com&_nc_cat=105&_nc_ohc=IPY6BThTUyQAX85YDwp&ccb=7-4&oh=62145e9864a56dd289cf93e2173ee16c&oe=6065A634&_nc_sid=4efc9f', 'https://scontent-hel3-1.cdninstagram.com/v/t51.2885-15/e35/c0.90.720.720a/s480x480/165983758_118764686944109_7072013534983975369_n.jpg?tp=1&_nc_ht=scontent-hel3-1.cdninstagram.com&_nc_cat=105&_nc_ohc=IPY6BThTUyQAX85YDwp&ccb=7-4&oh=424dde5df801904458d7e916068ccf1f&oe=60659435&_nc_sid=4efc9f', 'https://scontent-hel3-1.cdninstagram.com/v/t51.2885-15/sh0.08/e35/c0.90.720.720a/s640x640/165983758_118764686944109_7072013534983975369_n.jpg?tp=1&_nc_ht=scontent-hel3-1.cdninstagram.com&_nc_cat=105&_nc_ohc=IPY6BThTUyQAX85YDwp&ccb=7-4&oh=df11b8a6dbab0a0dd978304366319c66&oe=6065A140&_nc_sid=4efc9f']"
"['https://scontent-hel3-1.cdninstagram.com/v/t51.2885-15/e35/s150x150/166171695_256120486181938_1869035896776261923_n.jpg?tp=1&_nc_ht=scontent-hel3-1.cdninstagram.com&_nc_cat=110&_nc_ohc=49rtLr88UDgAX8f6Lx-&ccb=7-4&oh=77dc7336a7d02904ea143c5588e08ae1&oe=608B9659&_nc_sid=4efc9f&ig_cache_key=MjU0MDgyMTYwNzk5MzkwNjQ0MQ%3D%3D.2-ccb7-4', 'https://scontent-hel3-1.cdninstagram.com/v/t51.2885-15/e35/s240x240/166171695_256120486181938_1869035896776261923_n.jpg?tp=1&_nc_ht=scontent-hel3-1.cdninstagram.com&_nc_cat=110&_nc_ohc=49rtLr88UDgAX8f6Lx-&ccb=7-4&oh=4705e78646ff423748ff314ac720e2b7&oe=608BF2DF&_nc_sid=4efc9f&ig_cache_key=MjU0MDgyMTYwNzk5MzkwNjQ0MQ%3D%3D.2-ccb7-4', 'https://scontent-hel3-1.cdninstagram.com/v/t51.2885-15/e35/s320x320/166171695_256120486181938_1869035896776261923_n.jpg?tp=1&_nc_ht=scontent-hel3-1.cdninstagram.com&_nc_cat=110&_nc_ohc=49rtLr88UDgAX8f6Lx-&ccb=7-4&oh=07b42d32062c5345114ee053dc65b170&oe=608B9321&_nc_sid=4efc9f&ig_cache_key=MjU0MDgyMTYwNzk5MzkwNjQ0MQ%3D%3D.2-ccb7-4', 'https://scontent-hel3-1.cdninstagram.com/v/t51.2885-15/e35/s480x480/166171695_256120486181938_1869035896776261923_n.jpg?tp=1&_nc_ht=scontent-hel3-1.cdninstagram.com&_nc_cat=110&_nc_ohc=49rtLr88UDgAX8f6Lx-&ccb=7-4&oh=a1738b932224b8ee4c981887ea74d104&oe=608DCF68&_nc_sid=4efc9f&ig_cache_key=MjU0MDgyMTYwNzk5MzkwNjQ0MQ%3D%3D.2-ccb7-4', 'https://scontent-hel3-1.cdninstagram.com/v/t51.2885-15/sh0.08/e35/s640x640/166171695_256120486181938_1869035896776261923_n.jpg?tp=1&_nc_ht=scontent-hel3-1.cdninstagram.com&_nc_cat=110&_nc_ohc=49rtLr88UDgAX8f6Lx-&ccb=7-4&oh=e10bee8bba813008e9ea0b74b466c593&oe=608B5FDE&_nc_sid=4efc9f&ig_cache_key=MjU0MDgyMTYwNzk5MzkwNjQ0MQ%3D%3D.2-ccb7-4']"
"['https://scontent-hel3-1.cdninstagram.com/v/t51.2885-15/e35/s150x150/165727979_483791115978107_4543226028863359152_n.jpg?tp=1&_nc_ht=scontent-hel3-1.cdninstagram.com&_nc_cat=111&_nc_ohc=ItpcILjHFGMAX8UwCfk&ccb=7-4&oh=5b267f327f7c0750c98b58994f2328d2&oe=608B3990&_nc_sid=4efc9f&ig_cache_key=MjU0MDgyMTAzNDQyMjk2NjkxOA%3D%3D.2-ccb7-4', 'https://scontent-hel3-1.cdninstagram.com/v/t51.2885-15/e35/s240x240/165727979_483791115978107_4543226028863359152_n.jpg?tp=1&_nc_ht=scontent-hel3-1.cdninstagram.com&_nc_cat=111&_nc_ohc=ItpcILjHFGMAX8UwCfk&ccb=7-4&oh=d4475dd847f058eb22f22f03cf48584f&oe=608B1E8A&_nc_sid=4efc9f&ig_cache_key=MjU0MDgyMTAzNDQyMjk2NjkxOA%3D%3D.2-ccb7-4', 'https://scontent-hel3-1.cdninstagram.com/v/t51.2885-15/e35/s320x320/165727979_483791115978107_4543226028863359152_n.jpg?tp=1&_nc_ht=scontent-hel3-1.cdninstagram.com&_nc_cat=111&_nc_ohc=ItpcILjHFGMAX8UwCfk&ccb=7-4&oh=763c76547b258079c5e462746bf489fd&oe=608E8EF8&_nc_sid=4efc9f&ig_cache_key=MjU0MDgyMTAzNDQyMjk2NjkxOA%3D%3D.2-ccb7-4', 'https://scontent-hel3-1.cdninstagram.com/v/t51.2885-15/e35/s480x480/165727979_483791115978107_4543226028863359152_n.jpg?tp=1&_nc_ht=scontent-hel3-1.cdninstagram.com&_nc_cat=111&_nc_ohc=ItpcILjHFGMAX8UwCfk&ccb=7-4&oh=405a936308b7d3089cfa9044f6a227b2&oe=608BA1B1&_nc_sid=4efc9f&ig_cache_key=MjU0MDgyMTAzNDQyMjk2NjkxOA%3D%3D.2-ccb7-4', 'https://scontent-hel3-1.cdninstagram.com/v/t51.2885-15/sh0.08/e35/s640x640/165727979_483791115978107_4543226028863359152_n.jpg?tp=1&_nc_ht=scontent-hel3-1.cdninstagram.com&_nc_cat=111&_nc_ohc=ItpcILjHFGMAX8UwCfk&ccb=7-4&oh=ee888236871b89e47791a3916953345d&oe=608DA10B&_nc_sid=4efc9f&ig_cache_key=MjU0MDgyMTAzNDQyMjk2NjkxOA%3D%3D.2-ccb7-4']"
"['https://scontent-hel3-1.cdninstagram.com/v/t51.2885-15/e35/c0.179.1440.1440a/s150x150/166309946_349657249794866_3779135825342448100_n.jpg?tp=1&_nc_ht=scontent-hel3-1.cdninstagram.com&_nc_cat=102&_nc_ohc=n8Ed4JkiV38AX-eyNeF&ccb=7-4&oh=443616d6778f3286070eea30e3691984&oe=608D2FEA&_nc_sid=4efc9f&ig_cache_key=MjU0MDgxODYxMjA0NDk5Njg1Mw%3D%3D.2.c-ccb7-4', 'https://scontent-hel3-1.cdninstagram.com/v/t51.2885-15/e35/c0.179.1440.1440a/s240x240/166309946_349657249794866_3779135825342448100_n.jpg?tp=1&_nc_ht=scontent-hel3-1.cdninstagram.com&_nc_cat=102&_nc_ohc=n8Ed4JkiV38AX-eyNeF&ccb=7-4&oh=7c3c1dc7536ffbf0b166c88c367fe9da&oe=608C9370&_nc_sid=4efc9f&ig_cache_key=MjU0MDgxODYxMjA0NDk5Njg1Mw%3D%3D.2.c-ccb7-4', 'https://scontent-hel3-1.cdninstagram.com/v/t51.2885-15/e35/c0.179.1440.1440a/s320x320/166309946_349657249794866_3779135825342448100_n.jpg?tp=1&_nc_ht=scontent-hel3-1.cdninstagram.com&_nc_cat=102&_nc_ohc=n8Ed4JkiV38AX-eyNeF&ccb=7-4&oh=fa9742f498f7e2d1156619f2a250f9d5&oe=608D4A12&_nc_sid=4efc9f&ig_cache_key=MjU0MDgxODYxMjA0NDk5Njg1Mw%3D%3D.2.c-ccb7-4', 'https://scontent-hel3-1.cdninstagram.com/v/t51.2885-15/e35/c0.179.1440.1440a/s480x480/166309946_349657249794866_3779135825342448100_n.jpg?tp=1&_nc_ht=scontent-hel3-1.cdninstagram.com&_nc_cat=102&_nc_ohc=n8Ed4JkiV38AX-eyNeF&ccb=7-4&oh=27c8573e2ffdd92a0691b026ebc90560&oe=608AF9D7&_nc_sid=4efc9f&ig_cache_key=MjU0MDgxODYxMjA0NDk5Njg1Mw%3D%3D.2.c-ccb7-4', 'https://scontent-hel3-1.cdninstagram.com/v/t51.2885-15/sh0.08/e35/c0.179.1440.1440a/s640x640/166309946_349657249794866_3779135825342448100_n.jpg?tp=1&_nc_ht=scontent-hel3-1.cdninstagram.com&_nc_cat=102&_nc_ohc=n8Ed4JkiV38AX-eyNeF&ccb=7-4&oh=89b01813da82aa528bfd700392b41afe&oe=608D675A&_nc_sid=4efc9f&ig_cache_key=MjU0MDgxODYxMjA0NDk5Njg1Mw%3D%3D.2.c-ccb7-4']"
"['https://scontent-hel3-1.cdninstagram.com/v/t51.2885-15/e35/c180.0.720.720a/s150x150/166064173_379134029741608_3131706496778052225_n.jpg?tp=1&_nc_ht=scontent-hel3-1.cdninstagram.com&_nc_cat=104&_nc_ohc=KhmT9Ilx4w8AX_QZR_b&ccb=7-4&oh=594f3f0537c48ab891bd75243d672320&oe=608B7503&_nc_sid=4efc9f&ig_cache_key=MjU0MDgxMDYwMDQyNzkwNjE5MA%3D%3D.2.c-ccb7-4', 'https://scontent-hel3-1.cdninstagram.com/v/t51.2885-15/e35/c180.0.720.720a/s240x240/166064173_379134029741608_3131706496778052225_n.jpg?tp=1&_nc_ht=scontent-hel3-1.cdninstagram.com&_nc_cat=104&_nc_ohc=KhmT9Ilx4w8AX_QZR_b&ccb=7-4&oh=11e2495c822fb2fdd05ef0e28df6380f&oe=608E2205&_nc_sid=4efc9f&ig_cache_key=MjU0MDgxMDYwMDQyNzkwNjE5MA%3D%3D.2.c-ccb7-4', 'https://scontent-hel3-1.cdninstagram.com/v/t51.2885-15/e35/c180.0.720.720a/s320x320/166064173_379134029741608_3131706496778052225_n.jpg?tp=1&_nc_ht=scontent-hel3-1.cdninstagram.com&_nc_cat=104&_nc_ohc=KhmT9Ilx4w8AX_QZR_b&ccb=7-4&oh=5e30f21bc0410d4b0fe76ca5c0246cb9&oe=608BF7FB&_nc_sid=4efc9f&ig_cache_key=MjU0MDgxMDYwMDQyNzkwNjE5MA%3D%3D.2.c-ccb7-4', 'https://scontent-hel3-1.cdninstagram.com/v/t51.2885-15/e35/c180.0.720.720a/s480x480/166064173_379134029741608_3131706496778052225_n.jpg?tp=1&_nc_ht=scontent-hel3-1.cdninstagram.com&_nc_cat=104&_nc_ohc=KhmT9Ilx4w8AX_QZR_b&ccb=7-4&oh=131177a36ed225fcee8d3ec73a32d9c9&oe=608AE1BE&_nc_sid=4efc9f&ig_cache_key=MjU0MDgxMDYwMDQyNzkwNjE5MA%3D%3D.2.c-ccb7-4', 'https://scontent-hel3-1.cdninstagram.com/v/t51.2885-15/sh0.08/e35/c180.0.720.720a/s640x640/166064173_379134029741608_3131706496778052225_n.jpg?tp=1&_nc_ht=scontent-hel3-1.cdninstagram.com&_nc_cat=104&_nc_ohc=KhmT9Ilx4w8AX_QZR_b&ccb=7-4&oh=40edd3e3cbe0c6adffbbded9bc2f51d0&oe=608CD446&_nc_sid=4efc9f&ig_cache_key=MjU0MDgxMDYwMDQyNzkwNjE5MA%3D%3D.2.c-ccb7-4']"
"['https://scontent-hel3-1.cdninstagram.com/v/t51.2885-15/e35/c0.90.720.720a/s150x150/166383376_2984823931804623_7294817518247924363_n.jpg?tp=1&_nc_ht=scontent-hel3-1.cdninstagram.com&_nc_cat=103&_nc_ohc=LfdV-kNmOV4AX8H5t3p&ccb=7-4&oh=ce11f61c86508340208c58757b655700&oe=60659ED3&_nc_sid=4efc9f', 'https://scontent-hel3-1.cdninstagram.com/v/t51.2885-15/e35/c0.90.720.720a/s240x240/166383376_2984823931804623_7294817518247924363_n.jpg?tp=1&_nc_ht=scontent-hel3-1.cdninstagram.com&_nc_cat=103&_nc_ohc=LfdV-kNmOV4AX8H5t3p&ccb=7-4&oh=7263722ef1263a76428c7eedfbaca730&oe=606594DB&_nc_sid=4efc9f', 'https://scontent-hel3-1.cdninstagram.com/v/t51.2885-15/e35/c0.90.720.720a/s320x320/166383376_2984823931804623_7294817518247924363_n.jpg?tp=1&_nc_ht=scontent-hel3-1.cdninstagram.com&_nc_cat=103&_nc_ohc=LfdV-kNmOV4AX8H5t3p&ccb=7-4&oh=3469e1c705f522088bb4349de54a4e25&oe=60659286&_nc_sid=4efc9f', 'https://scontent-hel3-1.cdninstagram.com/v/t51.2885-15/e35/c0.90.720.720a/s480x480/166383376_2984823931804623_7294817518247924363_n.jpg?tp=1&_nc_ht=scontent-hel3-1.cdninstagram.com&_nc_cat=103&_nc_ohc=LfdV-kNmOV4AX8H5t3p&ccb=7-4&oh=f1d77a176494603ca0e2a55905f06d72&oe=60654648&_nc_sid=4efc9f', 'https://scontent-hel3-1.cdninstagram.com/v/t51.2885-15/sh0.08/e35/c0.90.720.720a/s640x640/166383376_2984823931804623_7294817518247924363_n.jpg?tp=1&_nc_ht=scontent-hel3-1.cdninstagram.com&_nc_cat=103&_nc_ohc=LfdV-kNmOV4AX8H5t3p&ccb=7-4&oh=39c8f0610b348014f3d3209c7ea81e8c&oe=60657FBD&_nc_sid=4efc9f']"
"['https://scontent-hel3-1.cdninstagram.com/v/t51.2885-15/e35/c0.90.720.720a/s150x150/166403218_3814762065278590_344851823263309625_n.jpg?tp=1&_nc_ht=scontent-hel3-1.cdninstagram.com&_nc_cat=110&_nc_ohc=UlhWIojVrpcAX-jk3EJ&ccb=7-4&oh=5af29d894ba45e8aa7c68ebf80be7f81&oe=60654607&_nc_sid=4efc9f', 'https://scontent-hel3-1.cdninstagram.com/v/t51.2885-15/e35/c0.90.720.720a/s240x240/166403218_3814762065278590_344851823263309625_n.jpg?tp=1&_nc_ht=scontent-hel3-1.cdninstagram.com&_nc_cat=110&_nc_ohc=UlhWIojVrpcAX-jk3EJ&ccb=7-4&oh=b3f78cc0b635470196fe1a1de16191b3&oe=60657201&_nc_sid=4efc9f', 'https://scontent-hel3-1.cdninstagram.com/v/t51.2885-15/e35/c0.90.720.720a/s320x320/166403218_3814762065278590_344851823263309625_n.jpg?tp=1&_nc_ht=scontent-hel3-1.cdninstagram.com&_nc_cat=110&_nc_ohc=UlhWIojVrpcAX-jk3EJ&ccb=7-4&oh=ae896fbbd067d91568334f557d1f3896&oe=60652DBF&_nc_sid=4efc9f', 'https://scontent-hel3-1.cdninstagram.com/v/t51.2885-15/e35/c0.90.720.720a/s480x480/166403218_3814762065278590_344851823263309625_n.jpg?tp=1&_nc_ht=scontent-hel3-1.cdninstagram.com&_nc_cat=110&_nc_ohc=UlhWIojVrpcAX-jk3EJ&ccb=7-4&oh=52dc2bd0af0a758dbe8d90464e96e1b9&oe=60652D7A&_nc_sid=4efc9f', 'https://scontent-hel3-1.cdninstagram.com/v/t51.2885-15/sh0.08/e35/c0.90.720.720a/s640x640/166403218_3814762065278590_344851823263309625_n.jpg?tp=1&_nc_ht=scontent-hel3-1.cdninstagram.com&_nc_cat=110&_nc_ohc=UlhWIojVrpcAX-jk3EJ&ccb=7-4&oh=2d1fb59659d1e929518175fbcbbbae95&oe=60653F73&_nc_sid=4efc9f']"
"['https://scontent-hel3-1.cdninstagram.com/v/t51.2885-15/e35/s150x150/166083497_107703464650629_3298787453874794922_n.jpg?tp=1&_nc_ht=scontent-hel3-1.cdninstagram.com&_nc_cat=109&_nc_ohc=vHQB24MrSj0AX_wTogk&ccb=7-4&oh=44e167b2be940667ed9768138bf849a2&oe=608D37AA&_nc_sid=4efc9f&ig_cache_key=MjU0MDgwMjUyMzI1NzA3NTA1NA%3D%3D.2-ccb7-4', 'https://scontent-hel3-1.cdninstagram.com/v/t51.2885-15/e35/s240x240/166083497_107703464650629_3298787453874794922_n.jpg?tp=1&_nc_ht=scontent-hel3-1.cdninstagram.com&_nc_cat=109&_nc_ohc=vHQB24MrSj0AX_wTogk&ccb=7-4&oh=1a587d2ad06c473b9c36ba2613f1e962&oe=608C32B0&_nc_sid=4efc9f&ig_cache_key=MjU0MDgwMjUyMzI1NzA3NTA1NA%3D%3D.2-ccb7-4', 'https://scontent-hel3-1.cdninstagram.com/v/t51.2885-15/e35/s320x320/166083497_107703464650629_3298787453874794922_n.jpg?tp=1&_nc_ht=scontent-hel3-1.cdninstagram.com&_nc_cat=109&_nc_ohc=vHQB24MrSj0AX_wTogk&ccb=7-4&oh=ce9c67f393193c67b72c57b750e9f8d7&oe=608D9F52&_nc_sid=4efc9f&ig_cache_key=MjU0MDgwMjUyMzI1NzA3NTA1NA%3D%3D.2-ccb7-4', 'https://scontent-hel3-1.cdninstagram.com/v/t51.2885-15/e35/s480x480/166083497_107703464650629_3298787453874794922_n.jpg?tp=1&_nc_ht=scontent-hel3-1.cdninstagram.com&_nc_cat=109&_nc_ohc=vHQB24MrSj0AX_wTogk&ccb=7-4&oh=879fa3493b86963322a5b3abe296c867&oe=608C5917&_nc_sid=4efc9f&ig_cache_key=MjU0MDgwMjUyMzI1NzA3NTA1NA%3D%3D.2-ccb7-4', 'https://scontent-hel3-1.cdninstagram.com/v/t51.2885-15/sh0.08/e35/s640x640/166083497_107703464650629_3298787453874794922_n.jpg?tp=1&_nc_ht=scontent-hel3-1.cdninstagram.com&_nc_cat=109&_nc_ohc=vHQB24MrSj0AX_wTogk&ccb=7-4&oh=7a306843590e8b6e7b1b8fe8f246a50d&oe=608D20AD&_nc_sid=4efc9f&ig_cache_key=MjU0MDgwMjUyMzI1NzA3NTA1NA%3D%3D.2-ccb7-4']"
"['https://scontent-hel3-1.cdninstagram.com/v/t51.2885-15/e35/s150x150/166458584_208035761081371_635550759505841875_n.jpg?tp=1&_nc_ht=scontent-hel3-1.cdninstagram.com&_nc_cat=107&_nc_ohc=DGifyaPvyCgAX-y8I4d&ccb=7-4&oh=85531dcb598137e4575ddef92f379573&oe=608D1FFB&_nc_sid=4efc9f&ig_cache_key=MjU0MDgwMTM5MzAxNTc0NzM5NQ%3D%3D.2-ccb7-4', 'https://scontent-hel3-1.cdninstagram.com/v/t51.2885-15/e35/s240x240/166458584_208035761081371_635550759505841875_n.jpg?tp=1&_nc_ht=scontent-hel3-1.cdninstagram.com&_nc_cat=107&_nc_ohc=DGifyaPvyCgAX-y8I4d&ccb=7-4&oh=6361684d879cb07178ed98a4e79dd46d&oe=608D1E31&_nc_sid=4efc9f&ig_cache_key=MjU0MDgwMTM5MzAxNTc0NzM5NQ%3D%3D.2-ccb7-4', 'https://scontent-hel3-1.cdninstagram.com/v/t51.2885-15/e35/s320x320/166458584_208035761081371_635550759505841875_n.jpg?tp=1&_nc_ht=scontent-hel3-1.cdninstagram.com&_nc_cat=107&_nc_ohc=DGifyaPvyCgAX-y8I4d&ccb=7-4&oh=dd5f01f9e8b159e4549d1ed2317e6d95&oe=608D2D0B&_nc_sid=4efc9f&ig_cache_key=MjU0MDgwMTM5MzAxNTc0NzM5NQ%3D%3D.2-ccb7-4', 'https://scontent-hel3-1.cdninstagram.com/v/t51.2885-15/e35/s480x480/166458584_208035761081371_635550759505841875_n.jpg?tp=1&_nc_ht=scontent-hel3-1.cdninstagram.com&_nc_cat=107&_nc_ohc=DGifyaPvyCgAX-y8I4d&ccb=7-4&oh=85baee32b754bb735bc47a85f9b9051d&oe=608D29D1&_nc_sid=4efc9f&ig_cache_key=MjU0MDgwMTM5MzAxNTc0NzM5NQ%3D%3D.2-ccb7-4', 'https://scontent-hel3-1.cdninstagram.com/v/t51.2885-15/sh0.08/e35/s640x640/166458584_208035761081371_635550759505841875_n.jpg?tp=1&_nc_ht=scontent-hel3-1.cdninstagram.com&_nc_cat=107&_nc_ohc=DGifyaPvyCgAX-y8I4d&ccb=7-4&oh=81f73d971cfb364cd55972d25ca54608&oe=608D92DE&_nc_sid=4efc9f&ig_cache_key=MjU0MDgwMTM5MzAxNTc0NzM5NQ%3D%3D.2-ccb7-4']"
"['https://scontent-hel3-1.cdninstagram.com/v/t51.2885-15/e35/c0.135.1079.1079a/s150x150/166453073_295592928585782_4074532961457318110_n.jpg?tp=1&_nc_ht=scontent-hel3-1.cdninstagram.com&_nc_cat=102&_nc_ohc=Li5ysPiPjr8AX-a6wpg&ccb=7-4&oh=f63d47cffaf1c549a57c955f4b4f5339&oe=608CDC86&_nc_sid=4efc9f&ig_cache_key=MjU0MDc5NzYxNDExODYwMzMyMQ%3D%3D.2.c-ccb7-4', 'https://scontent-hel3-1.cdninstagram.com/v/t51.2885-15/e35/c0.135.1079.1079a/s240x240/166453073_295592928585782_4074532961457318110_n.jpg?tp=1&_nc_ht=scontent-hel3-1.cdninstagram.com&_nc_cat=102&_nc_ohc=Li5ysPiPjr8AX-a6wpg&ccb=7-4&oh=c773c64f4b6bf2d058753d7556377eec&oe=608C4E04&_nc_sid=4efc9f&ig_cache_key=MjU0MDc5NzYxNDExODYwMzMyMQ%3D%3D.2.c-ccb7-4', 'https://scontent-hel3-1.cdninstagram.com/v/t51.2885-15/e35/c0.135.1079.1079a/s320x320/166453073_295592928585782_4074532961457318110_n.jpg?tp=1&_nc_ht=scontent-hel3-1.cdninstagram.com&_nc_cat=102&_nc_ohc=Li5ysPiPjr8AX-a6wpg&ccb=7-4&oh=44611db48748b6fe1c86b8991a49b32f&oe=608E55FE&_nc_sid=4efc9f&ig_cache_key=MjU0MDc5NzYxNDExODYwMzMyMQ%3D%3D.2.c-ccb7-4', 'https://scontent-hel3-1.cdninstagram.com/v/t51.2885-15/e35/c0.135.1079.1079a/s480x480/166453073_295592928585782_4074532961457318110_n.jpg?tp=1&_nc_ht=scontent-hel3-1.cdninstagram.com&_nc_cat=102&_nc_ohc=Li5ysPiPjr8AX-a6wpg&ccb=7-4&oh=65b4751a05a32eec1900fc0dde43322e&oe=608DFCBB&_nc_sid=4efc9f&ig_cache_key=MjU0MDc5NzYxNDExODYwMzMyMQ%3D%3D.2.c-ccb7-4', 'https://scontent-hel3-1.cdninstagram.com/v/t51.2885-15/sh0.08/e35/c0.135.1079.1079a/s640x640/166453073_295592928585782_4074532961457318110_n.jpg?tp=1&_nc_ht=scontent-hel3-1.cdninstagram.com&_nc_cat=102&_nc_ohc=Li5ysPiPjr8AX-a6wpg&ccb=7-4&oh=82e4ab4a2a4556dab753b98379598b87&oe=608E25B6&_nc_sid=4efc9f&ig_cache_key=MjU0MDc5NzYxNDExODYwMzMyMQ%3D%3D.2.c-ccb7-4']"
