Heshtag,brighteyeshadow
"['https://scontent-hel3-1.cdninstagram.com/v/t51.2885-15/e35/s150x150/167241318_489588308740364_5765982585408953607_n.jpg?tp=1&_nc_ht=scontent-hel3-1.cdninstagram.com&_nc_cat=108&_nc_ohc=L1AyCHH7RnUAX_wviDs&ccb=7-4&oh=6aa620f401131e14e2cd7de551a006af&oe=608C738A&_nc_sid=4efc9f&ig_cache_key=MjU0MDgxODg3MTg2NDg3Mjk1MQ%3D%3D.2-ccb7-4', 'https://scontent-hel3-1.cdninstagram.com/v/t51.2885-15/e35/s240x240/167241318_489588308740364_5765982585408953607_n.jpg?tp=1&_nc_ht=scontent-hel3-1.cdninstagram.com&_nc_cat=108&_nc_ohc=L1AyCHH7RnUAX_wviDs&ccb=7-4&oh=726d43d0bf6049bb733e3a7782f36db8&oe=608B5290&_nc_sid=4efc9f&ig_cache_key=MjU0MDgxODg3MTg2NDg3Mjk1MQ%3D%3D.2-ccb7-4', 'https://scontent-hel3-1.cdninstagram.com/v/t51.2885-15/e35/s320x320/167241318_489588308740364_5765982585408953607_n.jpg?tp=1&_nc_ht=scontent-hel3-1.cdninstagram.com&_nc_cat=108&_nc_ohc=L1AyCHH7RnUAX_wviDs&ccb=7-4&oh=aa088a6453ec9ce45bf89131090f2acd&oe=608AEC72&_nc_sid=4efc9f&ig_cache_key=MjU0MDgxODg3MTg2NDg3Mjk1MQ%3D%3D.2-ccb7-4', 'https://scontent-hel3-1.cdninstagram.com/v/t51.2885-15/e35/s480x480/167241318_489588308740364_5765982585408953607_n.jpg?tp=1&_nc_ht=scontent-hel3-1.cdninstagram.com&_nc_cat=108&_nc_ohc=L1AyCHH7RnUAX_wviDs&ccb=7-4&oh=a818040a83bc5f51de36bc6e6f56b369&oe=608C4737&_nc_sid=4efc9f&ig_cache_key=MjU0MDgxODg3MTg2NDg3Mjk1MQ%3D%3D.2-ccb7-4', 'https://scontent-hel3-1.cdninstagram.com/v/t51.2885-15/sh0.08/e35/s640x640/167241318_489588308740364_5765982585408953607_n.jpg?tp=1&_nc_ht=scontent-hel3-1.cdninstagram.com&_nc_cat=108&_nc_ohc=L1AyCHH7RnUAX_wviDs&ccb=7-4&oh=a45690368cdc703f2194078522c58d2b&oe=608AF20D&_nc_sid=4efc9f&ig_cache_key=MjU0MDgxODg3MTg2NDg3Mjk1MQ%3D%3D.2-ccb7-4']"
"['https://scontent-hel3-1.cdninstagram.com/v/t51.2885-15/e35/c0.91.1440.1440a/s150x150/166367331_284513649952313_103996593455712338_n.jpg?tp=1&_nc_ht=scontent-hel3-1.cdninstagram.com&_nc_cat=105&_nc_ohc=0M6vSp0GUYQAX9hBZZ1&ccb=7-4&oh=28da7bf8d7898b2b1f3353b8050379cd&oe=608AD8B4&_nc_sid=4efc9f&ig_cache_key=MjU0MDc4OTI5NzI0OTI0MDM4Mg%3D%3D.2.c-ccb7-4', 'https://scontent-hel3-1.cdninstagram.com/v/t51.2885-15/e35/c0.91.1440.1440a/s240x240/166367331_284513649952313_103996593455712338_n.jpg?tp=1&_nc_ht=scontent-hel3-1.cdninstagram.com&_nc_cat=105&_nc_ohc=0M6vSp0GUYQAX9hBZZ1&ccb=7-4&oh=a85dfe88f8e9c1cde54c697481ac74fc&oe=608BF97A&_nc_sid=4efc9f&ig_cache_key=MjU0MDc4OTI5NzI0OTI0MDM4Mg%3D%3D.2.c-ccb7-4', 'https://scontent-hel3-1.cdninstagram.com/v/t51.2885-15/e35/c0.91.1440.1440a/s320x320/166367331_284513649952313_103996593455712338_n.jpg?tp=1&_nc_ht=scontent-hel3-1.cdninstagram.com&_nc_cat=105&_nc_ohc=0M6vSp0GUYQAX9hBZZ1&ccb=7-4&oh=c2d5771b0b4a090f8503d9a07b1c1fd5&oe=608DDF44&_nc_sid=4efc9f&ig_cache_key=MjU0MDc4OTI5NzI0OTI0MDM4Mg%3D%3D.2.c-ccb7-4', 'https://scontent-hel3-1.cdninstagram.com/v/t51.2885-15/e35/c0.91.1440.1440a/s480x480/166367331_284513649952313_103996593455712338_n.jpg?tp=1&_nc_ht=scontent-hel3-1.cdninstagram.com&_nc_cat=105&_nc_ohc=0M6vSp0GUYQAX9hBZZ1&ccb=7-4&oh=51a9f32874ec160965be4a1fbd47ddb1&oe=608DC99A&_nc_sid=4efc9f&ig_cache_key=MjU0MDc4OTI5NzI0OTI0MDM4Mg%3D%3D.2.c-ccb7-4', 'https://scontent-hel3-1.cdninstagram.com/v/t51.2885-15/sh0.08/e35/c0.91.1440.1440a/s640x640/166367331_284513649952313_103996593455712338_n.jpg?tp=1&_nc_ht=scontent-hel3-1.cdninstagram.com&_nc_cat=105&_nc_ohc=0M6vSp0GUYQAX9hBZZ1&ccb=7-4&oh=588569eb39d37b94eb1735f4c2857f6a&oe=608B1F29&_nc_sid=4efc9f&ig_cache_key=MjU0MDc4OTI5NzI0OTI0MDM4Mg%3D%3D.2.c-ccb7-4']"
"['https://scontent-hel3-1.cdninstagram.com/v/t51.2885-15/e35/s150x150/166121260_174647657837097_1023417350658267663_n.jpg?tp=1&_nc_ht=scontent-hel3-1.cdninstagram.com&_nc_cat=109&_nc_ohc=eWrL-EfSKfkAX8ca0JC&ccb=7-4&oh=575be0f16b8a2f3026302d8502300aeb&oe=608D8B72&_nc_sid=4efc9f&ig_cache_key=MjU0MDc3MjI0NzI4Mzc1NDY5OA%3D%3D.2-ccb7-4', 'https://scontent-hel3-1.cdninstagram.com/v/t51.2885-15/e35/s240x240/166121260_174647657837097_1023417350658267663_n.jpg?tp=1&_nc_ht=scontent-hel3-1.cdninstagram.com&_nc_cat=109&_nc_ohc=eWrL-EfSKfkAX8ca0JC&ccb=7-4&oh=dcd21c6ede8adb68395e913c18d7da11&oe=608D3078&_nc_sid=4efc9f&ig_cache_key=MjU0MDc3MjI0NzI4Mzc1NDY5OA%3D%3D.2-ccb7-4', 'https://scontent-hel3-1.cdninstagram.com/v/t51.2885-15/e35/s320x320/166121260_174647657837097_1023417350658267663_n.jpg?tp=1&_nc_ht=scontent-hel3-1.cdninstagram.com&_nc_cat=109&_nc_ohc=eWrL-EfSKfkAX8ca0JC&ccb=7-4&oh=ca5e23b4a67a4edaf6ed5ee278649867&oe=608C1E8A&_nc_sid=4efc9f&ig_cache_key=MjU0MDc3MjI0NzI4Mzc1NDY5OA%3D%3D.2-ccb7-4', 'https://scontent-hel3-1.cdninstagram.com/v/t51.2885-15/e35/s480x480/166121260_174647657837097_1023417350658267663_n.jpg?tp=1&_nc_ht=scontent-hel3-1.cdninstagram.com&_nc_cat=109&_nc_ohc=eWrL-EfSKfkAX8ca0JC&ccb=7-4&oh=0ed009ff1653ca9fe84f209034eaeb11&oe=608B31CF&_nc_sid=4efc9f&ig_cache_key=MjU0MDc3MjI0NzI4Mzc1NDY5OA%3D%3D.2-ccb7-4', 'https://scontent-hel3-1.cdninstagram.com/v/t51.2885-15/sh0.08/e35/s640x640/166121260_174647657837097_1023417350658267663_n.jpg?tp=1&_nc_ht=scontent-hel3-1.cdninstagram.com&_nc_cat=109&_nc_ohc=eWrL-EfSKfkAX8ca0JC&ccb=7-4&oh=0f0db7a543a46bb4c21013a2c859974b&oe=608B0875&_nc_sid=4efc9f&ig_cache_key=MjU0MDc3MjI0NzI4Mzc1NDY5OA%3D%3D.2-ccb7-4']"
"['https://scontent-hel3-1.cdninstagram.com/v/t51.2885-15/e35/c0.180.1440.1440a/s150x150/166055272_896558987868374_8116246216393956086_n.jpg?tp=1&_nc_ht=scontent-hel3-1.cdninstagram.com&_nc_cat=102&_nc_ohc=m81SiHvQjPIAX8qa4f9&ccb=7-4&oh=b4c310538d62de1c081c665f0a407a0e&oe=608DFCE3&_nc_sid=4efc9f&ig_cache_key=MjU0MDcyOTI5MzQ1MTEzNDU1MA%3D%3D.2.c-ccb7-4', 'https://scontent-hel3-1.cdninstagram.com/v/t51.2885-15/e35/c0.180.1440.1440a/s240x240/166055272_896558987868374_8116246216393956086_n.jpg?tp=1&_nc_ht=scontent-hel3-1.cdninstagram.com&_nc_cat=102&_nc_ohc=m81SiHvQjPIAX8qa4f9&ccb=7-4&oh=9f9387a7a4095d80a684522b2ffd5eeb&oe=608BEFE5&_nc_sid=4efc9f&ig_cache_key=MjU0MDcyOTI5MzQ1MTEzNDU1MA%3D%3D.2.c-ccb7-4', 'https://scontent-hel3-1.cdninstagram.com/v/t51.2885-15/e35/c0.180.1440.1440a/s320x320/166055272_896558987868374_8116246216393956086_n.jpg?tp=1&_nc_ht=scontent-hel3-1.cdninstagram.com&_nc_cat=102&_nc_ohc=m81SiHvQjPIAX8qa4f9&ccb=7-4&oh=0bc932db8ea7183c2f2da02ee54f1d9c&oe=608C041B&_nc_sid=4efc9f&ig_cache_key=MjU0MDcyOTI5MzQ1MTEzNDU1MA%3D%3D.2.c-ccb7-4', 'https://scontent-hel3-1.cdninstagram.com/v/t51.2885-15/e35/c0.180.1440.1440a/s480x480/166055272_896558987868374_8116246216393956086_n.jpg?tp=1&_nc_ht=scontent-hel3-1.cdninstagram.com&_nc_cat=102&_nc_ohc=m81SiHvQjPIAX8qa4f9&ccb=7-4&oh=6ca7106ef2a205fbc02b392368d30fef&oe=608C915E&_nc_sid=4efc9f&ig_cache_key=MjU0MDcyOTI5MzQ1MTEzNDU1MA%3D%3D.2.c-ccb7-4', 'https://scontent-hel3-1.cdninstagram.com/v/t51.2885-15/sh0.08/e35/c0.180.1440.1440a/s640x640/166055272_896558987868374_8116246216393956086_n.jpg?tp=1&_nc_ht=scontent-hel3-1.cdninstagram.com&_nc_cat=102&_nc_ohc=m81SiHvQjPIAX8qa4f9&ccb=7-4&oh=a9f1a4a6dee69adb5c32a7be753d6c37&oe=608DF753&_nc_sid=4efc9f&ig_cache_key=MjU0MDcyOTI5MzQ1MTEzNDU1MA%3D%3D.2.c-ccb7-4']"
"['https://scontent-hel3-1.cdninstagram.com/v/t51.2885-15/e35/s150x150/167164811_462298504918407_4933475586890359574_n.jpg?tp=1&_nc_ht=scontent-hel3-1.cdninstagram.com&_nc_cat=103&_nc_ohc=iomc7ETQ9uQAX--IqKX&ccb=7-4&oh=534bc11943e5953657389917a5741175&oe=608BFDA3&_nc_sid=4efc9f&ig_cache_key=MjU0MDcyMjQ1MDIyNjUyNjg0Nw%3D%3D.2-ccb7-4', 'https://scontent-hel3-1.cdninstagram.com/v/t51.2885-15/e35/s240x240/167164811_462298504918407_4933475586890359574_n.jpg?tp=1&_nc_ht=scontent-hel3-1.cdninstagram.com&_nc_cat=103&_nc_ohc=iomc7ETQ9uQAX--IqKX&ccb=7-4&oh=df31a96c96bf17869ffa09094b2e61d8&oe=608B6F25&_nc_sid=4efc9f&ig_cache_key=MjU0MDcyMjQ1MDIyNjUyNjg0Nw%3D%3D.2-ccb7-4', 'https://scontent-hel3-1.cdninstagram.com/v/t51.2885-15/e35/s320x320/167164811_462298504918407_4933475586890359574_n.jpg?tp=1&_nc_ht=scontent-hel3-1.cdninstagram.com&_nc_cat=103&_nc_ohc=iomc7ETQ9uQAX--IqKX&ccb=7-4&oh=4748e5aff2a8c8fad3213730129b83fb&oe=608E47DB&_nc_sid=4efc9f&ig_cache_key=MjU0MDcyMjQ1MDIyNjUyNjg0Nw%3D%3D.2-ccb7-4', 'https://scontent-hel3-1.cdninstagram.com/v/t51.2885-15/e35/s480x480/167164811_462298504918407_4933475586890359574_n.jpg?tp=1&_nc_ht=scontent-hel3-1.cdninstagram.com&_nc_cat=103&_nc_ohc=iomc7ETQ9uQAX--IqKX&ccb=7-4&oh=31f247b2bfbcf157f698498a61a97e19&oe=608E0A1E&_nc_sid=4efc9f&ig_cache_key=MjU0MDcyMjQ1MDIyNjUyNjg0Nw%3D%3D.2-ccb7-4', 'https://scontent-hel3-1.cdninstagram.com/v/t51.2885-15/sh0.08/e35/s640x640/167164811_462298504918407_4933475586890359574_n.jpg?tp=1&_nc_ht=scontent-hel3-1.cdninstagram.com&_nc_cat=103&_nc_ohc=iomc7ETQ9uQAX--IqKX&ccb=7-4&oh=19d39e2e7601bf1f45bf94b5b49206b1&oe=608E5A28&_nc_sid=4efc9f&ig_cache_key=MjU0MDcyMjQ1MDIyNjUyNjg0Nw%3D%3D.2-ccb7-4']"
"['https://scontent-hel3-1.cdninstagram.com/v/t51.2885-15/e35/c0.180.1440.1440a/s150x150/163643433_196977672190967_1597076263723064157_n.jpg?tp=1&_nc_ht=scontent-hel3-1.cdninstagram.com&_nc_cat=111&_nc_ohc=UJzDxlrIjA0AX_IcYb3&ccb=7-4&oh=f4e585bc26f6b6e5f2af200c2513b7fc&oe=608BF281&_nc_sid=4efc9f&ig_cache_key=MjU0MDY4MDkzODk3Mzk3ODg4Mw%3D%3D.2.c-ccb7-4', 'https://scontent-hel3-1.cdninstagram.com/v/t51.2885-15/e35/c0.180.1440.1440a/s240x240/163643433_196977672190967_1597076263723064157_n.jpg?tp=1&_nc_ht=scontent-hel3-1.cdninstagram.com&_nc_cat=111&_nc_ohc=UJzDxlrIjA0AX_IcYb3&ccb=7-4&oh=8aa6b0b33f90499260b337f1b5d50d91&oe=608B5907&_nc_sid=4efc9f&ig_cache_key=MjU0MDY4MDkzODk3Mzk3ODg4Mw%3D%3D.2.c-ccb7-4', 'https://scontent-hel3-1.cdninstagram.com/v/t51.2885-15/e35/c0.180.1440.1440a/s320x320/163643433_196977672190967_1597076263723064157_n.jpg?tp=1&_nc_ht=scontent-hel3-1.cdninstagram.com&_nc_cat=111&_nc_ohc=UJzDxlrIjA0AX_IcYb3&ccb=7-4&oh=bfc0431a3cb6ad16e73047384fba7c71&oe=608E6A79&_nc_sid=4efc9f&ig_cache_key=MjU0MDY4MDkzODk3Mzk3ODg4Mw%3D%3D.2.c-ccb7-4', 'https://scontent-hel3-1.cdninstagram.com/v/t51.2885-15/e35/c0.180.1440.1440a/s480x480/163643433_196977672190967_1597076263723064157_n.jpg?tp=1&_nc_ht=scontent-hel3-1.cdninstagram.com&_nc_cat=111&_nc_ohc=UJzDxlrIjA0AX_IcYb3&ccb=7-4&oh=6030755e9085b62e7ac7ab84048ee263&oe=608D81C0&_nc_sid=4efc9f&ig_cache_key=MjU0MDY4MDkzODk3Mzk3ODg4Mw%3D%3D.2.c-ccb7-4', 'https://scontent-hel3-1.cdninstagram.com/v/t51.2885-15/sh0.08/e35/c0.180.1440.1440a/s640x640/163643433_196977672190967_1597076263723064157_n.jpg?tp=1&_nc_ht=scontent-hel3-1.cdninstagram.com&_nc_cat=111&_nc_ohc=UJzDxlrIjA0AX_IcYb3&ccb=7-4&oh=7ff87c6de8b785220046799f727309f6&oe=608E7A31&_nc_sid=4efc9f&ig_cache_key=MjU0MDY4MDkzODk3Mzk3ODg4Mw%3D%3D.2.c-ccb7-4']"
"['https://scontent-hel3-1.cdninstagram.com/v/t51.2885-15/e35/s150x150/166304571_802641520686024_3970797397768090797_n.jpg?tp=1&_nc_ht=scontent-hel3-1.cdninstagram.com&_nc_cat=100&_nc_ohc=MVsVHDZQy2EAX_nWc2y&ccb=7-4&oh=e49fd7f56374ae358171c146e61be932&oe=608C685D&_nc_sid=4efc9f&ig_cache_key=MjU0MDYwOTU3Nzc3MTIzNjA4OA%3D%3D.2-ccb7-4', 'https://scontent-hel3-1.cdninstagram.com/v/t51.2885-15/e35/s240x240/166304571_802641520686024_3970797397768090797_n.jpg?tp=1&_nc_ht=scontent-hel3-1.cdninstagram.com&_nc_cat=100&_nc_ohc=MVsVHDZQy2EAX_nWc2y&ccb=7-4&oh=b295ece779f1f905564bd723359ef505&oe=608CA55B&_nc_sid=4efc9f&ig_cache_key=MjU0MDYwOTU3Nzc3MTIzNjA4OA%3D%3D.2-ccb7-4', 'https://scontent-hel3-1.cdninstagram.com/v/t51.2885-15/e35/s320x320/166304571_802641520686024_3970797397768090797_n.jpg?tp=1&_nc_ht=scontent-hel3-1.cdninstagram.com&_nc_cat=100&_nc_ohc=MVsVHDZQy2EAX_nWc2y&ccb=7-4&oh=76ad1bb825eb8af8c3a717619d537fea&oe=608D5BA5&_nc_sid=4efc9f&ig_cache_key=MjU0MDYwOTU3Nzc3MTIzNjA4OA%3D%3D.2-ccb7-4', 'https://scontent-hel3-1.cdninstagram.com/v/t51.2885-15/e35/s480x480/166304571_802641520686024_3970797397768090797_n.jpg?tp=1&_nc_ht=scontent-hel3-1.cdninstagram.com&_nc_cat=100&_nc_ohc=MVsVHDZQy2EAX_nWc2y&ccb=7-4&oh=00b246125e39f801b148ea287fc7aae8&oe=608AFFE4&_nc_sid=4efc9f&ig_cache_key=MjU0MDYwOTU3Nzc3MTIzNjA4OA%3D%3D.2-ccb7-4', 'https://scontent-hel3-1.cdninstagram.com/v/t51.2885-15/sh0.08/e35/s640x640/166304571_802641520686024_3970797397768090797_n.jpg?tp=1&_nc_ht=scontent-hel3-1.cdninstagram.com&_nc_cat=100&_nc_ohc=MVsVHDZQy2EAX_nWc2y&ccb=7-4&oh=b4b95d28bfcec7904a1abd11a2ab7e25&oe=608E245A&_nc_sid=4efc9f&ig_cache_key=MjU0MDYwOTU3Nzc3MTIzNjA4OA%3D%3D.2-ccb7-4']"
"['https://scontent-hel3-1.cdninstagram.com/v/t51.2885-15/e35/s150x150/166756366_493780098308016_269347774377106932_n.jpg?tp=1&_nc_ht=scontent-hel3-1.cdninstagram.com&_nc_cat=100&_nc_ohc=Yh-PSRYjVh4AX-rAGRG&ccb=7-4&oh=146fcdcd2f0f80b9825b102d9651c55c&oe=608C4649&_nc_sid=4efc9f&ig_cache_key=MjU0MDUzNTg4MTE2ODc5MTQ4Nw%3D%3D.2-ccb7-4', 'https://scontent-hel3-1.cdninstagram.com/v/t51.2885-15/e35/s240x240/166756366_493780098308016_269347774377106932_n.jpg?tp=1&_nc_ht=scontent-hel3-1.cdninstagram.com&_nc_cat=100&_nc_ohc=Yh-PSRYjVh4AX-rAGRG&ccb=7-4&oh=feb897d222c4a70aabc9b6f91665dfcb&oe=608D1B83&_nc_sid=4efc9f&ig_cache_key=MjU0MDUzNTg4MTE2ODc5MTQ4Nw%3D%3D.2-ccb7-4', 'https://scontent-hel3-1.cdninstagram.com/v/t51.2885-15/e35/s320x320/166756366_493780098308016_269347774377106932_n.jpg?tp=1&_nc_ht=scontent-hel3-1.cdninstagram.com&_nc_cat=100&_nc_ohc=Yh-PSRYjVh4AX-rAGRG&ccb=7-4&oh=0346c375956f0fb3b0507471fbd5228c&oe=608B9439&_nc_sid=4efc9f&ig_cache_key=MjU0MDUzNTg4MTE2ODc5MTQ4Nw%3D%3D.2-ccb7-4', 'https://scontent-hel3-1.cdninstagram.com/v/t51.2885-15/e35/s480x480/166756366_493780098308016_269347774377106932_n.jpg?tp=1&_nc_ht=scontent-hel3-1.cdninstagram.com&_nc_cat=100&_nc_ohc=Yh-PSRYjVh4AX-rAGRG&ccb=7-4&oh=6cdd00569dc73626298c9c871ced1bda&oe=608B7DE3&_nc_sid=4efc9f&ig_cache_key=MjU0MDUzNTg4MTE2ODc5MTQ4Nw%3D%3D.2-ccb7-4', 'https://scontent-hel3-1.cdninstagram.com/v/t51.2885-15/sh0.08/e35/s640x640/166756366_493780098308016_269347774377106932_n.jpg?tp=1&_nc_ht=scontent-hel3-1.cdninstagram.com&_nc_cat=100&_nc_ohc=Yh-PSRYjVh4AX-rAGRG&ccb=7-4&oh=bb99916c6550c959a982ffca3149690e&oe=608AF5F0&_nc_sid=4efc9f&ig_cache_key=MjU0MDUzNTg4MTE2ODc5MTQ4Nw%3D%3D.2-ccb7-4']"
"['https://scontent-hel3-1.cdninstagram.com/v/t51.2885-15/e35/s150x150/166201623_757898108495084_6971376798935979942_n.jpg?tp=1&_nc_ht=scontent-hel3-1.cdninstagram.com&_nc_cat=108&_nc_ohc=9NqCBEczwEkAX8GONfK&ccb=7-4&oh=21bc1756324f149a11325c8e64dce6b1&oe=608CC41E&_nc_sid=4efc9f&ig_cache_key=MjU0MDUxMzg3NjY5OTkyNDc5MA%3D%3D.2-ccb7-4', 'https://scontent-hel3-1.cdninstagram.com/v/t51.2885-15/e35/s240x240/166201623_757898108495084_6971376798935979942_n.jpg?tp=1&_nc_ht=scontent-hel3-1.cdninstagram.com&_nc_cat=108&_nc_ohc=9NqCBEczwEkAX8GONfK&ccb=7-4&oh=f27e184c65e5d376afba7db29995197a&oe=608BA59C&_nc_sid=4efc9f&ig_cache_key=MjU0MDUxMzg3NjY5OTkyNDc5MA%3D%3D.2-ccb7-4', 'https://scontent-hel3-1.cdninstagram.com/v/t51.2885-15/e35/s320x320/166201623_757898108495084_6971376798935979942_n.jpg?tp=1&_nc_ht=scontent-hel3-1.cdninstagram.com&_nc_cat=108&_nc_ohc=9NqCBEczwEkAX8GONfK&ccb=7-4&oh=e0ae602f160de93460a6c28fbdc81a4d&oe=608EA3E6&_nc_sid=4efc9f&ig_cache_key=MjU0MDUxMzg3NjY5OTkyNDc5MA%3D%3D.2-ccb7-4', 'https://scontent-hel3-1.cdninstagram.com/v/t51.2885-15/e35/s480x480/166201623_757898108495084_6971376798935979942_n.jpg?tp=1&_nc_ht=scontent-hel3-1.cdninstagram.com&_nc_cat=108&_nc_ohc=9NqCBEczwEkAX8GONfK&ccb=7-4&oh=ed525e048f77a7aacab5d426d1a837c0&oe=608D8F23&_nc_sid=4efc9f&ig_cache_key=MjU0MDUxMzg3NjY5OTkyNDc5MA%3D%3D.2-ccb7-4', 'https://scontent-hel3-1.cdninstagram.com/v/t51.2885-15/sh0.08/e35/s640x640/166201623_757898108495084_6971376798935979942_n.jpg?tp=1&_nc_ht=scontent-hel3-1.cdninstagram.com&_nc_cat=108&_nc_ohc=9NqCBEczwEkAX8GONfK&ccb=7-4&oh=82a4910646424fbbc35a2009b586401c&oe=608E9399&_nc_sid=4efc9f&ig_cache_key=MjU0MDUxMzg3NjY5OTkyNDc5MA%3D%3D.2-ccb7-4']"
"['https://scontent-hel3-1.cdninstagram.com/v/t51.2885-15/e15/s150x150/166472057_3750665995024056_2598801584813569415_n.jpg?tp=1&_nc_ht=scontent-hel3-1.cdninstagram.com&_nc_cat=100&_nc_ohc=LRPnyC0JRlsAX-Onm8e&ccb=7-4&oh=06bc9734a5541237aa7a7e12082ad3c0&oe=608DD411&_nc_sid=4efc9f&ig_cache_key=MjU0MDQyNjEwMjc1ODY2ODAzMQ%3D%3D.2-ccb7-4', 'https://scontent-hel3-1.cdninstagram.com/v/t51.2885-15/e15/s240x240/166472057_3750665995024056_2598801584813569415_n.jpg?tp=1&_nc_ht=scontent-hel3-1.cdninstagram.com&_nc_cat=100&_nc_ohc=LRPnyC0JRlsAX-Onm8e&ccb=7-4&oh=fa75dbafd3478741b06ad4e2bed17860&oe=608AFBD9&_nc_sid=4efc9f&ig_cache_key=MjU0MDQyNjEwMjc1ODY2ODAzMQ%3D%3D.2-ccb7-4', 'https://scontent-hel3-1.cdninstagram.com/v/t51.2885-15/e15/s320x320/166472057_3750665995024056_2598801584813569415_n.jpg?tp=1&_nc_ht=scontent-hel3-1.cdninstagram.com&_nc_cat=100&_nc_ohc=LRPnyC0JRlsAX-Onm8e&ccb=7-4&oh=85bf709a7e712df40f67ec344d26aad7&oe=608E2788&_nc_sid=4efc9f&ig_cache_key=MjU0MDQyNjEwMjc1ODY2ODAzMQ%3D%3D.2-ccb7-4', 'https://scontent-hel3-1.cdninstagram.com/v/t51.2885-15/e15/s480x480/166472057_3750665995024056_2598801584813569415_n.jpg?tp=1&_nc_ht=scontent-hel3-1.cdninstagram.com&_nc_cat=100&_nc_ohc=LRPnyC0JRlsAX-Onm8e&ccb=7-4&oh=d1a0cc0693ecb7bb1c01cb5fc50b5f09&oe=608D4BC6&_nc_sid=4efc9f&ig_cache_key=MjU0MDQyNjEwMjc1ODY2ODAzMQ%3D%3D.2-ccb7-4', 'https://scontent-hel3-1.cdninstagram.com/v/t51.2885-15/e15/166472057_3750665995024056_2598801584813569415_n.jpg?tp=1&_nc_ht=scontent-hel3-1.cdninstagram.com&_nc_cat=100&_nc_ohc=LRPnyC0JRlsAX-Onm8e&ccb=7-4&oh=9f55afd6b1e34c622af7b709c04300f0&oe=608B0EB8&_nc_sid=4efc9f&ig_cache_key=MjU0MDQyNjEwMjc1ODY2ODAzMQ%3D%3D.2-ccb7-4']"
