Heshtag,colorfulmakeuplook
"['https://scontent-hel3-1.cdninstagram.com/v/t51.2885-15/e15/s150x150/167380458_913696599379219_4085318072099736781_n.jpg?tp=1&_nc_ht=scontent-hel3-1.cdninstagram.com&_nc_cat=107&_nc_ohc=Sjk6kDDbDikAX_49pIX&ccb=7-4&oh=ebced56e187224e59909e8bbd366bf9a&oe=608CB8FC&_nc_sid=4efc9f&ig_cache_key=MjU0MDgxODYyMTU1NTg3MDUzMQ%3D%3D.2-ccb7-4', 'https://scontent-hel3-1.cdninstagram.com/v/t51.2885-15/e15/s240x240/167380458_913696599379219_4085318072099736781_n.jpg?tp=1&_nc_ht=scontent-hel3-1.cdninstagram.com&_nc_cat=107&_nc_ohc=Sjk6kDDbDikAX_49pIX&ccb=7-4&oh=eefe0f927595276c8a629d2d5d708630&oe=608CA8FE&_nc_sid=4efc9f&ig_cache_key=MjU0MDgxODYyMTU1NTg3MDUzMQ%3D%3D.2-ccb7-4', 'https://scontent-hel3-1.cdninstagram.com/v/t51.2885-15/e15/s320x320/167380458_913696599379219_4085318072099736781_n.jpg?tp=1&_nc_ht=scontent-hel3-1.cdninstagram.com&_nc_cat=107&_nc_ohc=Sjk6kDDbDikAX_49pIX&ccb=7-4&oh=fd6d7c075d961cc344ba2202c0d5b159&oe=608D6A04&_nc_sid=4efc9f&ig_cache_key=MjU0MDgxODYyMTU1NTg3MDUzMQ%3D%3D.2-ccb7-4', 'https://scontent-hel3-1.cdninstagram.com/v/t51.2885-15/e15/s480x480/167380458_913696599379219_4085318072099736781_n.jpg?tp=1&_nc_ht=scontent-hel3-1.cdninstagram.com&_nc_cat=107&_nc_ohc=Sjk6kDDbDikAX_49pIX&ccb=7-4&oh=e8d38aece878736e24e9126f6e334ebe&oe=608C95C5&_nc_sid=4efc9f&ig_cache_key=MjU0MDgxODYyMTU1NTg3MDUzMQ%3D%3D.2-ccb7-4', 'https://scontent-hel3-1.cdninstagram.com/v/t51.2885-15/sh0.08/e35/s640x640/167380458_913696599379219_4085318072099736781_n.jpg?tp=1&_nc_ht=scontent-hel3-1.cdninstagram.com&_nc_cat=107&_nc_ohc=Sjk6kDDbDikAX_49pIX&ccb=7-4&oh=2880baa33d1ad890da72b1ba7bbeb83b&oe=608E2447&_nc_sid=4efc9f&ig_cache_key=MjU0MDgxODYyMTU1NTg3MDUzMQ%3D%3D.2-ccb7-4']"
"['https://scontent-hel3-1.cdninstagram.com/v/t51.2885-15/e35/s150x150/166757600_442153433749425_6711162822789250553_n.jpg?tp=1&_nc_ht=scontent-hel3-1.cdninstagram.com&_nc_cat=109&_nc_ohc=gxcAhVZPP34AX_wuMuJ&ccb=7-4&oh=92fc9465604c00a36fc79c4ee4aa8038&oe=608ADC5A&_nc_sid=4efc9f&ig_cache_key=MjU0MDczNzY1OTQ3NTg2NzIzOA%3D%3D.2-ccb7-4', 'https://scontent-hel3-1.cdninstagram.com/v/t51.2885-15/e35/s240x240/166757600_442153433749425_6711162822789250553_n.jpg?tp=1&_nc_ht=scontent-hel3-1.cdninstagram.com&_nc_cat=109&_nc_ohc=gxcAhVZPP34AX_wuMuJ&ccb=7-4&oh=30858f630ae17b5040d315f2d539e54a&oe=608E6260&_nc_sid=4efc9f&ig_cache_key=MjU0MDczNzY1OTQ3NTg2NzIzOA%3D%3D.2-ccb7-4', 'https://scontent-hel3-1.cdninstagram.com/v/t51.2885-15/e35/s320x320/166757600_442153433749425_6711162822789250553_n.jpg?tp=1&_nc_ht=scontent-hel3-1.cdninstagram.com&_nc_cat=109&_nc_ohc=gxcAhVZPP34AX_wuMuJ&ccb=7-4&oh=cedb5b3dd88f012902424569b6ee6eb2&oe=608CA122&_nc_sid=4efc9f&ig_cache_key=MjU0MDczNzY1OTQ3NTg2NzIzOA%3D%3D.2-ccb7-4', 'https://scontent-hel3-1.cdninstagram.com/v/t51.2885-15/e35/s480x480/166757600_442153433749425_6711162822789250553_n.jpg?tp=1&_nc_ht=scontent-hel3-1.cdninstagram.com&_nc_cat=109&_nc_ohc=gxcAhVZPP34AX_wuMuJ&ccb=7-4&oh=75f7a6335090f4edf19987bbd034785a&oe=608B47E7&_nc_sid=4efc9f&ig_cache_key=MjU0MDczNzY1OTQ3NTg2NzIzOA%3D%3D.2-ccb7-4', 'https://scontent-hel3-1.cdninstagram.com/v/t51.2885-15/sh0.08/e35/s640x640/166757600_442153433749425_6711162822789250553_n.jpg?tp=1&_nc_ht=scontent-hel3-1.cdninstagram.com&_nc_cat=109&_nc_ohc=gxcAhVZPP34AX_wuMuJ&ccb=7-4&oh=94ec3fa8cef360cc6d22880a42bc47d2&oe=608D1A5D&_nc_sid=4efc9f&ig_cache_key=MjU0MDczNzY1OTQ3NTg2NzIzOA%3D%3D.2-ccb7-4']"
"['https://scontent-hel3-1.cdninstagram.com/v/t51.2885-15/e35/c0.141.1440.1440a/s150x150/166556511_115157737272404_2419059268944695403_n.jpg?tp=1&_nc_ht=scontent-hel3-1.cdninstagram.com&_nc_cat=108&_nc_ohc=NQTrfz-X9PsAX_cGpQY&ccb=7-4&oh=813dd29d3ddc915d184c2d2e65d7fd6e&oe=608EA38F&_nc_sid=4efc9f&ig_cache_key=MjU0MDcyMDc0ODIyNjcwMTk0NQ%3D%3D.2.c-ccb7-4', 'https://scontent-hel3-1.cdninstagram.com/v/t51.2885-15/e35/c0.141.1440.1440a/s240x240/166556511_115157737272404_2419059268944695403_n.jpg?tp=1&_nc_ht=scontent-hel3-1.cdninstagram.com&_nc_cat=108&_nc_ohc=NQTrfz-X9PsAX_cGpQY&ccb=7-4&oh=753be8ffa38329b73f19e835d538cf39&oe=608E0D09&_nc_sid=4efc9f&ig_cache_key=MjU0MDcyMDc0ODIyNjcwMTk0NQ%3D%3D.2.c-ccb7-4', 'https://scontent-hel3-1.cdninstagram.com/v/t51.2885-15/e35/c0.141.1440.1440a/s320x320/166556511_115157737272404_2419059268944695403_n.jpg?tp=1&_nc_ht=scontent-hel3-1.cdninstagram.com&_nc_cat=108&_nc_ohc=NQTrfz-X9PsAX_cGpQY&ccb=7-4&oh=0b8a88119bbcd68933663dcc2a848489&oe=608E9277&_nc_sid=4efc9f&ig_cache_key=MjU0MDcyMDc0ODIyNjcwMTk0NQ%3D%3D.2.c-ccb7-4', 'https://scontent-hel3-1.cdninstagram.com/v/t51.2885-15/e35/c0.141.1440.1440a/s480x480/166556511_115157737272404_2419059268944695403_n.jpg?tp=1&_nc_ht=scontent-hel3-1.cdninstagram.com&_nc_cat=108&_nc_ohc=NQTrfz-X9PsAX_cGpQY&ccb=7-4&oh=5e16110b27ee00f826f54a369807cc05&oe=608C6FB2&_nc_sid=4efc9f&ig_cache_key=MjU0MDcyMDc0ODIyNjcwMTk0NQ%3D%3D.2.c-ccb7-4', 'https://scontent-hel3-1.cdninstagram.com/v/t51.2885-15/sh0.08/e35/c0.141.1440.1440a/s640x640/166556511_115157737272404_2419059268944695403_n.jpg?tp=1&_nc_ht=scontent-hel3-1.cdninstagram.com&_nc_cat=108&_nc_ohc=NQTrfz-X9PsAX_cGpQY&ccb=7-4&oh=2f37389143a7a395ba80db0189b984d3&oe=608D5ABF&_nc_sid=4efc9f&ig_cache_key=MjU0MDcyMDc0ODIyNjcwMTk0NQ%3D%3D.2.c-ccb7-4']"
"['https://scontent-hel3-1.cdninstagram.com/v/t51.2885-15/e35/c0.126.1440.1440a/s150x150/166140817_281144400214786_3439039558808682799_n.jpg?tp=1&_nc_ht=scontent-hel3-1.cdninstagram.com&_nc_cat=110&_nc_ohc=PgpLjk9ZKAMAX9MoZ8l&ccb=7-4&oh=23c4973e9e7ef90ced7ec32bd98b5f57&oe=608CEE15&_nc_sid=4efc9f&ig_cache_key=MjU0MDU3NzI0NTA0NzcyMTMzOA%3D%3D.2.c-ccb7-4', 'https://scontent-hel3-1.cdninstagram.com/v/t51.2885-15/e35/c0.126.1440.1440a/s240x240/166140817_281144400214786_3439039558808682799_n.jpg?tp=1&_nc_ht=scontent-hel3-1.cdninstagram.com&_nc_cat=110&_nc_ohc=PgpLjk9ZKAMAX9MoZ8l&ccb=7-4&oh=bfccd561c7e379a9ad48ea8b8e73f4ee&oe=608D1993&_nc_sid=4efc9f&ig_cache_key=MjU0MDU3NzI0NTA0NzcyMTMzOA%3D%3D.2.c-ccb7-4', 'https://scontent-hel3-1.cdninstagram.com/v/t51.2885-15/e35/c0.126.1440.1440a/s320x320/166140817_281144400214786_3439039558808682799_n.jpg?tp=1&_nc_ht=scontent-hel3-1.cdninstagram.com&_nc_cat=110&_nc_ohc=PgpLjk9ZKAMAX9MoZ8l&ccb=7-4&oh=38d7fb7cfc234d7e1d7516755f6570ff&oe=608C90ED&_nc_sid=4efc9f&ig_cache_key=MjU0MDU3NzI0NTA0NzcyMTMzOA%3D%3D.2.c-ccb7-4', 'https://scontent-hel3-1.cdninstagram.com/v/t51.2885-15/e35/c0.126.1440.1440a/s480x480/166140817_281144400214786_3439039558808682799_n.jpg?tp=1&_nc_ht=scontent-hel3-1.cdninstagram.com&_nc_cat=110&_nc_ohc=PgpLjk9ZKAMAX9MoZ8l&ccb=7-4&oh=1eb86452451f2723656101fd27ab071e&oe=608BE6AC&_nc_sid=4efc9f&ig_cache_key=MjU0MDU3NzI0NTA0NzcyMTMzOA%3D%3D.2.c-ccb7-4', 'https://scontent-hel3-1.cdninstagram.com/v/t51.2885-15/sh0.08/e35/c0.126.1440.1440a/s640x640/166140817_281144400214786_3439039558808682799_n.jpg?tp=1&_nc_ht=scontent-hel3-1.cdninstagram.com&_nc_cat=110&_nc_ohc=PgpLjk9ZKAMAX9MoZ8l&ccb=7-4&oh=bfe249dddba1d64b20ac2b5812a98dac&oe=608CE4A5&_nc_sid=4efc9f&ig_cache_key=MjU0MDU3NzI0NTA0NzcyMTMzOA%3D%3D.2.c-ccb7-4']"
"['https://scontent-hel3-1.cdninstagram.com/v/t51.2885-15/e35/s150x150/165941373_1078566712627695_3704730286428220113_n.jpg?tp=1&_nc_ht=scontent-hel3-1.cdninstagram.com&_nc_cat=103&_nc_ohc=_TrYbMti5UQAX8aI4aE&ccb=7-4&oh=7cb8b77dd1ac9e7f408311b8ef374ad8&oe=6065AEBA&_nc_sid=4efc9f', 'https://scontent-hel3-1.cdninstagram.com/v/t51.2885-15/e35/s240x240/165941373_1078566712627695_3704730286428220113_n.jpg?tp=1&_nc_ht=scontent-hel3-1.cdninstagram.com&_nc_cat=103&_nc_ohc=_TrYbMti5UQAX8aI4aE&ccb=7-4&oh=6f2771ac366a4c7eeb49aa4143127575&oe=60655AF2&_nc_sid=4efc9f', 'https://scontent-hel3-1.cdninstagram.com/v/t51.2885-15/e35/s320x320/165941373_1078566712627695_3704730286428220113_n.jpg?tp=1&_nc_ht=scontent-hel3-1.cdninstagram.com&_nc_cat=103&_nc_ohc=_TrYbMti5UQAX8aI4aE&ccb=7-4&oh=5b421180eed9d704a4b135e2c17b5535&oe=60657E2F&_nc_sid=4efc9f', 'https://scontent-hel3-1.cdninstagram.com/v/t51.2885-15/e35/s480x480/165941373_1078566712627695_3704730286428220113_n.jpg?tp=1&_nc_ht=scontent-hel3-1.cdninstagram.com&_nc_cat=103&_nc_ohc=_TrYbMti5UQAX8aI4aE&ccb=7-4&oh=25b5ec3d8faefd90b735dbc776db3cff&oe=6065892D&_nc_sid=4efc9f', 'https://scontent-hel3-1.cdninstagram.com/v/t51.2885-15/sh0.08/e35/s640x640/165941373_1078566712627695_3704730286428220113_n.jpg?tp=1&_nc_ht=scontent-hel3-1.cdninstagram.com&_nc_cat=103&_nc_ohc=_TrYbMti5UQAX8aI4aE&ccb=7-4&oh=279e6adcee349684cdae49636767f07d&oe=60658ECD&_nc_sid=4efc9f']"
"['https://scontent-hel3-1.cdninstagram.com/v/t51.2885-15/e35/c0.175.1406.1406a/s150x150/166574849_4068456179841714_4357748216034976727_n.jpg?tp=1&_nc_ht=scontent-hel3-1.cdninstagram.com&_nc_cat=106&_nc_ohc=qHvDgwghgt4AX-EDyrA&ccb=7-4&oh=2141e8119a3accecbef4d231028ee235&oe=608D5755&_nc_sid=4efc9f&ig_cache_key=MjU0MDU0NDEzOTEyMjc3NjgwOA%3D%3D.2.c-ccb7-4', 'https://scontent-hel3-1.cdninstagram.com/v/t51.2885-15/e35/c0.175.1406.1406a/s240x240/166574849_4068456179841714_4357748216034976727_n.jpg?tp=1&_nc_ht=scontent-hel3-1.cdninstagram.com&_nc_cat=106&_nc_ohc=qHvDgwghgt4AX-EDyrA&ccb=7-4&oh=d3186cbc55deb84fd19844193c18bb5f&oe=608AE51D&_nc_sid=4efc9f&ig_cache_key=MjU0MDU0NDEzOTEyMjc3NjgwOA%3D%3D.2.c-ccb7-4', 'https://scontent-hel3-1.cdninstagram.com/v/t51.2885-15/e35/c0.175.1406.1406a/s320x320/166574849_4068456179841714_4357748216034976727_n.jpg?tp=1&_nc_ht=scontent-hel3-1.cdninstagram.com&_nc_cat=106&_nc_ohc=qHvDgwghgt4AX-EDyrA&ccb=7-4&oh=546b711fb8fe44f33456c11e7db430d0&oe=608B9CC4&_nc_sid=4efc9f&ig_cache_key=MjU0MDU0NDEzOTEyMjc3NjgwOA%3D%3D.2.c-ccb7-4', 'https://scontent-hel3-1.cdninstagram.com/v/t51.2885-15/e35/c0.175.1406.1406a/s480x480/166574849_4068456179841714_4357748216034976727_n.jpg?tp=1&_nc_ht=scontent-hel3-1.cdninstagram.com&_nc_cat=106&_nc_ohc=qHvDgwghgt4AX-EDyrA&ccb=7-4&oh=6453276325adbeabc7480505bf442cef&oe=608C6982&_nc_sid=4efc9f&ig_cache_key=MjU0MDU0NDEzOTEyMjc3NjgwOA%3D%3D.2.c-ccb7-4', 'https://scontent-hel3-1.cdninstagram.com/v/t51.2885-15/sh0.08/e35/c0.175.1406.1406a/s640x640/166574849_4068456179841714_4357748216034976727_n.jpg?tp=1&_nc_ht=scontent-hel3-1.cdninstagram.com&_nc_cat=106&_nc_ohc=qHvDgwghgt4AX-EDyrA&ccb=7-4&oh=744149c616b8676125f635d64aa04eaa&oe=608EA23C&_nc_sid=4efc9f&ig_cache_key=MjU0MDU0NDEzOTEyMjc3NjgwOA%3D%3D.2.c-ccb7-4']"
"['https://scontent-hel3-1.cdninstagram.com/v/t51.2885-15/e35/s150x150/166838926_505852663909453_6287147675744673342_n.jpg?tp=1&_nc_ht=scontent-hel3-1.cdninstagram.com&_nc_cat=101&_nc_ohc=BceBNPM07eUAX-HArN2&ccb=7-4&oh=da90eabd841d7da2ca02738b8dded985&oe=608DBD09&_nc_sid=4efc9f&ig_cache_key=MjU0MDUzMDU1Nzk5MTA2OTU1NQ%3D%3D.2-ccb7-4', 'https://scontent-hel3-1.cdninstagram.com/v/t51.2885-15/e35/s240x240/166838926_505852663909453_6287147675744673342_n.jpg?tp=1&_nc_ht=scontent-hel3-1.cdninstagram.com&_nc_cat=101&_nc_ohc=BceBNPM07eUAX-HArN2&ccb=7-4&oh=b861016ace4507d3324a280b779d5128&oe=608DF30F&_nc_sid=4efc9f&ig_cache_key=MjU0MDUzMDU1Nzk5MTA2OTU1NQ%3D%3D.2-ccb7-4', 'https://scontent-hel3-1.cdninstagram.com/v/t51.2885-15/e35/s320x320/166838926_505852663909453_6287147675744673342_n.jpg?tp=1&_nc_ht=scontent-hel3-1.cdninstagram.com&_nc_cat=101&_nc_ohc=BceBNPM07eUAX-HArN2&ccb=7-4&oh=485b4d3ab05f48a76a7009835ed341a9&oe=608C4E71&_nc_sid=4efc9f&ig_cache_key=MjU0MDUzMDU1Nzk5MTA2OTU1NQ%3D%3D.2-ccb7-4', 'https://scontent-hel3-1.cdninstagram.com/v/t51.2885-15/e35/s480x480/166838926_505852663909453_6287147675744673342_n.jpg?tp=1&_nc_ht=scontent-hel3-1.cdninstagram.com&_nc_cat=101&_nc_ohc=BceBNPM07eUAX-HArN2&ccb=7-4&oh=bf66cc1135bc70a22afddb780194e60f&oe=608DFE38&_nc_sid=4efc9f&ig_cache_key=MjU0MDUzMDU1Nzk5MTA2OTU1NQ%3D%3D.2-ccb7-4', 'https://scontent-hel3-1.cdninstagram.com/v/t51.2885-15/sh0.08/e35/s640x640/166838926_505852663909453_6287147675744673342_n.jpg?tp=1&_nc_ht=scontent-hel3-1.cdninstagram.com&_nc_cat=101&_nc_ohc=BceBNPM07eUAX-HArN2&ccb=7-4&oh=d0ecdb72a8d6feab1f8f3b08662a5853&oe=608ACC8E&_nc_sid=4efc9f&ig_cache_key=MjU0MDUzMDU1Nzk5MTA2OTU1NQ%3D%3D.2-ccb7-4']"
"['https://scontent-hel3-1.cdninstagram.com/v/t51.2885-15/e35/s150x150/165704259_3952450494814111_4591364733984332495_n.jpg?tp=1&_nc_ht=scontent-hel3-1.cdninstagram.com&_nc_cat=107&_nc_ohc=KnsWotH9Yc4AX_iuLIH&ccb=7-4&oh=9cabb036c5f7b4a633b375a3e439b20b&oe=608C1B5D&_nc_sid=4efc9f&ig_cache_key=MjU0MDQ5NjM3NTg0MDAyMjgyNA%3D%3D.2-ccb7-4', 'https://scontent-hel3-1.cdninstagram.com/v/t51.2885-15/e35/s240x240/165704259_3952450494814111_4591364733984332495_n.jpg?tp=1&_nc_ht=scontent-hel3-1.cdninstagram.com&_nc_cat=107&_nc_ohc=KnsWotH9Yc4AX_iuLIH&ccb=7-4&oh=802223209890fff8c60cbba704eae0df&oe=608CCC15&_nc_sid=4efc9f&ig_cache_key=MjU0MDQ5NjM3NTg0MDAyMjgyNA%3D%3D.2-ccb7-4', 'https://scontent-hel3-1.cdninstagram.com/v/t51.2885-15/e35/s320x320/165704259_3952450494814111_4591364733984332495_n.jpg?tp=1&_nc_ht=scontent-hel3-1.cdninstagram.com&_nc_cat=107&_nc_ohc=KnsWotH9Yc4AX_iuLIH&ccb=7-4&oh=ac806aa57e31f38d2f9c7365c4775f6b&oe=608E84CC&_nc_sid=4efc9f&ig_cache_key=MjU0MDQ5NjM3NTg0MDAyMjgyNA%3D%3D.2-ccb7-4', 'https://scontent-hel3-1.cdninstagram.com/v/t51.2885-15/e35/s480x480/165704259_3952450494814111_4591364733984332495_n.jpg?tp=1&_nc_ht=scontent-hel3-1.cdninstagram.com&_nc_cat=107&_nc_ohc=KnsWotH9Yc4AX_iuLIH&ccb=7-4&oh=fbe475db052eb4142e7e618c4c66c940&oe=608D898A&_nc_sid=4efc9f&ig_cache_key=MjU0MDQ5NjM3NTg0MDAyMjgyNA%3D%3D.2-ccb7-4', 'https://scontent-hel3-1.cdninstagram.com/v/t51.2885-15/sh0.08/e35/s640x640/165704259_3952450494814111_4591364733984332495_n.jpg?tp=1&_nc_ht=scontent-hel3-1.cdninstagram.com&_nc_cat=107&_nc_ohc=KnsWotH9Yc4AX_iuLIH&ccb=7-4&oh=c644312f1fee022d718615002c3350dc&oe=608ACAAA&_nc_sid=4efc9f&ig_cache_key=MjU0MDQ5NjM3NTg0MDAyMjgyNA%3D%3D.2-ccb7-4']"
"['https://scontent-hel3-1.cdninstagram.com/v/t51.2885-15/e35/c0.179.1440.1440a/s150x150/166109588_1029310277599474_2668465506400265107_n.jpg?tp=1&_nc_ht=scontent-hel3-1.cdninstagram.com&_nc_cat=110&_nc_ohc=CiC-6JHyqFkAX94M3ML&ccb=7-4&oh=16a522f364f5026738094ced83dfe85a&oe=608CA999&_nc_sid=4efc9f&ig_cache_key=MjU0MDQ3MjY0OTYzNjcxMTk2Mw%3D%3D.2.c-ccb7-4', 'https://scontent-hel3-1.cdninstagram.com/v/t51.2885-15/e35/c0.179.1440.1440a/s240x240/166109588_1029310277599474_2668465506400265107_n.jpg?tp=1&_nc_ht=scontent-hel3-1.cdninstagram.com&_nc_cat=110&_nc_ohc=CiC-6JHyqFkAX94M3ML&ccb=7-4&oh=4463b3d8407cc99f7483e9d877ad02fe&oe=608B99D1&_nc_sid=4efc9f&ig_cache_key=MjU0MDQ3MjY0OTYzNjcxMTk2Mw%3D%3D.2.c-ccb7-4', 'https://scontent-hel3-1.cdninstagram.com/v/t51.2885-15/e35/c0.179.1440.1440a/s320x320/166109588_1029310277599474_2668465506400265107_n.jpg?tp=1&_nc_ht=scontent-hel3-1.cdninstagram.com&_nc_cat=110&_nc_ohc=CiC-6JHyqFkAX94M3ML&ccb=7-4&oh=a15362a14e8f29f966b9a4b6dce35e17&oe=608E1690&_nc_sid=4efc9f&ig_cache_key=MjU0MDQ3MjY0OTYzNjcxMTk2Mw%3D%3D.2.c-ccb7-4', 'https://scontent-hel3-1.cdninstagram.com/v/t51.2885-15/e35/c0.179.1440.1440a/s480x480/166109588_1029310277599474_2668465506400265107_n.jpg?tp=1&_nc_ht=scontent-hel3-1.cdninstagram.com&_nc_cat=110&_nc_ohc=CiC-6JHyqFkAX94M3ML&ccb=7-4&oh=b6957f4ef85447ed06e2410c5b49591f&oe=608C82CE&_nc_sid=4efc9f&ig_cache_key=MjU0MDQ3MjY0OTYzNjcxMTk2Mw%3D%3D.2.c-ccb7-4', 'https://scontent-hel3-1.cdninstagram.com/v/t51.2885-15/sh0.08/e35/c0.179.1440.1440a/s640x640/166109588_1029310277599474_2668465506400265107_n.jpg?tp=1&_nc_ht=scontent-hel3-1.cdninstagram.com&_nc_cat=110&_nc_ohc=CiC-6JHyqFkAX94M3ML&ccb=7-4&oh=ca138844ce768875c131733409e8897c&oe=608BCEF8&_nc_sid=4efc9f&ig_cache_key=MjU0MDQ3MjY0OTYzNjcxMTk2Mw%3D%3D.2.c-ccb7-4']"
"['https://scontent-hel3-1.cdninstagram.com/v/t51.2885-15/e35/s150x150/166825462_459065938545807_1145426229607917326_n.jpg?tp=1&_nc_ht=scontent-hel3-1.cdninstagram.com&_nc_cat=103&_nc_ohc=4lsss2B2cikAX_WoAaP&ccb=7-4&oh=27ecf19a417d2303cd66d2258d05633d&oe=608AF0FB&_nc_sid=4efc9f&ig_cache_key=MjU0MDQzNTE0NzEyODc3MTI4NQ%3D%3D.2-ccb7-4', 'https://scontent-hel3-1.cdninstagram.com/v/t51.2885-15/e35/s240x240/166825462_459065938545807_1145426229607917326_n.jpg?tp=1&_nc_ht=scontent-hel3-1.cdninstagram.com&_nc_cat=103&_nc_ohc=4lsss2B2cikAX_WoAaP&ccb=7-4&oh=7c387f4e2c8c4b814c236d95327fcd61&oe=608B587D&_nc_sid=4efc9f&ig_cache_key=MjU0MDQzNTE0NzEyODc3MTI4NQ%3D%3D.2-ccb7-4', 'https://scontent-hel3-1.cdninstagram.com/v/t51.2885-15/e35/s320x320/166825462_459065938545807_1145426229607917326_n.jpg?tp=1&_nc_ht=scontent-hel3-1.cdninstagram.com&_nc_cat=103&_nc_ohc=4lsss2B2cikAX_WoAaP&ccb=7-4&oh=687295cc2b889ff46e47e0ddc127d086&oe=608AD283&_nc_sid=4efc9f&ig_cache_key=MjU0MDQzNTE0NzEyODc3MTI4NQ%3D%3D.2-ccb7-4', 'https://scontent-hel3-1.cdninstagram.com/v/t51.2885-15/e35/s480x480/166825462_459065938545807_1145426229607917326_n.jpg?tp=1&_nc_ht=scontent-hel3-1.cdninstagram.com&_nc_cat=103&_nc_ohc=4lsss2B2cikAX_WoAaP&ccb=7-4&oh=55f3013e8f946262caaae43ed398e7cc&oe=608C8AC6&_nc_sid=4efc9f&ig_cache_key=MjU0MDQzNTE0NzEyODc3MTI4NQ%3D%3D.2-ccb7-4', 'https://scontent-hel3-1.cdninstagram.com/v/t51.2885-15/sh0.08/e35/s640x640/166825462_459065938545807_1145426229607917326_n.jpg?tp=1&_nc_ht=scontent-hel3-1.cdninstagram.com&_nc_cat=103&_nc_ohc=4lsss2B2cikAX_WoAaP&ccb=7-4&oh=a3471501e98353117348b077ee94a005&oe=608B0500&_nc_sid=4efc9f&ig_cache_key=MjU0MDQzNTE0NzEyODc3MTI4NQ%3D%3D.2-ccb7-4']"
