Heshtag,creativeeyeshadow
"['https://scontent-hel3-1.cdninstagram.com/v/t51.2885-15/e35/c1.0.1438.1438a/s150x150/166785100_290285902502222_4963037760295514098_n.jpg?tp=1&_nc_ht=scontent-hel3-1.cdninstagram.com&_nc_cat=102&_nc_ohc=OLM_ppNiPFYAX-7sC5f&ccb=7-4&oh=71e63f20e4629f5e8f9888f319f5ac6d&oe=608BA52F&_nc_sid=4efc9f&ig_cache_key=MjU0MDgzMjQ4MDQyNzMxOTQ5OQ%3D%3D.2.c-ccb7-4', 'https://scontent-hel3-1.cdninstagram.com/v/t51.2885-15/e35/c1.0.1438.1438a/s240x240/166785100_290285902502222_4963037760295514098_n.jpg?tp=1&_nc_ht=scontent-hel3-1.cdninstagram.com&_nc_cat=102&_nc_ohc=OLM_ppNiPFYAX-7sC5f&ccb=7-4&oh=aa024663b86b81d6ab961f44f54b6f5d&oe=608D1A29&_nc_sid=4efc9f&ig_cache_key=MjU0MDgzMjQ4MDQyNzMxOTQ5OQ%3D%3D.2.c-ccb7-4', 'https://scontent-hel3-1.cdninstagram.com/v/t51.2885-15/e35/c1.0.1438.1438a/s320x320/166785100_290285902502222_4963037760295514098_n.jpg?tp=1&_nc_ht=scontent-hel3-1.cdninstagram.com&_nc_cat=102&_nc_ohc=OLM_ppNiPFYAX-7sC5f&ccb=7-4&oh=a9644a8e309e9b94adb63d9dbd8b034a&oe=608B2057&_nc_sid=4efc9f&ig_cache_key=MjU0MDgzMjQ4MDQyNzMxOTQ5OQ%3D%3D.2.c-ccb7-4', 'https://scontent-hel3-1.cdninstagram.com/v/t51.2885-15/e35/c1.0.1438.1438a/s480x480/166785100_290285902502222_4963037760295514098_n.jpg?tp=1&_nc_ht=scontent-hel3-1.cdninstagram.com&_nc_cat=102&_nc_ohc=OLM_ppNiPFYAX-7sC5f&ccb=7-4&oh=74a3b974852382be294204e5557d6e8f&oe=608E2492&_nc_sid=4efc9f&ig_cache_key=MjU0MDgzMjQ4MDQyNzMxOTQ5OQ%3D%3D.2.c-ccb7-4', 'https://scontent-hel3-1.cdninstagram.com/v/t51.2885-15/sh0.08/e35/c1.0.1438.1438a/s640x640/166785100_290285902502222_4963037760295514098_n.jpg?tp=1&_nc_ht=scontent-hel3-1.cdninstagram.com&_nc_cat=102&_nc_ohc=OLM_ppNiPFYAX-7sC5f&ccb=7-4&oh=5e0119465be92eb346329a33dd6e149d&oe=608DB9EA&_nc_sid=4efc9f&ig_cache_key=MjU0MDgzMjQ4MDQyNzMxOTQ5OQ%3D%3D.2.c-ccb7-4']"
"['https://scontent-hel3-1.cdninstagram.com/v/t51.2885-15/e35/c0.85.1440.1440a/s150x150/166051865_263975278709233_7308162900609795870_n.jpg?tp=1&_nc_ht=scontent-hel3-1.cdninstagram.com&_nc_cat=101&_nc_ohc=XsTLFm4iRNEAX9a_1J1&ccb=7-4&oh=0dc3c42cfa9219990e2edca0897ad876&oe=608D6E6B&_nc_sid=4efc9f&ig_cache_key=MjU0MDgxNjAxNDg0NTk5NTQ3Mw%3D%3D.2.c-ccb7-4', 'https://scontent-hel3-1.cdninstagram.com/v/t51.2885-15/e35/c0.85.1440.1440a/s240x240/166051865_263975278709233_7308162900609795870_n.jpg?tp=1&_nc_ht=scontent-hel3-1.cdninstagram.com&_nc_cat=101&_nc_ohc=XsTLFm4iRNEAX9a_1J1&ccb=7-4&oh=e36f984c975abc698d94c93930ccd14a&oe=608D086D&_nc_sid=4efc9f&ig_cache_key=MjU0MDgxNjAxNDg0NTk5NTQ3Mw%3D%3D.2.c-ccb7-4', 'https://scontent-hel3-1.cdninstagram.com/v/t51.2885-15/e35/c0.85.1440.1440a/s320x320/166051865_263975278709233_7308162900609795870_n.jpg?tp=1&_nc_ht=scontent-hel3-1.cdninstagram.com&_nc_cat=101&_nc_ohc=XsTLFm4iRNEAX9a_1J1&ccb=7-4&oh=d6e400c00a45a66dd1e19e14297ef61c&oe=608B1913&_nc_sid=4efc9f&ig_cache_key=MjU0MDgxNjAxNDg0NTk5NTQ3Mw%3D%3D.2.c-ccb7-4', 'https://scontent-hel3-1.cdninstagram.com/v/t51.2885-15/e35/c0.85.1440.1440a/s480x480/166051865_263975278709233_7308162900609795870_n.jpg?tp=1&_nc_ht=scontent-hel3-1.cdninstagram.com&_nc_cat=101&_nc_ohc=XsTLFm4iRNEAX9a_1J1&ccb=7-4&oh=ee7508c03500d7bd0f62551d8f4c555f&oe=608B87D6&_nc_sid=4efc9f&ig_cache_key=MjU0MDgxNjAxNDg0NTk5NTQ3Mw%3D%3D.2.c-ccb7-4', 'https://scontent-hel3-1.cdninstagram.com/v/t51.2885-15/sh0.08/e35/c0.85.1440.1440a/s640x640/166051865_263975278709233_7308162900609795870_n.jpg?tp=1&_nc_ht=scontent-hel3-1.cdninstagram.com&_nc_cat=101&_nc_ohc=XsTLFm4iRNEAX9a_1J1&ccb=7-4&oh=1ca82ef8c491780ed7a3fa98bf104ea6&oe=608DFDFE&_nc_sid=4efc9f&ig_cache_key=MjU0MDgxNjAxNDg0NTk5NTQ3Mw%3D%3D.2.c-ccb7-4']"
"['https://scontent-hel3-1.cdninstagram.com/v/t51.2885-15/e35/c0.180.1440.1440a/s150x150/167002338_198412428399741_6019572702638822420_n.jpg?tp=1&_nc_ht=scontent-hel3-1.cdninstagram.com&_nc_cat=109&_nc_ohc=5TdulCC3QbIAX-W558R&ccb=7-4&oh=0be3191d6b7e99b7c170b162b159a8de&oe=608CDF7C&_nc_sid=4efc9f&ig_cache_key=MjU0MDgwNzkwMzYwOTQwNjI5OQ%3D%3D.2.c-ccb7-4', 'https://scontent-hel3-1.cdninstagram.com/v/t51.2885-15/e35/c0.180.1440.1440a/s240x240/167002338_198412428399741_6019572702638822420_n.jpg?tp=1&_nc_ht=scontent-hel3-1.cdninstagram.com&_nc_cat=109&_nc_ohc=5TdulCC3QbIAX-W558R&ccb=7-4&oh=a69a2e4c8e3e059b543d352c87cf1c40&oe=608D3CFE&_nc_sid=4efc9f&ig_cache_key=MjU0MDgwNzkwMzYwOTQwNjI5OQ%3D%3D.2.c-ccb7-4', 'https://scontent-hel3-1.cdninstagram.com/v/t51.2885-15/e35/c0.180.1440.1440a/s320x320/167002338_198412428399741_6019572702638822420_n.jpg?tp=1&_nc_ht=scontent-hel3-1.cdninstagram.com&_nc_cat=109&_nc_ohc=5TdulCC3QbIAX-W558R&ccb=7-4&oh=af2c6586e20dbd855d467d0a463e4e76&oe=608DF884&_nc_sid=4efc9f&ig_cache_key=MjU0MDgwNzkwMzYwOTQwNjI5OQ%3D%3D.2.c-ccb7-4', 'https://scontent-hel3-1.cdninstagram.com/v/t51.2885-15/e35/c0.180.1440.1440a/s480x480/167002338_198412428399741_6019572702638822420_n.jpg?tp=1&_nc_ht=scontent-hel3-1.cdninstagram.com&_nc_cat=109&_nc_ohc=5TdulCC3QbIAX-W558R&ccb=7-4&oh=bdecfa6b08ca2898329da4a672336b11&oe=608B1AC5&_nc_sid=4efc9f&ig_cache_key=MjU0MDgwNzkwMzYwOTQwNjI5OQ%3D%3D.2.c-ccb7-4', 'https://scontent-hel3-1.cdninstagram.com/v/t51.2885-15/sh0.08/e35/c0.180.1440.1440a/s640x640/167002338_198412428399741_6019572702638822420_n.jpg?tp=1&_nc_ht=scontent-hel3-1.cdninstagram.com&_nc_cat=109&_nc_ohc=5TdulCC3QbIAX-W558R&ccb=7-4&oh=741a3219b9d791fd475bebe43f498f91&oe=608DCBCC&_nc_sid=4efc9f&ig_cache_key=MjU0MDgwNzkwMzYwOTQwNjI5OQ%3D%3D.2.c-ccb7-4']"
"['https://scontent-hel3-1.cdninstagram.com/v/t51.2885-15/e35/c0.10.834.834a/s150x150/166554577_738837349992636_8907169209574343443_n.jpg?tp=1&_nc_ht=scontent-hel3-1.cdninstagram.com&_nc_cat=100&_nc_ohc=SrQ_Eq4VDTYAX_jUcwn&ccb=7-4&oh=356d3fc53e58fe235027519cc1960013&oe=608D6496&_nc_sid=4efc9f&ig_cache_key=MjU0MDcyODczMTQwNzE3Nzc0OQ%3D%3D.2.c-ccb7-4', 'https://scontent-hel3-1.cdninstagram.com/v/t51.2885-15/e35/c0.10.834.834a/s240x240/166554577_738837349992636_8907169209574343443_n.jpg?tp=1&_nc_ht=scontent-hel3-1.cdninstagram.com&_nc_cat=100&_nc_ohc=SrQ_Eq4VDTYAX_jUcwn&ccb=7-4&oh=4aadb81523328fbedc8629da9de8eb3d&oe=608E8914&_nc_sid=4efc9f&ig_cache_key=MjU0MDcyODczMTQwNzE3Nzc0OQ%3D%3D.2.c-ccb7-4', 'https://scontent-hel3-1.cdninstagram.com/v/t51.2885-15/e35/c0.10.834.834a/s320x320/166554577_738837349992636_8907169209574343443_n.jpg?tp=1&_nc_ht=scontent-hel3-1.cdninstagram.com&_nc_cat=100&_nc_ohc=SrQ_Eq4VDTYAX_jUcwn&ccb=7-4&oh=4847fa841826d7ffdbe473281061e383&oe=608BE46E&_nc_sid=4efc9f&ig_cache_key=MjU0MDcyODczMTQwNzE3Nzc0OQ%3D%3D.2.c-ccb7-4', 'https://scontent-hel3-1.cdninstagram.com/v/t51.2885-15/e35/c0.10.834.834a/s480x480/166554577_738837349992636_8907169209574343443_n.jpg?tp=1&_nc_ht=scontent-hel3-1.cdninstagram.com&_nc_cat=100&_nc_ohc=SrQ_Eq4VDTYAX_jUcwn&ccb=7-4&oh=cd928d9b70d13dc9c3b3331bfc1d8a14&oe=608B8D2B&_nc_sid=4efc9f&ig_cache_key=MjU0MDcyODczMTQwNzE3Nzc0OQ%3D%3D.2.c-ccb7-4', 'https://scontent-hel3-1.cdninstagram.com/v/t51.2885-15/sh0.08/e35/c0.10.834.834a/s640x640/166554577_738837349992636_8907169209574343443_n.jpg?tp=1&_nc_ht=scontent-hel3-1.cdninstagram.com&_nc_cat=100&_nc_ohc=SrQ_Eq4VDTYAX_jUcwn&ccb=7-4&oh=5f4216085c9e50fc461692e7c2f19b7b&oe=608C9222&_nc_sid=4efc9f&ig_cache_key=MjU0MDcyODczMTQwNzE3Nzc0OQ%3D%3D.2.c-ccb7-4']"
"['https://scontent-hel3-1.cdninstagram.com/v/t51.2885-15/e35/c0.0.1367.1367a/s150x150/166413753_5167254246682098_6481312639068899944_n.jpg?tp=1&_nc_ht=scontent-hel3-1.cdninstagram.com&_nc_cat=106&_nc_ohc=YUgJHTs8NdQAX8mxTl9&ccb=7-4&oh=a87b375611c6a91898c78aad151bd45e&oe=608DFAF8&_nc_sid=4efc9f&ig_cache_key=MjU0MDcxMjUxNzgwMjYxMjg4NQ%3D%3D.2.c-ccb7-4', 'https://scontent-hel3-1.cdninstagram.com/v/t51.2885-15/e35/c0.0.1367.1367a/s240x240/166413753_5167254246682098_6481312639068899944_n.jpg?tp=1&_nc_ht=scontent-hel3-1.cdninstagram.com&_nc_cat=106&_nc_ohc=YUgJHTs8NdQAX8mxTl9&ccb=7-4&oh=cf3d7e5b85f0f2522364c09a83ba2c68&oe=608E6AC0&_nc_sid=4efc9f&ig_cache_key=MjU0MDcxMjUxNzgwMjYxMjg4NQ%3D%3D.2.c-ccb7-4', 'https://scontent-hel3-1.cdninstagram.com/v/t51.2885-15/e35/c0.0.1367.1367a/s320x320/166413753_5167254246682098_6481312639068899944_n.jpg?tp=1&_nc_ht=scontent-hel3-1.cdninstagram.com&_nc_cat=106&_nc_ohc=YUgJHTs8NdQAX8mxTl9&ccb=7-4&oh=a14a8afdf5e908a7853ef0b599d6ac51&oe=608C2E61&_nc_sid=4efc9f&ig_cache_key=MjU0MDcxMjUxNzgwMjYxMjg4NQ%3D%3D.2.c-ccb7-4', 'https://scontent-hel3-1.cdninstagram.com/v/t51.2885-15/e35/c0.0.1367.1367a/s480x480/166413753_5167254246682098_6481312639068899944_n.jpg?tp=1&_nc_ht=scontent-hel3-1.cdninstagram.com&_nc_cat=106&_nc_ohc=YUgJHTs8NdQAX8mxTl9&ccb=7-4&oh=3bb68b0277709c3a9ca2e4c16d3d0365&oe=608B9523&_nc_sid=4efc9f&ig_cache_key=MjU0MDcxMjUxNzgwMjYxMjg4NQ%3D%3D.2.c-ccb7-4', 'https://scontent-hel3-1.cdninstagram.com/v/t51.2885-15/sh0.08/e35/c0.0.1367.1367a/s640x640/166413753_5167254246682098_6481312639068899944_n.jpg?tp=1&_nc_ht=scontent-hel3-1.cdninstagram.com&_nc_cat=106&_nc_ohc=YUgJHTs8NdQAX8mxTl9&ccb=7-4&oh=35c002d18a49e15c3508136913652a02&oe=608BA28A&_nc_sid=4efc9f&ig_cache_key=MjU0MDcxMjUxNzgwMjYxMjg4NQ%3D%3D.2.c-ccb7-4']"
"['https://scontent-hel3-1.cdninstagram.com/v/t51.2885-15/e35/s150x150/165982627_468823217890414_5554141006387882759_n.jpg?tp=1&_nc_ht=scontent-hel3-1.cdninstagram.com&_nc_cat=110&_nc_ohc=onyUd5PKhlcAX-2X6i8&ccb=7-4&oh=7fb0a772205c4a0459c1b55ac6c162cb&oe=608DB6E0&_nc_sid=4efc9f&ig_cache_key=MjU0MDQzMjY2OTUwNDYxMTIyNA%3D%3D.2-ccb7-4', 'https://scontent-hel3-1.cdninstagram.com/v/t51.2885-15/e35/s240x240/165982627_468823217890414_5554141006387882759_n.jpg?tp=1&_nc_ht=scontent-hel3-1.cdninstagram.com&_nc_cat=110&_nc_ohc=onyUd5PKhlcAX-2X6i8&ccb=7-4&oh=3a3d33b5563ae2282e9e32feb6719a58&oe=608D32DA&_nc_sid=4efc9f&ig_cache_key=MjU0MDQzMjY2OTUwNDYxMTIyNA%3D%3D.2-ccb7-4', 'https://scontent-hel3-1.cdninstagram.com/v/t51.2885-15/e35/s320x320/165982627_468823217890414_5554141006387882759_n.jpg?tp=1&_nc_ht=scontent-hel3-1.cdninstagram.com&_nc_cat=110&_nc_ohc=onyUd5PKhlcAX-2X6i8&ccb=7-4&oh=2b70c57bd927f612a113bc3d08c4331d&oe=608B7828&_nc_sid=4efc9f&ig_cache_key=MjU0MDQzMjY2OTUwNDYxMTIyNA%3D%3D.2-ccb7-4', 'https://scontent-hel3-1.cdninstagram.com/v/t51.2885-15/e35/s480x480/165982627_468823217890414_5554141006387882759_n.jpg?tp=1&_nc_ht=scontent-hel3-1.cdninstagram.com&_nc_cat=110&_nc_ohc=onyUd5PKhlcAX-2X6i8&ccb=7-4&oh=9e2f9337c83ee805070daa93e33605bf&oe=608D1261&_nc_sid=4efc9f&ig_cache_key=MjU0MDQzMjY2OTUwNDYxMTIyNA%3D%3D.2-ccb7-4', 'https://scontent-hel3-1.cdninstagram.com/v/t51.2885-15/sh0.08/e35/s640x640/165982627_468823217890414_5554141006387882759_n.jpg?tp=1&_nc_ht=scontent-hel3-1.cdninstagram.com&_nc_cat=110&_nc_ohc=onyUd5PKhlcAX-2X6i8&ccb=7-4&oh=f2957273b08e6bf589633bc04f0a08ee&oe=608DBEDB&_nc_sid=4efc9f&ig_cache_key=MjU0MDQzMjY2OTUwNDYxMTIyNA%3D%3D.2-ccb7-4']"
"['https://scontent-hel3-1.cdninstagram.com/v/t51.2885-15/e35/s150x150/165675302_204107491061099_9195663768353619808_n.jpg?tp=1&_nc_ht=scontent-hel3-1.cdninstagram.com&_nc_cat=111&_nc_ohc=GXw3XkANYNAAX991r8L&ccb=7-4&oh=2dae9d34990f0531836140d36f159619&oe=608CDF91&_nc_sid=4efc9f&ig_cache_key=MjU0MDQzMDExNTI4MDY2MTcwNA%3D%3D.2-ccb7-4', 'https://scontent-hel3-1.cdninstagram.com/v/t51.2885-15/e35/s240x240/165675302_204107491061099_9195663768353619808_n.jpg?tp=1&_nc_ht=scontent-hel3-1.cdninstagram.com&_nc_cat=111&_nc_ohc=GXw3XkANYNAAX991r8L&ccb=7-4&oh=c0503960240e0395842e7607eed7fdb4&oe=608CA197&_nc_sid=4efc9f&ig_cache_key=MjU0MDQzMDExNTI4MDY2MTcwNA%3D%3D.2-ccb7-4', 'https://scontent-hel3-1.cdninstagram.com/v/t51.2885-15/e35/s320x320/165675302_204107491061099_9195663768353619808_n.jpg?tp=1&_nc_ht=scontent-hel3-1.cdninstagram.com&_nc_cat=111&_nc_ohc=GXw3XkANYNAAX991r8L&ccb=7-4&oh=db4cec2dc02ef188d5298dad384ea498&oe=608D93E9&_nc_sid=4efc9f&ig_cache_key=MjU0MDQzMDExNTI4MDY2MTcwNA%3D%3D.2-ccb7-4', 'https://scontent-hel3-1.cdninstagram.com/v/t51.2885-15/e35/s480x480/165675302_204107491061099_9195663768353619808_n.jpg?tp=1&_nc_ht=scontent-hel3-1.cdninstagram.com&_nc_cat=111&_nc_ohc=GXw3XkANYNAAX991r8L&ccb=7-4&oh=6444d86997d9a15fc8f42d378b84f5bb&oe=608E8030&_nc_sid=4efc9f&ig_cache_key=MjU0MDQzMDExNTI4MDY2MTcwNA%3D%3D.2-ccb7-4', 'https://scontent-hel3-1.cdninstagram.com/v/t51.2885-15/sh0.08/e35/s640x640/165675302_204107491061099_9195663768353619808_n.jpg?tp=1&_nc_ht=scontent-hel3-1.cdninstagram.com&_nc_cat=111&_nc_ohc=GXw3XkANYNAAX991r8L&ccb=7-4&oh=5303604fa58dd3e2db9a5b8372d1d5b7&oe=608D4996&_nc_sid=4efc9f&ig_cache_key=MjU0MDQzMDExNTI4MDY2MTcwNA%3D%3D.2-ccb7-4']"
"['https://scontent-hel3-1.cdninstagram.com/v/t51.2885-15/e35/s150x150/166201621_481903972995790_3144331677780523587_n.jpg?tp=1&_nc_ht=scontent-hel3-1.cdninstagram.com&_nc_cat=110&_nc_ohc=sz7W-4w_MI4AX--TrnP&ccb=7-4&oh=48606b75bfc3ad69c78d9bba88c891f7&oe=608DEB58&_nc_sid=4efc9f&ig_cache_key=MjU0MDQyOTI3MTIxMDYyMjMyNg%3D%3D.2-ccb7-4', 'https://scontent-hel3-1.cdninstagram.com/v/t51.2885-15/e35/s240x240/166201621_481903972995790_3144331677780523587_n.jpg?tp=1&_nc_ht=scontent-hel3-1.cdninstagram.com&_nc_cat=110&_nc_ohc=sz7W-4w_MI4AX--TrnP&ccb=7-4&oh=5aedf925767f40eddee77465ecb34908&oe=608AF1D2&_nc_sid=4efc9f&ig_cache_key=MjU0MDQyOTI3MTIxMDYyMjMyNg%3D%3D.2-ccb7-4', 'https://scontent-hel3-1.cdninstagram.com/v/t51.2885-15/e35/s320x320/166201621_481903972995790_3144331677780523587_n.jpg?tp=1&_nc_ht=scontent-hel3-1.cdninstagram.com&_nc_cat=110&_nc_ohc=sz7W-4w_MI4AX--TrnP&ccb=7-4&oh=5858ee7beb33d16539d51e12a1db454b&oe=608B3730&_nc_sid=4efc9f&ig_cache_key=MjU0MDQyOTI3MTIxMDYyMjMyNg%3D%3D.2-ccb7-4', 'https://scontent-hel3-1.cdninstagram.com/v/t51.2885-15/e35/s480x480/166201621_481903972995790_3144331677780523587_n.jpg?tp=1&_nc_ht=scontent-hel3-1.cdninstagram.com&_nc_cat=110&_nc_ohc=sz7W-4w_MI4AX--TrnP&ccb=7-4&oh=790da78db2ddb0d4a34de2ec9e41e6e6&oe=608D04E9&_nc_sid=4efc9f&ig_cache_key=MjU0MDQyOTI3MTIxMDYyMjMyNg%3D%3D.2-ccb7-4', 'https://scontent-hel3-1.cdninstagram.com/v/t51.2885-15/sh0.08/e35/s640x640/166201621_481903972995790_3144331677780523587_n.jpg?tp=1&_nc_ht=scontent-hel3-1.cdninstagram.com&_nc_cat=110&_nc_ohc=sz7W-4w_MI4AX--TrnP&ccb=7-4&oh=560c0bb8c3e0623c717fa0f0c1606fb2&oe=608D4E53&_nc_sid=4efc9f&ig_cache_key=MjU0MDQyOTI3MTIxMDYyMjMyNg%3D%3D.2-ccb7-4']"
"['https://scontent-hel3-1.cdninstagram.com/v/t51.2885-15/e35/s150x150/165968549_748885519146290_3929552935001605794_n.jpg?tp=1&_nc_ht=scontent-hel3-1.cdninstagram.com&_nc_cat=102&_nc_ohc=2Jvclmx_lFoAX87fD2V&ccb=7-4&oh=b2c8f7502cb205a18f2dad2c08effd00&oe=608D8A2A&_nc_sid=4efc9f&ig_cache_key=MjU0MDQyODk1NjM4NjA2OTQzMQ%3D%3D.2-ccb7-4', 'https://scontent-hel3-1.cdninstagram.com/v/t51.2885-15/e35/s240x240/165968549_748885519146290_3929552935001605794_n.jpg?tp=1&_nc_ht=scontent-hel3-1.cdninstagram.com&_nc_cat=102&_nc_ohc=2Jvclmx_lFoAX87fD2V&ccb=7-4&oh=3b555ef43884ad654d8a8d3c6cdfcb9e&oe=608C5330&_nc_sid=4efc9f&ig_cache_key=MjU0MDQyODk1NjM4NjA2OTQzMQ%3D%3D.2-ccb7-4', 'https://scontent-hel3-1.cdninstagram.com/v/t51.2885-15/e35/s320x320/165968549_748885519146290_3929552935001605794_n.jpg?tp=1&_nc_ht=scontent-hel3-1.cdninstagram.com&_nc_cat=102&_nc_ohc=2Jvclmx_lFoAX87fD2V&ccb=7-4&oh=fc0c182f996361973e485eb11e2a83a0&oe=608D24D2&_nc_sid=4efc9f&ig_cache_key=MjU0MDQyODk1NjM4NjA2OTQzMQ%3D%3D.2-ccb7-4', 'https://scontent-hel3-1.cdninstagram.com/v/t51.2885-15/e35/s480x480/165968549_748885519146290_3929552935001605794_n.jpg?tp=1&_nc_ht=scontent-hel3-1.cdninstagram.com&_nc_cat=102&_nc_ohc=2Jvclmx_lFoAX87fD2V&ccb=7-4&oh=18b2ef620d294ed5b9bb53516ddf8dde&oe=608AF197&_nc_sid=4efc9f&ig_cache_key=MjU0MDQyODk1NjM4NjA2OTQzMQ%3D%3D.2-ccb7-4', 'https://scontent-hel3-1.cdninstagram.com/v/t51.2885-15/e35/165968549_748885519146290_3929552935001605794_n.jpg?tp=1&_nc_ht=scontent-hel3-1.cdninstagram.com&_nc_cat=102&_nc_ohc=2Jvclmx_lFoAX87fD2V&ccb=7-4&oh=30a78b16300b675aad6790fb43238b95&oe=608CB497&_nc_sid=4efc9f&ig_cache_key=MjU0MDQyODk1NjM4NjA2OTQzMQ%3D%3D.2-ccb7-4']"
"['https://scontent-hel3-1.cdninstagram.com/v/t51.2885-15/e35/s150x150/164430820_141938777846276_4362312096577347206_n.jpg?tp=1&_nc_ht=scontent-hel3-1.cdninstagram.com&_nc_cat=108&_nc_ohc=diYaqyQ0WlgAX9jXDi-&ccb=7-4&oh=dbcb5f95a1c3a3103c6bb2e949f208f3&oe=608C21B1&_nc_sid=4efc9f&ig_cache_key=MjU0MDQyODM4ODQ0Mzc3Njg1Ng%3D%3D.2-ccb7-4', 'https://scontent-hel3-1.cdninstagram.com/v/t51.2885-15/e35/s240x240/164430820_141938777846276_4362312096577347206_n.jpg?tp=1&_nc_ht=scontent-hel3-1.cdninstagram.com&_nc_cat=108&_nc_ohc=diYaqyQ0WlgAX9jXDi-&ccb=7-4&oh=196dd900d11f9ea374425b1a97282b6f&oe=608C2E37&_nc_sid=4efc9f&ig_cache_key=MjU0MDQyODM4ODQ0Mzc3Njg1Ng%3D%3D.2-ccb7-4', 'https://scontent-hel3-1.cdninstagram.com/v/t51.2885-15/e35/s320x320/164430820_141938777846276_4362312096577347206_n.jpg?tp=1&_nc_ht=scontent-hel3-1.cdninstagram.com&_nc_cat=108&_nc_ohc=diYaqyQ0WlgAX9jXDi-&ccb=7-4&oh=4b7025ec73c3ef4b0ef98c71f21022ef&oe=608DC649&_nc_sid=4efc9f&ig_cache_key=MjU0MDQyODM4ODQ0Mzc3Njg1Ng%3D%3D.2-ccb7-4', 'https://scontent-hel3-1.cdninstagram.com/v/t51.2885-15/e35/s480x480/164430820_141938777846276_4362312096577347206_n.jpg?tp=1&_nc_ht=scontent-hel3-1.cdninstagram.com&_nc_cat=108&_nc_ohc=diYaqyQ0WlgAX9jXDi-&ccb=7-4&oh=42d666e771c4d93e4609b3b711f7a01c&oe=608B8310&_nc_sid=4efc9f&ig_cache_key=MjU0MDQyODM4ODQ0Mzc3Njg1Ng%3D%3D.2-ccb7-4', 'https://scontent-hel3-1.cdninstagram.com/v/t51.2885-15/e35/164430820_141938777846276_4362312096577347206_n.jpg?tp=1&_nc_ht=scontent-hel3-1.cdninstagram.com&_nc_cat=108&_nc_ohc=diYaqyQ0WlgAX9jXDi-&ccb=7-4&oh=a74e4f3c11d714164848523c2322b691&oe=608E2110&_nc_sid=4efc9f&ig_cache_key=MjU0MDQyODM4ODQ0Mzc3Njg1Ng%3D%3D.2-ccb7-4']"
