Heshtag,dazedbeauty
"['https://scontent-hel3-1.cdninstagram.com/v/t51.2885-15/e35/s150x150/166601563_139887974735074_7995926127010710962_n.jpg?tp=1&_nc_ht=scontent-hel3-1.cdninstagram.com&_nc_cat=110&_nc_ohc=ONJtLRuLT0IAX940P9_&ccb=7-4&oh=0ef39701b37142e900e68ebfc7761450&oe=608D94E6&_nc_sid=4efc9f&ig_cache_key=MjU0MDgzMzY4MDQ1MTE5MDQ2NQ%3D%3D.2-ccb7-4', 'https://scontent-hel3-1.cdninstagram.com/v/t51.2885-15/e35/s240x240/166601563_139887974735074_7995926127010710962_n.jpg?tp=1&_nc_ht=scontent-hel3-1.cdninstagram.com&_nc_cat=110&_nc_ohc=ONJtLRuLT0IAX940P9_&ccb=7-4&oh=50cadda298349b86237295a3088b7ce5&oe=608DACE4&_nc_sid=4efc9f&ig_cache_key=MjU0MDgzMzY4MDQ1MTE5MDQ2NQ%3D%3D.2-ccb7-4', 'https://scontent-hel3-1.cdninstagram.com/v/t51.2885-15/e35/s320x320/166601563_139887974735074_7995926127010710962_n.jpg?tp=1&_nc_ht=scontent-hel3-1.cdninstagram.com&_nc_cat=110&_nc_ohc=ONJtLRuLT0IAX940P9_&ccb=7-4&oh=9dd90597fff8ab350c71729cb9c44626&oe=608C2B9E&_nc_sid=4efc9f&ig_cache_key=MjU0MDgzMzY4MDQ1MTE5MDQ2NQ%3D%3D.2-ccb7-4', 'https://scontent-hel3-1.cdninstagram.com/v/t51.2885-15/e35/s480x480/166601563_139887974735074_7995926127010710962_n.jpg?tp=1&_nc_ht=scontent-hel3-1.cdninstagram.com&_nc_cat=110&_nc_ohc=ONJtLRuLT0IAX940P9_&ccb=7-4&oh=efee11f6c65a628f29c6087b87705657&oe=608CD55B&_nc_sid=4efc9f&ig_cache_key=MjU0MDgzMzY4MDQ1MTE5MDQ2NQ%3D%3D.2-ccb7-4', 'https://scontent-hel3-1.cdninstagram.com/v/t51.2885-15/sh0.08/e35/s640x640/166601563_139887974735074_7995926127010710962_n.jpg?tp=1&_nc_ht=scontent-hel3-1.cdninstagram.com&_nc_cat=110&_nc_ohc=ONJtLRuLT0IAX940P9_&ccb=7-4&oh=e59c66b57840705312a57485575cc928&oe=608DFFE1&_nc_sid=4efc9f&ig_cache_key=MjU0MDgzMzY4MDQ1MTE5MDQ2NQ%3D%3D.2-ccb7-4']"
"['https://scontent-hel3-1.cdninstagram.com/v/t51.2885-15/e35/c142.0.1155.1155a/s150x150/166388862_442740856828382_1598590614106474482_n.jpg?tp=1&_nc_ht=scontent-hel3-1.cdninstagram.com&_nc_cat=102&_nc_ohc=vPkhFyPUumsAX9GJpsb&ccb=7-4&oh=60c2427277c18d3a01ce312523783092&oe=608C9A48&_nc_sid=4efc9f&ig_cache_key=MjU0MDgyNTA5NTM2NTQyNzY3Nw%3D%3D.2.c-ccb7-4', 'https://scontent-hel3-1.cdninstagram.com/v/t51.2885-15/e35/c142.0.1155.1155a/s240x240/166388862_442740856828382_1598590614106474482_n.jpg?tp=1&_nc_ht=scontent-hel3-1.cdninstagram.com&_nc_cat=102&_nc_ohc=vPkhFyPUumsAX9GJpsb&ccb=7-4&oh=18a6cb048b655448f5e9ce8fd56e18e1&oe=608C9642&_nc_sid=4efc9f&ig_cache_key=MjU0MDgyNTA5NTM2NTQyNzY3Nw%3D%3D.2.c-ccb7-4', 'https://scontent-hel3-1.cdninstagram.com/v/t51.2885-15/e35/c142.0.1155.1155a/s320x320/166388862_442740856828382_1598590614106474482_n.jpg?tp=1&_nc_ht=scontent-hel3-1.cdninstagram.com&_nc_cat=102&_nc_ohc=vPkhFyPUumsAX9GJpsb&ccb=7-4&oh=1594fe0e8af052c098b43524f64ca0b0&oe=608CFBC0&_nc_sid=4efc9f&ig_cache_key=MjU0MDgyNTA5NTM2NTQyNzY3Nw%3D%3D.2.c-ccb7-4', 'https://scontent-hel3-1.cdninstagram.com/v/t51.2885-15/e35/c142.0.1155.1155a/s480x480/166388862_442740856828382_1598590614106474482_n.jpg?tp=1&_nc_ht=scontent-hel3-1.cdninstagram.com&_nc_cat=102&_nc_ohc=vPkhFyPUumsAX9GJpsb&ccb=7-4&oh=eb46959538afa72b9055159c4d96d3fc&oe=608C5679&_nc_sid=4efc9f&ig_cache_key=MjU0MDgyNTA5NTM2NTQyNzY3Nw%3D%3D.2.c-ccb7-4', 'https://scontent-hel3-1.cdninstagram.com/v/t51.2885-15/sh0.08/e35/c142.0.1155.1155a/s640x640/166388862_442740856828382_1598590614106474482_n.jpg?tp=1&_nc_ht=scontent-hel3-1.cdninstagram.com&_nc_cat=102&_nc_ohc=vPkhFyPUumsAX9GJpsb&ccb=7-4&oh=3d8c73d3e6741794a9dc9231d3f78c56&oe=608AF478&_nc_sid=4efc9f&ig_cache_key=MjU0MDgyNTA5NTM2NTQyNzY3Nw%3D%3D.2.c-ccb7-4']"
"['https://scontent-hel3-1.cdninstagram.com/v/t51.2885-15/e35/s150x150/166424970_445372966534357_3042160231829241511_n.jpg?tp=1&_nc_ht=scontent-hel3-1.cdninstagram.com&_nc_cat=101&_nc_ohc=L9ySrgZZzA0AX-P9rBh&ccb=7-4&oh=0ee54071553941c0fc07151b2979acfd&oe=60656A15&_nc_sid=4efc9f', 'https://scontent-hel3-1.cdninstagram.com/v/t51.2885-15/e35/s240x240/166424970_445372966534357_3042160231829241511_n.jpg?tp=1&_nc_ht=scontent-hel3-1.cdninstagram.com&_nc_cat=101&_nc_ohc=L9ySrgZZzA0AX-P9rBh&ccb=7-4&oh=ffa0bde66084e4376c5958acf60df4ba&oe=6065A493&_nc_sid=4efc9f', 'https://scontent-hel3-1.cdninstagram.com/v/t51.2885-15/e35/s320x320/166424970_445372966534357_3042160231829241511_n.jpg?tp=1&_nc_ht=scontent-hel3-1.cdninstagram.com&_nc_cat=101&_nc_ohc=L9ySrgZZzA0AX-P9rBh&ccb=7-4&oh=87ad5ca2e5996d8a2c598c1dab7be8a1&oe=606541AD&_nc_sid=4efc9f', 'https://scontent-hel3-1.cdninstagram.com/v/t51.2885-15/e35/s480x480/166424970_445372966534357_3042160231829241511_n.jpg?tp=1&_nc_ht=scontent-hel3-1.cdninstagram.com&_nc_cat=101&_nc_ohc=L9ySrgZZzA0AX-P9rBh&ccb=7-4&oh=05c73009ac2e4d6aacec264648050c48&oe=606536EC&_nc_sid=4efc9f', 'https://scontent-hel3-1.cdninstagram.com/v/t51.2885-15/e35/166424970_445372966534357_3042160231829241511_n.jpg?tp=1&_nc_ht=scontent-hel3-1.cdninstagram.com&_nc_cat=101&_nc_ohc=L9ySrgZZzA0AX-P9rBh&ccb=7-4&oh=150133c16d4a9488309cd60c7da98a8e&oe=6065342C&_nc_sid=4efc9f']"
"['https://scontent-hel3-1.cdninstagram.com/v/t51.2885-15/e35/s150x150/167173819_2872978899642409_919913666061800014_n.jpg?tp=1&_nc_ht=scontent-hel3-1.cdninstagram.com&_nc_cat=101&_nc_ohc=P7kjKLUuBoIAX-Kcgd9&ccb=7-4&oh=f09b75065c73aee8d40c8c133a4515bf&oe=608E3251&_nc_sid=4efc9f&ig_cache_key=MjU0MDgyMTEwMjA0MzUzODA1NQ%3D%3D.2-ccb7-4', 'https://scontent-hel3-1.cdninstagram.com/v/t51.2885-15/e35/s240x240/167173819_2872978899642409_919913666061800014_n.jpg?tp=1&_nc_ht=scontent-hel3-1.cdninstagram.com&_nc_cat=101&_nc_ohc=P7kjKLUuBoIAX-Kcgd9&ccb=7-4&oh=d34d41c78bea8b2142af801752c9de6b&oe=608E60D7&_nc_sid=4efc9f&ig_cache_key=MjU0MDgyMTEwMjA0MzUzODA1NQ%3D%3D.2-ccb7-4', 'https://scontent-hel3-1.cdninstagram.com/v/t51.2885-15/e35/s320x320/167173819_2872978899642409_919913666061800014_n.jpg?tp=1&_nc_ht=scontent-hel3-1.cdninstagram.com&_nc_cat=101&_nc_ohc=P7kjKLUuBoIAX-Kcgd9&ccb=7-4&oh=69755ae0217c2694e6bb8a3954f77325&oe=608BBAA9&_nc_sid=4efc9f&ig_cache_key=MjU0MDgyMTEwMjA0MzUzODA1NQ%3D%3D.2-ccb7-4', 'https://scontent-hel3-1.cdninstagram.com/v/t51.2885-15/e35/s480x480/167173819_2872978899642409_919913666061800014_n.jpg?tp=1&_nc_ht=scontent-hel3-1.cdninstagram.com&_nc_cat=101&_nc_ohc=P7kjKLUuBoIAX-Kcgd9&ccb=7-4&oh=4c7edbddf99cf8f4d88f1dac6606ebcf&oe=608D2870&_nc_sid=4efc9f&ig_cache_key=MjU0MDgyMTEwMjA0MzUzODA1NQ%3D%3D.2-ccb7-4', 'https://scontent-hel3-1.cdninstagram.com/v/t51.2885-15/sh0.08/e35/s640x640/167173819_2872978899642409_919913666061800014_n.jpg?tp=1&_nc_ht=scontent-hel3-1.cdninstagram.com&_nc_cat=101&_nc_ohc=P7kjKLUuBoIAX-Kcgd9&ccb=7-4&oh=7c956e96756146fd1fad9d01871bcb30&oe=608B2AD6&_nc_sid=4efc9f&ig_cache_key=MjU0MDgyMTEwMjA0MzUzODA1NQ%3D%3D.2-ccb7-4']"
"['https://scontent-hel3-1.cdninstagram.com/v/t51.2885-15/e15/c0.80.640.640a/s150x150/166454141_244348414040782_2220822612503314893_n.jpg?tp=1&_nc_ht=scontent-hel3-1.cdninstagram.com&_nc_cat=110&_nc_ohc=BJxWUqpHuCoAX-LihRq&ccb=7-4&oh=af04280cdd83191c5f898d5d68215a59&oe=6065436B&_nc_sid=4efc9f', 'https://scontent-hel3-1.cdninstagram.com/v/t51.2885-15/e15/c0.80.640.640a/s240x240/166454141_244348414040782_2220822612503314893_n.jpg?tp=1&_nc_ht=scontent-hel3-1.cdninstagram.com&_nc_cat=110&_nc_ohc=BJxWUqpHuCoAX-LihRq&ccb=7-4&oh=b774e96ffe2985f86c64add865e01b23&oe=6065A56D&_nc_sid=4efc9f', 'https://scontent-hel3-1.cdninstagram.com/v/t51.2885-15/e15/c0.80.640.640a/s320x320/166454141_244348414040782_2220822612503314893_n.jpg?tp=1&_nc_ht=scontent-hel3-1.cdninstagram.com&_nc_cat=110&_nc_ohc=BJxWUqpHuCoAX-LihRq&ccb=7-4&oh=c3f37860c0bd79d1bdc29ccac1fe3850&oe=60652413&_nc_sid=4efc9f', 'https://scontent-hel3-1.cdninstagram.com/v/t51.2885-15/e15/c0.80.640.640a/s480x480/166454141_244348414040782_2220822612503314893_n.jpg?tp=1&_nc_ht=scontent-hel3-1.cdninstagram.com&_nc_cat=110&_nc_ohc=BJxWUqpHuCoAX-LihRq&ccb=7-4&oh=4249158f974bae57709816931fbd95c7&oe=60654A56&_nc_sid=4efc9f', 'https://scontent-hel3-1.cdninstagram.com/v/t51.2885-15/e15/c0.80.640.640a/166454141_244348414040782_2220822612503314893_n.jpg?tp=1&_nc_ht=scontent-hel3-1.cdninstagram.com&_nc_cat=110&_nc_ohc=BJxWUqpHuCoAX-LihRq&ccb=7-4&oh=b57123e0c07d465920932f38a2e325d1&oe=6065B286&_nc_sid=4efc9f']"
"['https://scontent-hel3-1.cdninstagram.com/v/t51.2885-15/e35/s150x150/165997804_156958522954073_2035699406470438091_n.jpg?tp=1&_nc_ht=scontent-hel3-1.cdninstagram.com&_nc_cat=105&_nc_ohc=dl5Cu4UC8U8AX9gxyVw&ccb=7-4&oh=e68714f3db66bd1e6081e287e636e541&oe=608BB35B&_nc_sid=4efc9f&ig_cache_key=MjU0MDgwOTUyNzU5MjIwNTE1Ng%3D%3D.2-ccb7-4', 'https://scontent-hel3-1.cdninstagram.com/v/t51.2885-15/e35/s240x240/165997804_156958522954073_2035699406470438091_n.jpg?tp=1&_nc_ht=scontent-hel3-1.cdninstagram.com&_nc_cat=105&_nc_ohc=dl5Cu4UC8U8AX9gxyVw&ccb=7-4&oh=b4299a7e14f95c95ce3aa49f5b56f286&oe=608BEBDD&_nc_sid=4efc9f&ig_cache_key=MjU0MDgwOTUyNzU5MjIwNTE1Ng%3D%3D.2-ccb7-4', 'https://scontent-hel3-1.cdninstagram.com/v/t51.2885-15/e35/s320x320/165997804_156958522954073_2035699406470438091_n.jpg?tp=1&_nc_ht=scontent-hel3-1.cdninstagram.com&_nc_cat=105&_nc_ohc=dl5Cu4UC8U8AX9gxyVw&ccb=7-4&oh=bf29040ad31f72a3f115bdf3da3e529b&oe=608B66A3&_nc_sid=4efc9f&ig_cache_key=MjU0MDgwOTUyNzU5MjIwNTE1Ng%3D%3D.2-ccb7-4', 'https://scontent-hel3-1.cdninstagram.com/v/t51.2885-15/e35/s480x480/165997804_156958522954073_2035699406470438091_n.jpg?tp=1&_nc_ht=scontent-hel3-1.cdninstagram.com&_nc_cat=105&_nc_ohc=dl5Cu4UC8U8AX9gxyVw&ccb=7-4&oh=7d7d27a3e7d62d65f840c8b1efc75926&oe=608E9DE6&_nc_sid=4efc9f&ig_cache_key=MjU0MDgwOTUyNzU5MjIwNTE1Ng%3D%3D.2-ccb7-4', 'https://scontent-hel3-1.cdninstagram.com/v/t51.2885-15/sh0.08/e35/s640x640/165997804_156958522954073_2035699406470438091_n.jpg?tp=1&_nc_ht=scontent-hel3-1.cdninstagram.com&_nc_cat=105&_nc_ohc=dl5Cu4UC8U8AX9gxyVw&ccb=7-4&oh=065a44412fa8bf9cbfcf7d1013980846&oe=608B76E0&_nc_sid=4efc9f&ig_cache_key=MjU0MDgwOTUyNzU5MjIwNTE1Ng%3D%3D.2-ccb7-4']"
"['https://scontent-hel3-1.cdninstagram.com/v/t51.2885-15/e35/s150x150/166391633_4188413921210393_7472586417397780995_n.jpg?tp=1&_nc_ht=scontent-hel3-1.cdninstagram.com&_nc_cat=105&_nc_ohc=--ivwUcpEPAAX_aD47l&ccb=7-4&oh=1226c00b2d5bc2145800dddbcb8fb628&oe=60655259&_nc_sid=4efc9f', 'https://scontent-hel3-1.cdninstagram.com/v/t51.2885-15/e35/s240x240/166391633_4188413921210393_7472586417397780995_n.jpg?tp=1&_nc_ht=scontent-hel3-1.cdninstagram.com&_nc_cat=105&_nc_ohc=--ivwUcpEPAAX_aD47l&ccb=7-4&oh=f3047b49a5700857f5eb9c3789ee6cb1&oe=60658191&_nc_sid=4efc9f', 'https://scontent-hel3-1.cdninstagram.com/v/t51.2885-15/e35/s320x320/166391633_4188413921210393_7472586417397780995_n.jpg?tp=1&_nc_ht=scontent-hel3-1.cdninstagram.com&_nc_cat=105&_nc_ohc=--ivwUcpEPAAX_aD47l&ccb=7-4&oh=c52291014734ea5ddc0dfac99348821f&oe=60654890&_nc_sid=4efc9f', 'https://scontent-hel3-1.cdninstagram.com/v/t51.2885-15/e35/s480x480/166391633_4188413921210393_7472586417397780995_n.jpg?tp=1&_nc_ht=scontent-hel3-1.cdninstagram.com&_nc_cat=105&_nc_ohc=--ivwUcpEPAAX_aD47l&ccb=7-4&oh=bf9869095e6a881fac9c15553e39fe63&oe=60659D0E&_nc_sid=4efc9f', 'https://scontent-hel3-1.cdninstagram.com/v/t51.2885-15/sh0.08/e35/s640x640/166391633_4188413921210393_7472586417397780995_n.jpg?tp=1&_nc_ht=scontent-hel3-1.cdninstagram.com&_nc_cat=105&_nc_ohc=--ivwUcpEPAAX_aD47l&ccb=7-4&oh=9680d78914a234adf111a6ec120f6c24&oe=60656A6E&_nc_sid=4efc9f']"
"['https://scontent-hel3-1.cdninstagram.com/v/t51.2885-15/e35/c0.90.720.720a/s150x150/166062762_500117284345494_8217587334835306472_n.jpg?tp=1&_nc_ht=scontent-hel3-1.cdninstagram.com&_nc_cat=106&_nc_ohc=mAr0ekDoREEAX-zesZ7&ccb=7-4&oh=92cc9e6a3b2f6e258f6e0e983b48ca35&oe=60659CC2&_nc_sid=4efc9f', 'https://scontent-hel3-1.cdninstagram.com/v/t51.2885-15/e35/c0.90.720.720a/s240x240/166062762_500117284345494_8217587334835306472_n.jpg?tp=1&_nc_ht=scontent-hel3-1.cdninstagram.com&_nc_cat=106&_nc_ohc=mAr0ekDoREEAX-zesZ7&ccb=7-4&oh=4c1613223f558418c1488872eaa39333&oe=6065C2C8&_nc_sid=4efc9f', 'https://scontent-hel3-1.cdninstagram.com/v/t51.2885-15/e35/c0.90.720.720a/s320x320/166062762_500117284345494_8217587334835306472_n.jpg?tp=1&_nc_ht=scontent-hel3-1.cdninstagram.com&_nc_cat=106&_nc_ohc=mAr0ekDoREEAX-zesZ7&ccb=7-4&oh=641873f1d38e9979dd052df1bc4c9c71&oe=6065953A&_nc_sid=4efc9f', 'https://scontent-hel3-1.cdninstagram.com/v/t51.2885-15/e35/c0.90.720.720a/s480x480/166062762_500117284345494_8217587334835306472_n.jpg?tp=1&_nc_ht=scontent-hel3-1.cdninstagram.com&_nc_cat=106&_nc_ohc=mAr0ekDoREEAX-zesZ7&ccb=7-4&oh=bca30e19f96ed504987a9db5f57c449e&oe=60655DFF&_nc_sid=4efc9f', 'https://scontent-hel3-1.cdninstagram.com/v/t51.2885-15/sh0.08/e35/c0.90.720.720a/s640x640/166062762_500117284345494_8217587334835306472_n.jpg?tp=1&_nc_ht=scontent-hel3-1.cdninstagram.com&_nc_cat=106&_nc_ohc=mAr0ekDoREEAX-zesZ7&ccb=7-4&oh=2bcc6dcad6aa8864cf61990c46199245&oe=606542B6&_nc_sid=4efc9f']"
"['https://scontent-hel3-1.cdninstagram.com/v/t51.2885-15/e35/c0.180.1440.1440a/s150x150/166077819_3818595378253210_8834978231480978644_n.jpg?tp=1&_nc_ht=scontent-hel3-1.cdninstagram.com&_nc_cat=110&_nc_ohc=zSX0IjPYYfkAX-mi1mf&ccb=7-4&oh=572725d4b6cd58b6db77b68f0525b96e&oe=608E2357&_nc_sid=4efc9f&ig_cache_key=MjU0MDc5NjI5NTc4ODY5NTk1NA%3D%3D.2.c-ccb7-4', 'https://scontent-hel3-1.cdninstagram.com/v/t51.2885-15/e35/c0.180.1440.1440a/s240x240/166077819_3818595378253210_8834978231480978644_n.jpg?tp=1&_nc_ht=scontent-hel3-1.cdninstagram.com&_nc_cat=110&_nc_ohc=zSX0IjPYYfkAX-mi1mf&ccb=7-4&oh=f78b69e213aeeaaa28f307a70df2ccea&oe=608D3E9F&_nc_sid=4efc9f&ig_cache_key=MjU0MDc5NjI5NTc4ODY5NTk1NA%3D%3D.2.c-ccb7-4', 'https://scontent-hel3-1.cdninstagram.com/v/t51.2885-15/e35/c0.180.1440.1440a/s320x320/166077819_3818595378253210_8834978231480978644_n.jpg?tp=1&_nc_ht=scontent-hel3-1.cdninstagram.com&_nc_cat=110&_nc_ohc=zSX0IjPYYfkAX-mi1mf&ccb=7-4&oh=3de8599b316a5dec05ec4e0013e33c30&oe=608E5942&_nc_sid=4efc9f&ig_cache_key=MjU0MDc5NjI5NTc4ODY5NTk1NA%3D%3D.2.c-ccb7-4', 'https://scontent-hel3-1.cdninstagram.com/v/t51.2885-15/e35/c0.180.1440.1440a/s480x480/166077819_3818595378253210_8834978231480978644_n.jpg?tp=1&_nc_ht=scontent-hel3-1.cdninstagram.com&_nc_cat=110&_nc_ohc=zSX0IjPYYfkAX-mi1mf&ccb=7-4&oh=591b5982a2055f49241501d5189f52f3&oe=608C5084&_nc_sid=4efc9f&ig_cache_key=MjU0MDc5NjI5NTc4ODY5NTk1NA%3D%3D.2.c-ccb7-4', 'https://scontent-hel3-1.cdninstagram.com/v/t51.2885-15/sh0.08/e35/c0.180.1440.1440a/s640x640/166077819_3818595378253210_8834978231480978644_n.jpg?tp=1&_nc_ht=scontent-hel3-1.cdninstagram.com&_nc_cat=110&_nc_ohc=zSX0IjPYYfkAX-mi1mf&ccb=7-4&oh=1acc51262ecc9f53b4019c08967a3c40&oe=608B30BA&_nc_sid=4efc9f&ig_cache_key=MjU0MDc5NjI5NTc4ODY5NTk1NA%3D%3D.2.c-ccb7-4']"
"['https://scontent-hel3-1.cdninstagram.com/v/t51.2885-15/e35/c173.0.1082.1082a/s150x150/166612105_1451525061863728_2778139788875513803_n.jpg?tp=1&_nc_ht=scontent-hel3-1.cdninstagram.com&_nc_cat=104&_nc_ohc=6lRDZNfLXZQAX_-Qbml&ccb=7-4&oh=698bbc44812b6ab99ba17c54105e6683&oe=608B33CA&_nc_sid=4efc9f&ig_cache_key=MjU0MDc5MDYyMjg4NDA3MzgyMQ%3D%3D.2.c-ccb7-4', 'https://scontent-hel3-1.cdninstagram.com/v/t51.2885-15/e35/c173.0.1082.1082a/s240x240/166612105_1451525061863728_2778139788875513803_n.jpg?tp=1&_nc_ht=scontent-hel3-1.cdninstagram.com&_nc_cat=104&_nc_ohc=6lRDZNfLXZQAX_-Qbml&ccb=7-4&oh=079daa5d296476a22d8dda88cf6cebb7&oe=608D3B82&_nc_sid=4efc9f&ig_cache_key=MjU0MDc5MDYyMjg4NDA3MzgyMQ%3D%3D.2.c-ccb7-4', 'https://scontent-hel3-1.cdninstagram.com/v/t51.2885-15/e35/c173.0.1082.1082a/s320x320/166612105_1451525061863728_2778139788875513803_n.jpg?tp=1&_nc_ht=scontent-hel3-1.cdninstagram.com&_nc_cat=104&_nc_ohc=6lRDZNfLXZQAX_-Qbml&ccb=7-4&oh=74dd2096445d600bc62803db97ea1c5d&oe=608C4DDF&_nc_sid=4efc9f&ig_cache_key=MjU0MDc5MDYyMjg4NDA3MzgyMQ%3D%3D.2.c-ccb7-4', 'https://scontent-hel3-1.cdninstagram.com/v/t51.2885-15/e35/c173.0.1082.1082a/s480x480/166612105_1451525061863728_2778139788875513803_n.jpg?tp=1&_nc_ht=scontent-hel3-1.cdninstagram.com&_nc_cat=104&_nc_ohc=6lRDZNfLXZQAX_-Qbml&ccb=7-4&oh=106b76ae73a318b7ad62f424ee728a68&oe=608E749D&_nc_sid=4efc9f&ig_cache_key=MjU0MDc5MDYyMjg4NDA3MzgyMQ%3D%3D.2.c-ccb7-4', 'https://scontent-hel3-1.cdninstagram.com/v/t51.2885-15/sh0.08/e35/c173.0.1082.1082a/s640x640/166612105_1451525061863728_2778139788875513803_n.jpg?tp=1&_nc_ht=scontent-hel3-1.cdninstagram.com&_nc_cat=104&_nc_ohc=6lRDZNfLXZQAX_-Qbml&ccb=7-4&oh=e34d327c58fda69eb86b60de13653723&oe=608C9DA7&_nc_sid=4efc9f&ig_cache_key=MjU0MDc5MDYyMjg4NDA3MzgyMQ%3D%3D.2.c-ccb7-4']"
