Heshtag,digitalavangarde
"['https://scontent-hel3-1.cdninstagram.com/v/t51.2885-15/e35/c0.180.1440.1440a/s150x150/165218564_778985489720284_3813788689115772089_n.jpg?tp=1&_nc_ht=scontent-hel3-1.cdninstagram.com&_nc_cat=104&_nc_ohc=gZHH31V2k1QAX8Ngres&ccb=7-4&oh=ff4f0304233208580b3230e8a09654d7&oe=608BBE42&_nc_sid=4efc9f&ig_cache_key=MjUzOTUxNTAzNDkxMTMzNjAxMw%3D%3D.2.c-ccb7-4', 'https://scontent-hel3-1.cdninstagram.com/v/t51.2885-15/e35/c0.180.1440.1440a/s240x240/165218564_778985489720284_3813788689115772089_n.jpg?tp=1&_nc_ht=scontent-hel3-1.cdninstagram.com&_nc_cat=104&_nc_ohc=gZHH31V2k1QAX8Ngres&ccb=7-4&oh=ab55bc982f0bf61b723ec75d75fd2ad8&oe=608E8CC8&_nc_sid=4efc9f&ig_cache_key=MjUzOTUxNTAzNDkxMTMzNjAxMw%3D%3D.2.c-ccb7-4', 'https://scontent-hel3-1.cdninstagram.com/v/t51.2885-15/e35/c0.180.1440.1440a/s320x320/165218564_778985489720284_3813788689115772089_n.jpg?tp=1&_nc_ht=scontent-hel3-1.cdninstagram.com&_nc_cat=104&_nc_ohc=gZHH31V2k1QAX8Ngres&ccb=7-4&oh=c4d92936d1b9a9b2b491cbf95ebcd1c6&oe=608B3DBA&_nc_sid=4efc9f&ig_cache_key=MjUzOTUxNTAzNDkxMTMzNjAxMw%3D%3D.2.c-ccb7-4', 'https://scontent-hel3-1.cdninstagram.com/v/t51.2885-15/e35/c0.180.1440.1440a/s480x480/165218564_778985489720284_3813788689115772089_n.jpg?tp=1&_nc_ht=scontent-hel3-1.cdninstagram.com&_nc_cat=104&_nc_ohc=gZHH31V2k1QAX8Ngres&ccb=7-4&oh=7fd62a0011b246e14f176d00f033eb81&oe=608BA4FF&_nc_sid=4efc9f&ig_cache_key=MjUzOTUxNTAzNDkxMTMzNjAxMw%3D%3D.2.c-ccb7-4', 'https://scontent-hel3-1.cdninstagram.com/v/t51.2885-15/sh0.08/e35/c0.180.1440.1440a/s640x640/165218564_778985489720284_3813788689115772089_n.jpg?tp=1&_nc_ht=scontent-hel3-1.cdninstagram.com&_nc_cat=104&_nc_ohc=gZHH31V2k1QAX8Ngres&ccb=7-4&oh=1faf7db1d37de7a392c76c45b0cf56e6&oe=608DC1F2&_nc_sid=4efc9f&ig_cache_key=MjUzOTUxNTAzNDkxMTMzNjAxMw%3D%3D.2.c-ccb7-4']"
"['https://scontent-hel3-1.cdninstagram.com/v/t51.2885-15/e35/c0.179.1440.1440a/s150x150/163437965_923364865117765_7039546001734703786_n.jpg?tp=1&_nc_ht=scontent-hel3-1.cdninstagram.com&_nc_cat=101&_nc_ohc=DG6mIFVEgOkAX8ohw3P&ccb=7-4&oh=a815dd62e14b32bbabbf79d9c2c8ff5e&oe=608E91B6&_nc_sid=4efc9f&ig_cache_key=MjUzNjYxNzExMTQ5MTg2MjQ0NQ%3D%3D.2.c-ccb7-4', 'https://scontent-hel3-1.cdninstagram.com/v/t51.2885-15/e35/c0.179.1440.1440a/s240x240/163437965_923364865117765_7039546001734703786_n.jpg?tp=1&_nc_ht=scontent-hel3-1.cdninstagram.com&_nc_cat=101&_nc_ohc=DG6mIFVEgOkAX8ohw3P&ccb=7-4&oh=ce23dedf2bc39c1a275970691c888e1a&oe=608E50B4&_nc_sid=4efc9f&ig_cache_key=MjUzNjYxNzExMTQ5MTg2MjQ0NQ%3D%3D.2.c-ccb7-4', 'https://scontent-hel3-1.cdninstagram.com/v/t51.2885-15/e35/c0.179.1440.1440a/s320x320/163437965_923364865117765_7039546001734703786_n.jpg?tp=1&_nc_ht=scontent-hel3-1.cdninstagram.com&_nc_cat=101&_nc_ohc=DG6mIFVEgOkAX8ohw3P&ccb=7-4&oh=9978f795af25c08563f521c8cd2646c2&oe=608ADFCE&_nc_sid=4efc9f&ig_cache_key=MjUzNjYxNzExMTQ5MTg2MjQ0NQ%3D%3D.2.c-ccb7-4', 'https://scontent-hel3-1.cdninstagram.com/v/t51.2885-15/e35/c0.179.1440.1440a/s480x480/163437965_923364865117765_7039546001734703786_n.jpg?tp=1&_nc_ht=scontent-hel3-1.cdninstagram.com&_nc_cat=101&_nc_ohc=DG6mIFVEgOkAX8ohw3P&ccb=7-4&oh=2ffb7ff2a29706401e9b344e59cf0e36&oe=608CA90B&_nc_sid=4efc9f&ig_cache_key=MjUzNjYxNzExMTQ5MTg2MjQ0NQ%3D%3D.2.c-ccb7-4', 'https://scontent-hel3-1.cdninstagram.com/v/t51.2885-15/sh0.08/e35/c0.179.1440.1440a/s640x640/163437965_923364865117765_7039546001734703786_n.jpg?tp=1&_nc_ht=scontent-hel3-1.cdninstagram.com&_nc_cat=101&_nc_ohc=DG6mIFVEgOkAX8ohw3P&ccb=7-4&oh=2f2beed46e0ced9b63c451c73fbbe1b0&oe=608C6786&_nc_sid=4efc9f&ig_cache_key=MjUzNjYxNzExMTQ5MTg2MjQ0NQ%3D%3D.2.c-ccb7-4']"
"['https://scontent-hel3-1.cdninstagram.com/v/t51.2885-15/e35/c143.0.1153.1153a/s150x150/162730640_1175007939612342_3731443486141152522_n.jpg?tp=1&_nc_ht=scontent-hel3-1.cdninstagram.com&_nc_cat=106&_nc_ohc=4WGPmJFn7O8AX9FGSjL&ccb=7-4&oh=f47fbfaa0aa97933332573f8aabab4eb&oe=608DBDCA&_nc_sid=4efc9f&ig_cache_key=MjUzNDQzNzA1NTYyNTYxMjEzNw%3D%3D.2.c-ccb7-4', 'https://scontent-hel3-1.cdninstagram.com/v/t51.2885-15/e35/c143.0.1153.1153a/s240x240/162730640_1175007939612342_3731443486141152522_n.jpg?tp=1&_nc_ht=scontent-hel3-1.cdninstagram.com&_nc_cat=106&_nc_ohc=4WGPmJFn7O8AX9FGSjL&ccb=7-4&oh=f289dd8e69bb4141dea020edb3a24d18&oe=608B4702&_nc_sid=4efc9f&ig_cache_key=MjUzNDQzNzA1NTYyNTYxMjEzNw%3D%3D.2.c-ccb7-4', 'https://scontent-hel3-1.cdninstagram.com/v/t51.2885-15/e35/c143.0.1153.1153a/s320x320/162730640_1175007939612342_3731443486141152522_n.jpg?tp=1&_nc_ht=scontent-hel3-1.cdninstagram.com&_nc_cat=106&_nc_ohc=4WGPmJFn7O8AX9FGSjL&ccb=7-4&oh=e5f1d5d49bb9c013017fdaabbf4713ea&oe=608AD15F&_nc_sid=4efc9f&ig_cache_key=MjUzNDQzNzA1NTYyNTYxMjEzNw%3D%3D.2.c-ccb7-4', 'https://scontent-hel3-1.cdninstagram.com/v/t51.2885-15/e35/c143.0.1153.1153a/s480x480/162730640_1175007939612342_3731443486141152522_n.jpg?tp=1&_nc_ht=scontent-hel3-1.cdninstagram.com&_nc_cat=106&_nc_ohc=4WGPmJFn7O8AX9FGSjL&ccb=7-4&oh=9a8d4eab1db1fdccffa4c7e1273095df&oe=608D2F1D&_nc_sid=4efc9f&ig_cache_key=MjUzNDQzNzA1NTYyNTYxMjEzNw%3D%3D.2.c-ccb7-4', 'https://scontent-hel3-1.cdninstagram.com/v/t51.2885-15/sh0.08/e35/c143.0.1153.1153a/s640x640/162730640_1175007939612342_3731443486141152522_n.jpg?tp=1&_nc_ht=scontent-hel3-1.cdninstagram.com&_nc_cat=106&_nc_ohc=4WGPmJFn7O8AX9FGSjL&ccb=7-4&oh=c37e2ddc79e2fb6037f7b8b737df7afb&oe=608BF427&_nc_sid=4efc9f&ig_cache_key=MjUzNDQzNzA1NTYyNTYxMjEzNw%3D%3D.2.c-ccb7-4']"
"['https://scontent-hel3-1.cdninstagram.com/v/t51.2885-15/e35/c0.180.1440.1440a/s150x150/161382756_188731006102366_7567261586652366866_n.jpg?tp=1&_nc_ht=scontent-hel3-1.cdninstagram.com&_nc_cat=110&_nc_ohc=ZvJER8dI73MAX-5kUFx&ccb=7-4&oh=c40c3d8f522a28785472f96e0c4635e8&oe=608C6442&_nc_sid=4efc9f&ig_cache_key=MjUzMjI2NDAzMjQxNTgwMDQ2NA%3D%3D.2.c-ccb7-4', 'https://scontent-hel3-1.cdninstagram.com/v/t51.2885-15/e35/c0.180.1440.1440a/s240x240/161382756_188731006102366_7567261586652366866_n.jpg?tp=1&_nc_ht=scontent-hel3-1.cdninstagram.com&_nc_cat=110&_nc_ohc=ZvJER8dI73MAX-5kUFx&ccb=7-4&oh=60de2b812cd4e9a63c1e0b0648503995&oe=608C2EC8&_nc_sid=4efc9f&ig_cache_key=MjUzMjI2NDAzMjQxNTgwMDQ2NA%3D%3D.2.c-ccb7-4', 'https://scontent-hel3-1.cdninstagram.com/v/t51.2885-15/e35/c0.180.1440.1440a/s320x320/161382756_188731006102366_7567261586652366866_n.jpg?tp=1&_nc_ht=scontent-hel3-1.cdninstagram.com&_nc_cat=110&_nc_ohc=ZvJER8dI73MAX-5kUFx&ccb=7-4&oh=6291d30797ee30417b1861ca98939892&oe=608D713A&_nc_sid=4efc9f&ig_cache_key=MjUzMjI2NDAzMjQxNTgwMDQ2NA%3D%3D.2.c-ccb7-4', 'https://scontent-hel3-1.cdninstagram.com/v/t51.2885-15/e35/c0.180.1440.1440a/s480x480/161382756_188731006102366_7567261586652366866_n.jpg?tp=1&_nc_ht=scontent-hel3-1.cdninstagram.com&_nc_cat=110&_nc_ohc=ZvJER8dI73MAX-5kUFx&ccb=7-4&oh=cda7174ee3ecc63e5996b9c3fb291f6a&oe=608AF3FF&_nc_sid=4efc9f&ig_cache_key=MjUzMjI2NDAzMjQxNTgwMDQ2NA%3D%3D.2.c-ccb7-4', 'https://scontent-hel3-1.cdninstagram.com/v/t51.2885-15/sh0.08/e35/c0.180.1440.1440a/s640x640/161382756_188731006102366_7567261586652366866_n.jpg?tp=1&_nc_ht=scontent-hel3-1.cdninstagram.com&_nc_cat=110&_nc_ohc=ZvJER8dI73MAX-5kUFx&ccb=7-4&oh=edba2cc618e1617ab3abd3af417dfcc4&oe=608DD0F2&_nc_sid=4efc9f&ig_cache_key=MjUzMjI2NDAzMjQxNTgwMDQ2NA%3D%3D.2.c-ccb7-4']"
"['https://scontent-hel3-1.cdninstagram.com/v/t51.2885-15/e35/c0.180.1440.1440a/s150x150/160258378_430697774701097_5682266076401462227_n.jpg?tp=1&_nc_ht=scontent-hel3-1.cdninstagram.com&_nc_cat=105&_nc_ohc=OJiBn5stafQAX-TuwSc&ccb=7-4&oh=ecdf21897581a74ce10f5c5d95b31597&oe=608AC973&_nc_sid=4efc9f&ig_cache_key=MjUyOTM2MzYwOTc3MDA5MDA5Mw%3D%3D.2.c-ccb7-4', 'https://scontent-hel3-1.cdninstagram.com/v/t51.2885-15/e35/c0.180.1440.1440a/s240x240/160258378_430697774701097_5682266076401462227_n.jpg?tp=1&_nc_ht=scontent-hel3-1.cdninstagram.com&_nc_cat=105&_nc_ohc=OJiBn5stafQAX-TuwSc&ccb=7-4&oh=b9969211c4e09bc1b52da514d33409b9&oe=608E3CF5&_nc_sid=4efc9f&ig_cache_key=MjUyOTM2MzYwOTc3MDA5MDA5Mw%3D%3D.2.c-ccb7-4', 'https://scontent-hel3-1.cdninstagram.com/v/t51.2885-15/e35/c0.180.1440.1440a/s320x320/160258378_430697774701097_5682266076401462227_n.jpg?tp=1&_nc_ht=scontent-hel3-1.cdninstagram.com&_nc_cat=105&_nc_ohc=OJiBn5stafQAX-TuwSc&ccb=7-4&oh=9774d5d151b147dd4fcb004e05fc8935&oe=608EA48B&_nc_sid=4efc9f&ig_cache_key=MjUyOTM2MzYwOTc3MDA5MDA5Mw%3D%3D.2.c-ccb7-4', 'https://scontent-hel3-1.cdninstagram.com/v/t51.2885-15/e35/c0.180.1440.1440a/s480x480/160258378_430697774701097_5682266076401462227_n.jpg?tp=1&_nc_ht=scontent-hel3-1.cdninstagram.com&_nc_cat=105&_nc_ohc=OJiBn5stafQAX-TuwSc&ccb=7-4&oh=3de05da9c544cc38505045043f0a561a&oe=608D6C4E&_nc_sid=4efc9f&ig_cache_key=MjUyOTM2MzYwOTc3MDA5MDA5Mw%3D%3D.2.c-ccb7-4', 'https://scontent-hel3-1.cdninstagram.com/v/t51.2885-15/sh0.08/e35/c0.180.1440.1440a/s640x640/160258378_430697774701097_5682266076401462227_n.jpg?tp=1&_nc_ht=scontent-hel3-1.cdninstagram.com&_nc_cat=105&_nc_ohc=OJiBn5stafQAX-TuwSc&ccb=7-4&oh=33c574d9e770f83091b5c88d5d79aa16&oe=608D13C3&_nc_sid=4efc9f&ig_cache_key=MjUyOTM2MzYwOTc3MDA5MDA5Mw%3D%3D.2.c-ccb7-4']"
"['https://scontent-hel3-1.cdninstagram.com/v/t51.2885-15/e35/c0.179.1440.1440a/s150x150/158878993_467276517956751_130559465118730948_n.jpg?tp=1&_nc_ht=scontent-hel3-1.cdninstagram.com&_nc_cat=103&_nc_ohc=5hYmKfMOST4AX89oMDU&ccb=7-4&oh=08dce23bfdefb898ffbf94eaad3f472d&oe=608EA42E&_nc_sid=4efc9f&ig_cache_key=MjUyNzE4NDA3Njk1ODc4Nzk5NQ%3D%3D.2.c-ccb7-4', 'https://scontent-hel3-1.cdninstagram.com/v/t51.2885-15/e35/c0.179.1440.1440a/s240x240/158878993_467276517956751_130559465118730948_n.jpg?tp=1&_nc_ht=scontent-hel3-1.cdninstagram.com&_nc_cat=103&_nc_ohc=5hYmKfMOST4AX89oMDU&ccb=7-4&oh=f6e4e3b13f4f2850981a8ebf9f69ac18&oe=608C2FE8&_nc_sid=4efc9f&ig_cache_key=MjUyNzE4NDA3Njk1ODc4Nzk5NQ%3D%3D.2.c-ccb7-4', 'https://scontent-hel3-1.cdninstagram.com/v/t51.2885-15/e35/c0.179.1440.1440a/s320x320/158878993_467276517956751_130559465118730948_n.jpg?tp=1&_nc_ht=scontent-hel3-1.cdninstagram.com&_nc_cat=103&_nc_ohc=5hYmKfMOST4AX89oMDU&ccb=7-4&oh=6899a3571c0d88e9ee6ed4f04a30a002&oe=608C3FDE&_nc_sid=4efc9f&ig_cache_key=MjUyNzE4NDA3Njk1ODc4Nzk5NQ%3D%3D.2.c-ccb7-4', 'https://scontent-hel3-1.cdninstagram.com/v/t51.2885-15/e35/c0.179.1440.1440a/s480x480/158878993_467276517956751_130559465118730948_n.jpg?tp=1&_nc_ht=scontent-hel3-1.cdninstagram.com&_nc_cat=103&_nc_ohc=5hYmKfMOST4AX89oMDU&ccb=7-4&oh=9ef3d27f4e85127ab80eebd3940f4cd0&oe=608E7208&_nc_sid=4efc9f&ig_cache_key=MjUyNzE4NDA3Njk1ODc4Nzk5NQ%3D%3D.2.c-ccb7-4', 'https://scontent-hel3-1.cdninstagram.com/v/t51.2885-15/sh0.08/e35/c0.179.1440.1440a/s640x640/158878993_467276517956751_130559465118730948_n.jpg?tp=1&_nc_ht=scontent-hel3-1.cdninstagram.com&_nc_cat=103&_nc_ohc=5hYmKfMOST4AX89oMDU&ccb=7-4&oh=dce4d119611ec14f5f83a15c81c6b7f1&oe=608E7767&_nc_sid=4efc9f&ig_cache_key=MjUyNzE4NDA3Njk1ODc4Nzk5NQ%3D%3D.2.c-ccb7-4']"
"['https://scontent-hel3-1.cdninstagram.com/v/t51.2885-15/e35/c0.179.1440.1440a/s150x150/159439191_485596969108599_698389996514895636_n.jpg?tp=1&_nc_ht=scontent-hel3-1.cdninstagram.com&_nc_cat=103&_nc_ohc=TpZ3477BmbMAX_QiRit&ccb=7-4&oh=edfb61844c5379e38706a4d72f53dada&oe=608C9FDE&_nc_sid=4efc9f&ig_cache_key=MjUyNTczNzI3MDk1MzU1OTg1Mw%3D%3D.2.c-ccb7-4', 'https://scontent-hel3-1.cdninstagram.com/v/t51.2885-15/e35/c0.179.1440.1440a/s240x240/159439191_485596969108599_698389996514895636_n.jpg?tp=1&_nc_ht=scontent-hel3-1.cdninstagram.com&_nc_cat=103&_nc_ohc=TpZ3477BmbMAX_QiRit&ccb=7-4&oh=e7c869f6ace19cb564308fc6273ce0b1&oe=608D6C98&_nc_sid=4efc9f&ig_cache_key=MjUyNTczNzI3MDk1MzU1OTg1Mw%3D%3D.2.c-ccb7-4', 'https://scontent-hel3-1.cdninstagram.com/v/t51.2885-15/e35/c0.179.1440.1440a/s320x320/159439191_485596969108599_698389996514895636_n.jpg?tp=1&_nc_ht=scontent-hel3-1.cdninstagram.com&_nc_cat=103&_nc_ohc=TpZ3477BmbMAX_QiRit&ccb=7-4&oh=afad1c2a9f2b0f5f27b06abe6851bd8f&oe=608C082E&_nc_sid=4efc9f&ig_cache_key=MjUyNTczNzI3MDk1MzU1OTg1Mw%3D%3D.2.c-ccb7-4', 'https://scontent-hel3-1.cdninstagram.com/v/t51.2885-15/e35/c0.179.1440.1440a/s480x480/159439191_485596969108599_698389996514895636_n.jpg?tp=1&_nc_ht=scontent-hel3-1.cdninstagram.com&_nc_cat=103&_nc_ohc=TpZ3477BmbMAX_QiRit&ccb=7-4&oh=5dfde3c5b25b5d4fa635f3e92c203478&oe=608AF078&_nc_sid=4efc9f&ig_cache_key=MjUyNTczNzI3MDk1MzU1OTg1Mw%3D%3D.2.c-ccb7-4', 'https://scontent-hel3-1.cdninstagram.com/v/t51.2885-15/sh0.08/e35/c0.179.1440.1440a/s640x640/159439191_485596969108599_698389996514895636_n.jpg?tp=1&_nc_ht=scontent-hel3-1.cdninstagram.com&_nc_cat=103&_nc_ohc=TpZ3477BmbMAX_QiRit&ccb=7-4&oh=f22a0a72f398ea365d8b1e09d9925aea&oe=608CF917&_nc_sid=4efc9f&ig_cache_key=MjUyNTczNzI3MDk1MzU1OTg1Mw%3D%3D.2.c-ccb7-4']"
"['https://scontent-hel3-1.cdninstagram.com/v/t51.2885-15/e35/c145.0.1150.1150a/s150x150/157740959_550757395898704_4267656906396249124_n.jpg?tp=1&_nc_ht=scontent-hel3-1.cdninstagram.com&_nc_cat=104&_nc_ohc=ADhBKUSz7EgAX-hDiKp&ccb=7-4&oh=f5b771e96e88aa07dee4e3eea5aa8bcf&oe=608BECBB&_nc_sid=4efc9f&ig_cache_key=MjUyMjgyNzE1Mjg4ODgwNDg1NQ%3D%3D.2.c-ccb7-4', 'https://scontent-hel3-1.cdninstagram.com/v/t51.2885-15/e35/c145.0.1150.1150a/s240x240/157740959_550757395898704_4267656906396249124_n.jpg?tp=1&_nc_ht=scontent-hel3-1.cdninstagram.com&_nc_cat=104&_nc_ohc=ADhBKUSz7EgAX-hDiKp&ccb=7-4&oh=951b51b62b2f8edef667d068e3d4dbda&oe=608CCFBD&_nc_sid=4efc9f&ig_cache_key=MjUyMjgyNzE1Mjg4ODgwNDg1NQ%3D%3D.2.c-ccb7-4', 'https://scontent-hel3-1.cdninstagram.com/v/t51.2885-15/e35/c145.0.1150.1150a/s320x320/157740959_550757395898704_4267656906396249124_n.jpg?tp=1&_nc_ht=scontent-hel3-1.cdninstagram.com&_nc_cat=104&_nc_ohc=ADhBKUSz7EgAX-hDiKp&ccb=7-4&oh=e0899378465c211f5f8101b98d3090b4&oe=608D98C3&_nc_sid=4efc9f&ig_cache_key=MjUyMjgyNzE1Mjg4ODgwNDg1NQ%3D%3D.2.c-ccb7-4', 'https://scontent-hel3-1.cdninstagram.com/v/t51.2885-15/e35/c145.0.1150.1150a/s480x480/157740959_550757395898704_4267656906396249124_n.jpg?tp=1&_nc_ht=scontent-hel3-1.cdninstagram.com&_nc_cat=104&_nc_ohc=ADhBKUSz7EgAX-hDiKp&ccb=7-4&oh=fd51d59a7239227efebd6071bcaa0ad0&oe=608CA906&_nc_sid=4efc9f&ig_cache_key=MjUyMjgyNzE1Mjg4ODgwNDg1NQ%3D%3D.2.c-ccb7-4', 'https://scontent-hel3-1.cdninstagram.com/v/t51.2885-15/sh0.08/e35/c145.0.1150.1150a/s640x640/157740959_550757395898704_4267656906396249124_n.jpg?tp=1&_nc_ht=scontent-hel3-1.cdninstagram.com&_nc_cat=104&_nc_ohc=ADhBKUSz7EgAX-hDiKp&ccb=7-4&oh=04baf079aa8c3549a23368e3c5bbc925&oe=608E740B&_nc_sid=4efc9f&ig_cache_key=MjUyMjgyNzE1Mjg4ODgwNDg1NQ%3D%3D.2.c-ccb7-4']"
"['https://scontent-hel3-1.cdninstagram.com/v/t51.2885-15/e35/c0.90.720.720a/s150x150/157520980_442195970411319_3368970218229709488_n.jpg?tp=1&_nc_ht=scontent-hel3-1.cdninstagram.com&_nc_cat=103&_nc_ohc=EnS5cx8jJzgAX-n6alZ&ccb=7-4&oh=9a3987f0b3f7988c27fad94cb24d6e5e&oe=60652BF8&_nc_sid=4efc9f', 'https://scontent-hel3-1.cdninstagram.com/v/t51.2885-15/e35/c0.90.720.720a/s240x240/157520980_442195970411319_3368970218229709488_n.jpg?tp=1&_nc_ht=scontent-hel3-1.cdninstagram.com&_nc_cat=103&_nc_ohc=EnS5cx8jJzgAX-n6alZ&ccb=7-4&oh=3bea9416887ce1cd8e331c4840bde7f5&oe=60653FF2&_nc_sid=4efc9f', 'https://scontent-hel3-1.cdninstagram.com/v/t51.2885-15/e35/c0.90.720.720a/s320x320/157520980_442195970411319_3368970218229709488_n.jpg?tp=1&_nc_ht=scontent-hel3-1.cdninstagram.com&_nc_cat=103&_nc_ohc=EnS5cx8jJzgAX-n6alZ&ccb=7-4&oh=efd9cee9da9d8898a086b99cc084697a&oe=60655610&_nc_sid=4efc9f', 'https://scontent-hel3-1.cdninstagram.com/v/t51.2885-15/e35/c0.90.720.720a/s480x480/157520980_442195970411319_3368970218229709488_n.jpg?tp=1&_nc_ht=scontent-hel3-1.cdninstagram.com&_nc_cat=103&_nc_ohc=EnS5cx8jJzgAX-n6alZ&ccb=7-4&oh=06d4c733d9a3ab97cb98f3edd2ba8e07&oe=606536C9&_nc_sid=4efc9f', 'https://scontent-hel3-1.cdninstagram.com/v/t51.2885-15/sh0.08/e35/c0.90.720.720a/s640x640/157520980_442195970411319_3368970218229709488_n.jpg?tp=1&_nc_ht=scontent-hel3-1.cdninstagram.com&_nc_cat=103&_nc_ohc=EnS5cx8jJzgAX-n6alZ&ccb=7-4&oh=4ddcd432ee166a71566f0b4e8fadb769&oe=606598C4&_nc_sid=4efc9f']"
"['https://scontent-hel3-1.cdninstagram.com/v/t51.2885-15/e35/c0.179.1440.1440a/s150x150/154757772_798555330752940_248426121214269533_n.jpg?tp=1&_nc_ht=scontent-hel3-1.cdninstagram.com&_nc_cat=100&_nc_ohc=0WpT_pmzl7UAX94-uoe&ccb=7-4&oh=ef20f9003ddee1d1493704ace93ae12f&oe=608E2C7E&_nc_sid=4efc9f&ig_cache_key=MjUyMDY1MTc1MjcyNTEwNTI1OQ%3D%3D.2.c-ccb7-4', 'https://scontent-hel3-1.cdninstagram.com/v/t51.2885-15/e35/c0.179.1440.1440a/s240x240/154757772_798555330752940_248426121214269533_n.jpg?tp=1&_nc_ht=scontent-hel3-1.cdninstagram.com&_nc_cat=100&_nc_ohc=0WpT_pmzl7UAX94-uoe&ccb=7-4&oh=4f4e3a0517fd028a01361d0035875e18&oe=608BED38&_nc_sid=4efc9f&ig_cache_key=MjUyMDY1MTc1MjcyNTEwNTI1OQ%3D%3D.2.c-ccb7-4', 'https://scontent-hel3-1.cdninstagram.com/v/t51.2885-15/e35/c0.179.1440.1440a/s320x320/154757772_798555330752940_248426121214269533_n.jpg?tp=1&_nc_ht=scontent-hel3-1.cdninstagram.com&_nc_cat=100&_nc_ohc=0WpT_pmzl7UAX94-uoe&ccb=7-4&oh=e76ff76fd6c70992473c7a48b6f22626&oe=608D8D8E&_nc_sid=4efc9f&ig_cache_key=MjUyMDY1MTc1MjcyNTEwNTI1OQ%3D%3D.2.c-ccb7-4', 'https://scontent-hel3-1.cdninstagram.com/v/t51.2885-15/e35/c0.179.1440.1440a/s480x480/154757772_798555330752940_248426121214269533_n.jpg?tp=1&_nc_ht=scontent-hel3-1.cdninstagram.com&_nc_cat=100&_nc_ohc=0WpT_pmzl7UAX94-uoe&ccb=7-4&oh=62358bc8935a8b3ca23023150e945653&oe=608CB7D8&_nc_sid=4efc9f&ig_cache_key=MjUyMDY1MTc1MjcyNTEwNTI1OQ%3D%3D.2.c-ccb7-4', 'https://scontent-hel3-1.cdninstagram.com/v/t51.2885-15/sh0.08/e35/c0.179.1440.1440a/s640x640/154757772_798555330752940_248426121214269533_n.jpg?tp=1&_nc_ht=scontent-hel3-1.cdninstagram.com&_nc_cat=100&_nc_ohc=0WpT_pmzl7UAX94-uoe&ccb=7-4&oh=37cc504aaade24acb93ad6b97b8aac07&oe=608E5437&_nc_sid=4efc9f&ig_cache_key=MjUyMDY1MTc1MjcyNTEwNTI1OQ%3D%3D.2.c-ccb7-4']"
