Heshtag,inbeautmag
"['https://scontent-hel3-1.cdninstagram.com/v/t51.2885-15/e35/c0.93.1440.1440a/s150x150/166097340_1387932024879030_3740742026844161314_n.jpg?tp=1&_nc_ht=scontent-hel3-1.cdninstagram.com&_nc_cat=106&_nc_ohc=nuVBkUe9JLkAX8WM2eS&ccb=7-4&oh=a61e9093aca739576277da993fbec756&oe=608B5E1B&_nc_sid=4efc9f&ig_cache_key=MjU0MDgzNjExMjc3NzM5ODU2Ng%3D%3D.2.c-ccb7-4', 'https://scontent-hel3-1.cdninstagram.com/v/t51.2885-15/e35/c0.93.1440.1440a/s240x240/166097340_1387932024879030_3740742026844161314_n.jpg?tp=1&_nc_ht=scontent-hel3-1.cdninstagram.com&_nc_cat=106&_nc_ohc=nuVBkUe9JLkAX8WM2eS&ccb=7-4&oh=5a802331b7611be32a750e7fa4421a2a&oe=608E6ED3&_nc_sid=4efc9f&ig_cache_key=MjU0MDgzNjExMjc3NzM5ODU2Ng%3D%3D.2.c-ccb7-4', 'https://scontent-hel3-1.cdninstagram.com/v/t51.2885-15/e35/c0.93.1440.1440a/s320x320/166097340_1387932024879030_3740742026844161314_n.jpg?tp=1&_nc_ht=scontent-hel3-1.cdninstagram.com&_nc_cat=106&_nc_ohc=nuVBkUe9JLkAX8WM2eS&ccb=7-4&oh=522669037c1d0c18c83f81330412c010&oe=608D330E&_nc_sid=4efc9f&ig_cache_key=MjU0MDgzNjExMjc3NzM5ODU2Ng%3D%3D.2.c-ccb7-4', 'https://scontent-hel3-1.cdninstagram.com/v/t51.2885-15/e35/c0.93.1440.1440a/s480x480/166097340_1387932024879030_3740742026844161314_n.jpg?tp=1&_nc_ht=scontent-hel3-1.cdninstagram.com&_nc_cat=106&_nc_ohc=nuVBkUe9JLkAX8WM2eS&ccb=7-4&oh=b498b0140347948105d10e5aa5fd7224&oe=608C3A50&_nc_sid=4efc9f&ig_cache_key=MjU0MDgzNjExMjc3NzM5ODU2Ng%3D%3D.2.c-ccb7-4', 'https://scontent-hel3-1.cdninstagram.com/v/t51.2885-15/sh0.08/e35/c0.93.1440.1440a/s640x640/166097340_1387932024879030_3740742026844161314_n.jpg?tp=1&_nc_ht=scontent-hel3-1.cdninstagram.com&_nc_cat=106&_nc_ohc=nuVBkUe9JLkAX8WM2eS&ccb=7-4&oh=ec8857c31ce2cdecee697e1c0694b3ff&oe=608D7F44&_nc_sid=4efc9f&ig_cache_key=MjU0MDgzNjExMjc3NzM5ODU2Ng%3D%3D.2.c-ccb7-4']"
"['https://scontent-hel3-1.cdninstagram.com/v/t51.2885-15/e35/c0.80.640.640a/s150x150/166022104_441902623563103_6081880161026635932_n.jpg?tp=1&_nc_ht=scontent-hel3-1.cdninstagram.com&_nc_cat=107&_nc_ohc=Holi-cR8z3UAX97J3l0&ccb=7-4&oh=8502a5fe1f3327a9c29b75ff7f881c95&oe=60659CEB&_nc_sid=4efc9f', 'https://scontent-hel3-1.cdninstagram.com/v/t51.2885-15/e35/c0.80.640.640a/s240x240/166022104_441902623563103_6081880161026635932_n.jpg?tp=1&_nc_ht=scontent-hel3-1.cdninstagram.com&_nc_cat=107&_nc_ohc=Holi-cR8z3UAX97J3l0&ccb=7-4&oh=afa69153cf5c4e1e9866f7f3014d3808&oe=6065726D&_nc_sid=4efc9f', 'https://scontent-hel3-1.cdninstagram.com/v/t51.2885-15/e35/c0.80.640.640a/s320x320/166022104_441902623563103_6081880161026635932_n.jpg?tp=1&_nc_ht=scontent-hel3-1.cdninstagram.com&_nc_cat=107&_nc_ohc=Holi-cR8z3UAX97J3l0&ccb=7-4&oh=f035b8cc0feb98dc11530f4435430dff&oe=60652913&_nc_sid=4efc9f', 'https://scontent-hel3-1.cdninstagram.com/v/t51.2885-15/e35/c0.80.640.640a/s480x480/166022104_441902623563103_6081880161026635932_n.jpg?tp=1&_nc_ht=scontent-hel3-1.cdninstagram.com&_nc_cat=107&_nc_ohc=Holi-cR8z3UAX97J3l0&ccb=7-4&oh=1a5d55c97a78d6de14b4a0380b7ec831&oe=60652D56&_nc_sid=4efc9f', 'https://scontent-hel3-1.cdninstagram.com/v/t51.2885-15/e35/c0.80.640.640a/166022104_441902623563103_6081880161026635932_n.jpg?tp=1&_nc_ht=scontent-hel3-1.cdninstagram.com&_nc_cat=107&_nc_ohc=Holi-cR8z3UAX97J3l0&ccb=7-4&oh=cd1e009743021801080a2970c7b76777&oe=60659FB8&_nc_sid=4efc9f']"
"['https://scontent-hel3-1.cdninstagram.com/v/t51.2885-15/e35/s150x150/165929386_759034881417750_4932451784936083165_n.jpg?tp=1&_nc_ht=scontent-hel3-1.cdninstagram.com&_nc_cat=106&_nc_ohc=oasQ5j2ReU8AX8VmLUq&ccb=7-4&oh=a29c07d914ef684115b4f91fbed97bfe&oe=608E34C5&_nc_sid=4efc9f&ig_cache_key=MjU0MDgyODYxMDM3NzEwMjc5OQ%3D%3D.2-ccb7-4', 'https://scontent-hel3-1.cdninstagram.com/v/t51.2885-15/e35/s240x240/165929386_759034881417750_4932451784936083165_n.jpg?tp=1&_nc_ht=scontent-hel3-1.cdninstagram.com&_nc_cat=106&_nc_ohc=oasQ5j2ReU8AX8VmLUq&ccb=7-4&oh=a7bfbb4014a375fd8d6736366a736368&oe=608DCFC3&_nc_sid=4efc9f&ig_cache_key=MjU0MDgyODYxMDM3NzEwMjc5OQ%3D%3D.2-ccb7-4', 'https://scontent-hel3-1.cdninstagram.com/v/t51.2885-15/e35/s320x320/165929386_759034881417750_4932451784936083165_n.jpg?tp=1&_nc_ht=scontent-hel3-1.cdninstagram.com&_nc_cat=106&_nc_ohc=oasQ5j2ReU8AX8VmLUq&ccb=7-4&oh=cc92601e359bc001ea848dfb7f9be119&oe=608C4EBD&_nc_sid=4efc9f&ig_cache_key=MjU0MDgyODYxMDM3NzEwMjc5OQ%3D%3D.2-ccb7-4', 'https://scontent-hel3-1.cdninstagram.com/v/t51.2885-15/e35/s480x480/165929386_759034881417750_4932451784936083165_n.jpg?tp=1&_nc_ht=scontent-hel3-1.cdninstagram.com&_nc_cat=106&_nc_ohc=oasQ5j2ReU8AX8VmLUq&ccb=7-4&oh=29346eede8e9054b2c46006364df15d1&oe=608D737C&_nc_sid=4efc9f&ig_cache_key=MjU0MDgyODYxMDM3NzEwMjc5OQ%3D%3D.2-ccb7-4', 'https://scontent-hel3-1.cdninstagram.com/v/t51.2885-15/sh0.08/e35/s640x640/165929386_759034881417750_4932451784936083165_n.jpg?tp=1&_nc_ht=scontent-hel3-1.cdninstagram.com&_nc_cat=106&_nc_ohc=oasQ5j2ReU8AX8VmLUq&ccb=7-4&oh=91e7d797c829ddbf33de1c8e8d150863&oe=608DDCC2&_nc_sid=4efc9f&ig_cache_key=MjU0MDgyODYxMDM3NzEwMjc5OQ%3D%3D.2-ccb7-4']"
"['https://scontent-hel3-1.cdninstagram.com/v/t51.2885-15/e35/s150x150/166631916_269811604810104_8643241576850108600_n.jpg?tp=1&_nc_ht=scontent-hel3-1.cdninstagram.com&_nc_cat=100&_nc_ohc=R01h6hYmjx0AX8P9Zyg&ccb=7-4&oh=dc4de9ef8e7de9e7b570b7768564620b&oe=608B0052&_nc_sid=4efc9f&ig_cache_key=MjU0MDgyNjg3ODIzNzUzMTIyMw%3D%3D.2-ccb7-4', 'https://scontent-hel3-1.cdninstagram.com/v/t51.2885-15/e35/s240x240/166631916_269811604810104_8643241576850108600_n.jpg?tp=1&_nc_ht=scontent-hel3-1.cdninstagram.com&_nc_cat=100&_nc_ohc=R01h6hYmjx0AX8P9Zyg&ccb=7-4&oh=030c9c5c19f95771dc7fb1f4370a0f84&oe=608B2C58&_nc_sid=4efc9f&ig_cache_key=MjU0MDgyNjg3ODIzNzUzMTIyMw%3D%3D.2-ccb7-4', 'https://scontent-hel3-1.cdninstagram.com/v/t51.2885-15/e35/s320x320/166631916_269811604810104_8643241576850108600_n.jpg?tp=1&_nc_ht=scontent-hel3-1.cdninstagram.com&_nc_cat=100&_nc_ohc=R01h6hYmjx0AX8P9Zyg&ccb=7-4&oh=f5535c69fe2c0cada5619fcc082016ce&oe=608B7EAA&_nc_sid=4efc9f&ig_cache_key=MjU0MDgyNjg3ODIzNzUzMTIyMw%3D%3D.2-ccb7-4', 'https://scontent-hel3-1.cdninstagram.com/v/t51.2885-15/e35/s480x480/166631916_269811604810104_8643241576850108600_n.jpg?tp=1&_nc_ht=scontent-hel3-1.cdninstagram.com&_nc_cat=100&_nc_ohc=R01h6hYmjx0AX8P9Zyg&ccb=7-4&oh=ca36fb7aa6736e01b6d421116aa0e126&oe=608AC2EF&_nc_sid=4efc9f&ig_cache_key=MjU0MDgyNjg3ODIzNzUzMTIyMw%3D%3D.2-ccb7-4', 'https://scontent-hel3-1.cdninstagram.com/v/t51.2885-15/sh0.08/e35/s640x640/166631916_269811604810104_8643241576850108600_n.jpg?tp=1&_nc_ht=scontent-hel3-1.cdninstagram.com&_nc_cat=100&_nc_ohc=R01h6hYmjx0AX8P9Zyg&ccb=7-4&oh=271d7ea85af6fb3a967e4a24ced6c645&oe=608E4755&_nc_sid=4efc9f&ig_cache_key=MjU0MDgyNjg3ODIzNzUzMTIyMw%3D%3D.2-ccb7-4']"
"['https://scontent-hel3-1.cdninstagram.com/v/t51.2885-15/e35/c0.91.1440.1440a/s150x150/166812666_157359726257820_5822875063740399116_n.jpg?tp=1&_nc_ht=scontent-hel3-1.cdninstagram.com&_nc_cat=100&_nc_ohc=BWE9-WSkJnQAX-XxCAJ&ccb=7-4&oh=6eb7d873bb6a1c69b364bfe1505f9556&oe=608D3B6C&_nc_sid=4efc9f&ig_cache_key=MjU0MDgyNjM1NzY5OTgxNDM2NA%3D%3D.2.c-ccb7-4', 'https://scontent-hel3-1.cdninstagram.com/v/t51.2885-15/e35/c0.91.1440.1440a/s240x240/166812666_157359726257820_5822875063740399116_n.jpg?tp=1&_nc_ht=scontent-hel3-1.cdninstagram.com&_nc_cat=100&_nc_ohc=BWE9-WSkJnQAX-XxCAJ&ccb=7-4&oh=517b181d44438eed6d12373ba928e088&oe=608C596E&_nc_sid=4efc9f&ig_cache_key=MjU0MDgyNjM1NzY5OTgxNDM2NA%3D%3D.2.c-ccb7-4', 'https://scontent-hel3-1.cdninstagram.com/v/t51.2885-15/e35/c0.91.1440.1440a/s320x320/166812666_157359726257820_5822875063740399116_n.jpg?tp=1&_nc_ht=scontent-hel3-1.cdninstagram.com&_nc_cat=100&_nc_ohc=BWE9-WSkJnQAX-XxCAJ&ccb=7-4&oh=33178f8fb0789013a44cb620c3a7a32f&oe=608CA994&_nc_sid=4efc9f&ig_cache_key=MjU0MDgyNjM1NzY5OTgxNDM2NA%3D%3D.2.c-ccb7-4', 'https://scontent-hel3-1.cdninstagram.com/v/t51.2885-15/e35/c0.91.1440.1440a/s480x480/166812666_157359726257820_5822875063740399116_n.jpg?tp=1&_nc_ht=scontent-hel3-1.cdninstagram.com&_nc_cat=100&_nc_ohc=BWE9-WSkJnQAX-XxCAJ&ccb=7-4&oh=08571ec8013aa94283fdc58fdce4a753&oe=608CAE55&_nc_sid=4efc9f&ig_cache_key=MjU0MDgyNjM1NzY5OTgxNDM2NA%3D%3D.2.c-ccb7-4', 'https://scontent-hel3-1.cdninstagram.com/v/t51.2885-15/sh0.08/e35/c0.91.1440.1440a/s640x640/166812666_157359726257820_5822875063740399116_n.jpg?tp=1&_nc_ht=scontent-hel3-1.cdninstagram.com&_nc_cat=100&_nc_ohc=BWE9-WSkJnQAX-XxCAJ&ccb=7-4&oh=c8b53276b0d3ee5f727e27dcea6ffe76&oe=608C7BFD&_nc_sid=4efc9f&ig_cache_key=MjU0MDgyNjM1NzY5OTgxNDM2NA%3D%3D.2.c-ccb7-4']"
"['https://scontent-hel3-1.cdninstagram.com/v/t51.2885-15/e35/c0.80.640.640a/s150x150/165945820_3791586887629712_421085607539620078_n.jpg?tp=1&_nc_ht=scontent-hel3-1.cdninstagram.com&_nc_cat=108&_nc_ohc=kXWAZJn7accAX9mPNcI&ccb=7-4&oh=99e901984f39cab82163eef2ee670e41&oe=606574A2&_nc_sid=4efc9f', 'https://scontent-hel3-1.cdninstagram.com/v/t51.2885-15/e35/c0.80.640.640a/s240x240/165945820_3791586887629712_421085607539620078_n.jpg?tp=1&_nc_ht=scontent-hel3-1.cdninstagram.com&_nc_cat=108&_nc_ohc=kXWAZJn7accAX9mPNcI&ccb=7-4&oh=239470a65ba77dd985cdbffe8b318577&oe=60656B68&_nc_sid=4efc9f', 'https://scontent-hel3-1.cdninstagram.com/v/t51.2885-15/e35/c0.80.640.640a/s320x320/165945820_3791586887629712_421085607539620078_n.jpg?tp=1&_nc_ht=scontent-hel3-1.cdninstagram.com&_nc_cat=108&_nc_ohc=kXWAZJn7accAX9mPNcI&ccb=7-4&oh=109bd188474985ba21ac3d8cb16ad550&oe=6065589A&_nc_sid=4efc9f', 'https://scontent-hel3-1.cdninstagram.com/v/t51.2885-15/e35/c0.80.640.640a/s480x480/165945820_3791586887629712_421085607539620078_n.jpg?tp=1&_nc_ht=scontent-hel3-1.cdninstagram.com&_nc_cat=108&_nc_ohc=kXWAZJn7accAX9mPNcI&ccb=7-4&oh=37a93eac974cdd84c8b43cdf92757ac4&oe=6065365F&_nc_sid=4efc9f', 'https://scontent-hel3-1.cdninstagram.com/v/t51.2885-15/e35/c0.80.640.640a/165945820_3791586887629712_421085607539620078_n.jpg?tp=1&_nc_ht=scontent-hel3-1.cdninstagram.com&_nc_cat=108&_nc_ohc=kXWAZJn7accAX9mPNcI&ccb=7-4&oh=c9877d567438c0bd032aea9cffa401c6&oe=606543BD&_nc_sid=4efc9f']"
"['https://scontent-hel3-1.cdninstagram.com/v/t51.2885-15/e35/s150x150/165990215_435228071109194_2028310182525568973_n.jpg?tp=1&_nc_ht=scontent-hel3-1.cdninstagram.com&_nc_cat=102&_nc_ohc=YmXkemar8EkAX9q_v8G&ccb=7-4&oh=a220ac7ba525f6ead358260870f62762&oe=608BF142&_nc_sid=4efc9f&ig_cache_key=MjU0MDgyMzc3NDAyMjk2NDk1Nw%3D%3D.2-ccb7-4', 'https://scontent-hel3-1.cdninstagram.com/v/t51.2885-15/e35/s240x240/165990215_435228071109194_2028310182525568973_n.jpg?tp=1&_nc_ht=scontent-hel3-1.cdninstagram.com&_nc_cat=102&_nc_ohc=YmXkemar8EkAX9q_v8G&ccb=7-4&oh=978c5f9836bbaf62d85e3fb2e10820bc&oe=608BE7C8&_nc_sid=4efc9f&ig_cache_key=MjU0MDgyMzc3NDAyMjk2NDk1Nw%3D%3D.2-ccb7-4', 'https://scontent-hel3-1.cdninstagram.com/v/t51.2885-15/e35/s320x320/165990215_435228071109194_2028310182525568973_n.jpg?tp=1&_nc_ht=scontent-hel3-1.cdninstagram.com&_nc_cat=102&_nc_ohc=YmXkemar8EkAX9q_v8G&ccb=7-4&oh=1030a2ef72fe002aeadd6b4e5a4c8816&oe=608E223A&_nc_sid=4efc9f&ig_cache_key=MjU0MDgyMzc3NDAyMjk2NDk1Nw%3D%3D.2-ccb7-4', 'https://scontent-hel3-1.cdninstagram.com/v/t51.2885-15/e35/s480x480/165990215_435228071109194_2028310182525568973_n.jpg?tp=1&_nc_ht=scontent-hel3-1.cdninstagram.com&_nc_cat=102&_nc_ohc=YmXkemar8EkAX9q_v8G&ccb=7-4&oh=61527a478ce02e69f35a3062a981234e&oe=608C0C7F&_nc_sid=4efc9f&ig_cache_key=MjU0MDgyMzc3NDAyMjk2NDk1Nw%3D%3D.2-ccb7-4', 'https://scontent-hel3-1.cdninstagram.com/v/t51.2885-15/sh0.08/e35/s640x640/165990215_435228071109194_2028310182525568973_n.jpg?tp=1&_nc_ht=scontent-hel3-1.cdninstagram.com&_nc_cat=102&_nc_ohc=YmXkemar8EkAX9q_v8G&ccb=7-4&oh=bceca279ec63f17b161dcec348e2d1bc&oe=608CC2C5&_nc_sid=4efc9f&ig_cache_key=MjU0MDgyMzc3NDAyMjk2NDk1Nw%3D%3D.2-ccb7-4']"
"['https://scontent-hel3-1.cdninstagram.com/v/t51.2885-15/e35/c0.179.1440.1440a/s150x150/166203871_812615566358914_593248489716528508_n.jpg?tp=1&_nc_ht=scontent-hel3-1.cdninstagram.com&_nc_cat=110&_nc_ohc=io26oUSg5VEAX91uMnA&ccb=7-4&oh=9a7d4a393674d09a538c1fcc9a667211&oe=608B1EB0&_nc_sid=4efc9f&ig_cache_key=MjU0MDgyMzI2MzE2NzAxMTU0MA%3D%3D.2.c-ccb7-4', 'https://scontent-hel3-1.cdninstagram.com/v/t51.2885-15/e35/c0.179.1440.1440a/s240x240/166203871_812615566358914_593248489716528508_n.jpg?tp=1&_nc_ht=scontent-hel3-1.cdninstagram.com&_nc_cat=110&_nc_ohc=io26oUSg5VEAX91uMnA&ccb=7-4&oh=8b4df1b4b88c8f76ad33f1ac8c1139bc&oe=608B61E6&_nc_sid=4efc9f&ig_cache_key=MjU0MDgyMzI2MzE2NzAxMTU0MA%3D%3D.2.c-ccb7-4', 'https://scontent-hel3-1.cdninstagram.com/v/t51.2885-15/e35/c0.179.1440.1440a/s320x320/166203871_812615566358914_593248489716528508_n.jpg?tp=1&_nc_ht=scontent-hel3-1.cdninstagram.com&_nc_cat=110&_nc_ohc=io26oUSg5VEAX91uMnA&ccb=7-4&oh=6c3e92d350e81bd0d2bacd42dac02371&oe=608B8BE0&_nc_sid=4efc9f&ig_cache_key=MjU0MDgyMzI2MzE2NzAxMTU0MA%3D%3D.2.c-ccb7-4', 'https://scontent-hel3-1.cdninstagram.com/v/t51.2885-15/e35/c0.179.1440.1440a/s480x480/166203871_812615566358914_593248489716528508_n.jpg?tp=1&_nc_ht=scontent-hel3-1.cdninstagram.com&_nc_cat=110&_nc_ohc=io26oUSg5VEAX91uMnA&ccb=7-4&oh=528e6c42374d41df8d964c61410fa9e8&oe=608E1F86&_nc_sid=4efc9f&ig_cache_key=MjU0MDgyMzI2MzE2NzAxMTU0MA%3D%3D.2.c-ccb7-4', 'https://scontent-hel3-1.cdninstagram.com/v/t51.2885-15/sh0.08/e35/c0.179.1440.1440a/s640x640/166203871_812615566358914_593248489716528508_n.jpg?tp=1&_nc_ht=scontent-hel3-1.cdninstagram.com&_nc_cat=110&_nc_ohc=io26oUSg5VEAX91uMnA&ccb=7-4&oh=dc2fb6e563ffd7693b790f49fb53ec6e&oe=608E9BE5&_nc_sid=4efc9f&ig_cache_key=MjU0MDgyMzI2MzE2NzAxMTU0MA%3D%3D.2.c-ccb7-4']"
"['https://scontent-hel3-1.cdninstagram.com/v/t51.2885-15/e35/c0.180.1440.1440a/s150x150/165947973_880338909483596_3304138494567104279_n.jpg?tp=1&_nc_ht=scontent-hel3-1.cdninstagram.com&_nc_cat=108&_nc_ohc=WnThnYAv2lYAX-teBOk&ccb=7-4&oh=e0cf980c0c2676e84c63644462accd81&oe=608AFED9&_nc_sid=4efc9f&ig_cache_key=MjU0MDgyMjk0OTMwNTQ3MTQzNQ%3D%3D.2.c-ccb7-4', 'https://scontent-hel3-1.cdninstagram.com/v/t51.2885-15/e35/c0.180.1440.1440a/s240x240/165947973_880338909483596_3304138494567104279_n.jpg?tp=1&_nc_ht=scontent-hel3-1.cdninstagram.com&_nc_cat=108&_nc_ohc=WnThnYAv2lYAX-teBOk&ccb=7-4&oh=65a5ca55c3e19ca59b1ff16ae7153daf&oe=608E0BDF&_nc_sid=4efc9f&ig_cache_key=MjU0MDgyMjk0OTMwNTQ3MTQzNQ%3D%3D.2.c-ccb7-4', 'https://scontent-hel3-1.cdninstagram.com/v/t51.2885-15/e35/c0.180.1440.1440a/s320x320/165947973_880338909483596_3304138494567104279_n.jpg?tp=1&_nc_ht=scontent-hel3-1.cdninstagram.com&_nc_cat=108&_nc_ohc=WnThnYAv2lYAX-teBOk&ccb=7-4&oh=64ae55d33366548d71d2c84e0879afdb&oe=608AD1A1&_nc_sid=4efc9f&ig_cache_key=MjU0MDgyMjk0OTMwNTQ3MTQzNQ%3D%3D.2.c-ccb7-4', 'https://scontent-hel3-1.cdninstagram.com/v/t51.2885-15/e35/c0.180.1440.1440a/s480x480/165947973_880338909483596_3304138494567104279_n.jpg?tp=1&_nc_ht=scontent-hel3-1.cdninstagram.com&_nc_cat=108&_nc_ohc=WnThnYAv2lYAX-teBOk&ccb=7-4&oh=10884e10ab49aa8e4f9efb4f494076c7&oe=608E8E68&_nc_sid=4efc9f&ig_cache_key=MjU0MDgyMjk0OTMwNTQ3MTQzNQ%3D%3D.2.c-ccb7-4', 'https://scontent-hel3-1.cdninstagram.com/v/t51.2885-15/sh0.08/e35/c0.180.1440.1440a/s640x640/165947973_880338909483596_3304138494567104279_n.jpg?tp=1&_nc_ht=scontent-hel3-1.cdninstagram.com&_nc_cat=108&_nc_ohc=WnThnYAv2lYAX-teBOk&ccb=7-4&oh=bbacccf2f749829b6da07300a13c2497&oe=608E6DE9&_nc_sid=4efc9f&ig_cache_key=MjU0MDgyMjk0OTMwNTQ3MTQzNQ%3D%3D.2.c-ccb7-4']"
"['https://scontent-hel3-1.cdninstagram.com/v/t51.2885-15/e35/c0.180.1440.1440a/s150x150/166667759_4120873564629593_3266313925120252001_n.jpg?tp=1&_nc_ht=scontent-hel3-1.cdninstagram.com&_nc_cat=105&_nc_ohc=Sgj7BiV2nc4AX8vNGuj&ccb=7-4&oh=86f4f05ed19dce21bf77bb435f99aa8c&oe=608BCAAA&_nc_sid=4efc9f&ig_cache_key=MjU0MDgyMjYwODQzNDI1MzgyNw%3D%3D.2.c-ccb7-4', 'https://scontent-hel3-1.cdninstagram.com/v/t51.2885-15/e35/c0.180.1440.1440a/s240x240/166667759_4120873564629593_3266313925120252001_n.jpg?tp=1&_nc_ht=scontent-hel3-1.cdninstagram.com&_nc_cat=105&_nc_ohc=Sgj7BiV2nc4AX8vNGuj&ccb=7-4&oh=d4bd3388b536d6757c8806e1d702cae3&oe=608C62E2&_nc_sid=4efc9f&ig_cache_key=MjU0MDgyMjYwODQzNDI1MzgyNw%3D%3D.2.c-ccb7-4', 'https://scontent-hel3-1.cdninstagram.com/v/t51.2885-15/e35/c0.180.1440.1440a/s320x320/166667759_4120873564629593_3266313925120252001_n.jpg?tp=1&_nc_ht=scontent-hel3-1.cdninstagram.com&_nc_cat=105&_nc_ohc=Sgj7BiV2nc4AX8vNGuj&ccb=7-4&oh=bd5d7e2c384f4c4a74a1c0871f4693d7&oe=608AFF3F&_nc_sid=4efc9f&ig_cache_key=MjU0MDgyMjYwODQzNDI1MzgyNw%3D%3D.2.c-ccb7-4', 'https://scontent-hel3-1.cdninstagram.com/v/t51.2885-15/e35/c0.180.1440.1440a/s480x480/166667759_4120873564629593_3266313925120252001_n.jpg?tp=1&_nc_ht=scontent-hel3-1.cdninstagram.com&_nc_cat=105&_nc_ohc=Sgj7BiV2nc4AX8vNGuj&ccb=7-4&oh=2cc7ee8d33627190d22a0f6ea68e4c1a&oe=608BB9FD&_nc_sid=4efc9f&ig_cache_key=MjU0MDgyMjYwODQzNDI1MzgyNw%3D%3D.2.c-ccb7-4', 'https://scontent-hel3-1.cdninstagram.com/v/t51.2885-15/sh0.08/e35/c0.180.1440.1440a/s640x640/166667759_4120873564629593_3266313925120252001_n.jpg?tp=1&_nc_ht=scontent-hel3-1.cdninstagram.com&_nc_cat=105&_nc_ohc=Sgj7BiV2nc4AX8vNGuj&ccb=7-4&oh=6a1f6dab148dd2ccf38b0a4974342326&oe=608AD9C7&_nc_sid=4efc9f&ig_cache_key=MjU0MDgyMjYwODQzNDI1MzgyNw%3D%3D.2.c-ccb7-4']"
