Heshtag,makeupartist
"['https://scontent-hel3-1.cdninstagram.com/v/t51.2885-15/e35/s150x150/167043435_886632795513324_8222304841797720902_n.jpg?tp=1&_nc_ht=scontent-hel3-1.cdninstagram.com&_nc_cat=100&_nc_ohc=J7rDa2CQpqoAX_KwbPl&ccb=7-4&oh=2e18b2944119bde4b2f9291526f6b8bd&oe=6065786F&_nc_sid=4efc9f', 'https://scontent-hel3-1.cdninstagram.com/v/t51.2885-15/e35/s240x240/167043435_886632795513324_8222304841797720902_n.jpg?tp=1&_nc_ht=scontent-hel3-1.cdninstagram.com&_nc_cat=100&_nc_ohc=J7rDa2CQpqoAX_KwbPl&ccb=7-4&oh=e0eda56de5ca9f36f06dded6a0e9b27f&oe=6065B069&_nc_sid=4efc9f', 'https://scontent-hel3-1.cdninstagram.com/v/t51.2885-15/e35/s320x320/167043435_886632795513324_8222304841797720902_n.jpg?tp=1&_nc_ht=scontent-hel3-1.cdninstagram.com&_nc_cat=100&_nc_ohc=J7rDa2CQpqoAX_KwbPl&ccb=7-4&oh=0b67681329c6d32bdbb71be4cd3ac346&oe=60655057&_nc_sid=4efc9f', 'https://scontent-hel3-1.cdninstagram.com/v/t51.2885-15/e35/s480x480/167043435_886632795513324_8222304841797720902_n.jpg?tp=1&_nc_ht=scontent-hel3-1.cdninstagram.com&_nc_cat=100&_nc_ohc=J7rDa2CQpqoAX_KwbPl&ccb=7-4&oh=b0a5af023cce85468352059620cf872f&oe=60654692&_nc_sid=4efc9f', 'https://scontent-hel3-1.cdninstagram.com/v/t51.2885-15/sh0.08/e35/s640x640/167043435_886632795513324_8222304841797720902_n.jpg?tp=1&_nc_ht=scontent-hel3-1.cdninstagram.com&_nc_cat=100&_nc_ohc=J7rDa2CQpqoAX_KwbPl&ccb=7-4&oh=ba05f536ec0a665c8119a7e38a5ae3cb&oe=60658FAC&_nc_sid=4efc9f']"
"['https://scontent-hel3-1.cdninstagram.com/v/t51.2885-15/e35/c0.80.640.640a/s150x150/166736258_797420604490895_1751827813286125776_n.jpg?tp=1&_nc_ht=scontent-hel3-1.cdninstagram.com&_nc_cat=111&_nc_ohc=LJdYky4_fPgAX-szNlY&ccb=7-4&oh=255a3bb643d1dfc6f0e24969cf747d52&oe=6065BEBB&_nc_sid=4efc9f', 'https://scontent-hel3-1.cdninstagram.com/v/t51.2885-15/e35/c0.80.640.640a/s240x240/166736258_797420604490895_1751827813286125776_n.jpg?tp=1&_nc_ht=scontent-hel3-1.cdninstagram.com&_nc_cat=111&_nc_ohc=LJdYky4_fPgAX-szNlY&ccb=7-4&oh=1086df2c350e3b3ad4a9fd884d29e345&oe=60658A7D&_nc_sid=4efc9f', 'https://scontent-hel3-1.cdninstagram.com/v/t51.2885-15/e35/c0.80.640.640a/s320x320/166736258_797420604490895_1751827813286125776_n.jpg?tp=1&_nc_ht=scontent-hel3-1.cdninstagram.com&_nc_cat=111&_nc_ohc=LJdYky4_fPgAX-szNlY&ccb=7-4&oh=0a0c8060f4059a4d1e6e881cacc60651&oe=60656083&_nc_sid=4efc9f', 'https://scontent-hel3-1.cdninstagram.com/v/t51.2885-15/e35/c0.80.640.640a/s480x480/166736258_797420604490895_1751827813286125776_n.jpg?tp=1&_nc_ht=scontent-hel3-1.cdninstagram.com&_nc_cat=111&_nc_ohc=LJdYky4_fPgAX-szNlY&ccb=7-4&oh=f2fb2f31896fdcde7ec97d40a8c569cc&oe=60658886&_nc_sid=4efc9f', 'https://scontent-hel3-1.cdninstagram.com/v/t51.2885-15/e35/c0.80.640.640a/166736258_797420604490895_1751827813286125776_n.jpg?tp=1&_nc_ht=scontent-hel3-1.cdninstagram.com&_nc_cat=111&_nc_ohc=LJdYky4_fPgAX-szNlY&ccb=7-4&oh=342c67618720e574ef9a11813979e090&oe=6065B9A8&_nc_sid=4efc9f']"
"['https://scontent-hel3-1.cdninstagram.com/v/t51.2885-15/e35/c0.180.1440.1440a/s150x150/167213375_442303466875516_2099956544698028296_n.jpg?tp=1&_nc_ht=scontent-hel3-1.cdninstagram.com&_nc_cat=104&_nc_ohc=8Fx0bDqclw8AX_Lf9Cc&ccb=7-4&oh=a3add3ea79739fda6b6ed9625ef8364d&oe=608BB07C&_nc_sid=4efc9f&ig_cache_key=MjU0MDgzNjI2MTQzMTQ2NzQxNQ%3D%3D.2.c-ccb7-4', 'https://scontent-hel3-1.cdninstagram.com/v/t51.2885-15/e35/c0.180.1440.1440a/s240x240/167213375_442303466875516_2099956544698028296_n.jpg?tp=1&_nc_ht=scontent-hel3-1.cdninstagram.com&_nc_cat=104&_nc_ohc=8Fx0bDqclw8AX_Lf9Cc&ccb=7-4&oh=a3f1f563fdb722c022baa07dcd9c010e&oe=608C1C7E&_nc_sid=4efc9f&ig_cache_key=MjU0MDgzNjI2MTQzMTQ2NzQxNQ%3D%3D.2.c-ccb7-4', 'https://scontent-hel3-1.cdninstagram.com/v/t51.2885-15/e35/c0.180.1440.1440a/s320x320/167213375_442303466875516_2099956544698028296_n.jpg?tp=1&_nc_ht=scontent-hel3-1.cdninstagram.com&_nc_cat=104&_nc_ohc=8Fx0bDqclw8AX_Lf9Cc&ccb=7-4&oh=01a67aafae7356960861fd93c3e302a0&oe=608E3004&_nc_sid=4efc9f&ig_cache_key=MjU0MDgzNjI2MTQzMTQ2NzQxNQ%3D%3D.2.c-ccb7-4', 'https://scontent-hel3-1.cdninstagram.com/v/t51.2885-15/e35/c0.180.1440.1440a/s480x480/167213375_442303466875516_2099956544698028296_n.jpg?tp=1&_nc_ht=scontent-hel3-1.cdninstagram.com&_nc_cat=104&_nc_ohc=8Fx0bDqclw8AX_Lf9Cc&ccb=7-4&oh=c4ae30caccf5f13a1ec504b988c1a6e7&oe=608C3E45&_nc_sid=4efc9f&ig_cache_key=MjU0MDgzNjI2MTQzMTQ2NzQxNQ%3D%3D.2.c-ccb7-4', 'https://scontent-hel3-1.cdninstagram.com/v/t51.2885-15/sh0.08/e35/c0.180.1440.1440a/s640x640/167213375_442303466875516_2099956544698028296_n.jpg?tp=1&_nc_ht=scontent-hel3-1.cdninstagram.com&_nc_cat=104&_nc_ohc=8Fx0bDqclw8AX_Lf9Cc&ccb=7-4&oh=46db88a31595f56ee7275e2e837553a0&oe=608E914C&_nc_sid=4efc9f&ig_cache_key=MjU0MDgzNjI2MTQzMTQ2NzQxNQ%3D%3D.2.c-ccb7-4']"
"['https://scontent-hel3-1.cdninstagram.com/v/t51.2885-15/e35/p150x150/166830509_747368999309459_4397543610494635972_n.jpg?tp=1&_nc_ht=scontent-hel3-1.cdninstagram.com&_nc_cat=111&_nc_ohc=CCSpGRKqR68AX92lj5-&ccb=7-4&oh=a0de9bc0ea0d37ed4a4e8e2dd4407744&oe=6065633C&_nc_sid=4efc9f', 'https://scontent-hel3-1.cdninstagram.com/v/t51.2885-15/e35/p240x240/166830509_747368999309459_4397543610494635972_n.jpg?tp=1&_nc_ht=scontent-hel3-1.cdninstagram.com&_nc_cat=111&_nc_ohc=CCSpGRKqR68AX92lj5-&ccb=7-4&oh=199b61e6904352cddf4d5172d2740d54&oe=6065633E&_nc_sid=4efc9f', 'https://scontent-hel3-1.cdninstagram.com/v/t51.2885-15/e35/p320x320/166830509_747368999309459_4397543610494635972_n.jpg?tp=1&_nc_ht=scontent-hel3-1.cdninstagram.com&_nc_cat=111&_nc_ohc=CCSpGRKqR68AX92lj5-&ccb=7-4&oh=7a593a6d70870fa503bc607fde8e11df&oe=60658B04&_nc_sid=4efc9f', 'https://scontent-hel3-1.cdninstagram.com/v/t51.2885-15/e35/p480x480/166830509_747368999309459_4397543610494635972_n.jpg?tp=1&_nc_ht=scontent-hel3-1.cdninstagram.com&_nc_cat=111&_nc_ohc=CCSpGRKqR68AX92lj5-&ccb=7-4&oh=a4b75688d83b0bcd132588d1d216f4b2&oe=606542C5&_nc_sid=4efc9f', 'https://scontent-hel3-1.cdninstagram.com/v/t51.2885-15/e35/166830509_747368999309459_4397543610494635972_n.jpg?tp=1&_nc_ht=scontent-hel3-1.cdninstagram.com&_nc_cat=111&_nc_ohc=CCSpGRKqR68AX92lj5-&ccb=7-4&oh=972244af30b03b043c06e0130e05e47c&oe=60654C55&_nc_sid=4efc9f']"
"['https://scontent-hel3-1.cdninstagram.com/v/t51.2885-15/e35/s150x150/166250043_1086090515224728_6245166522731621577_n.jpg?tp=1&_nc_ht=scontent-hel3-1.cdninstagram.com&_nc_cat=100&_nc_ohc=mde-HaMd3QkAX85Kw7h&ccb=7-4&oh=00807ab410c752df336a03012bf3798a&oe=606558B8&_nc_sid=4efc9f', 'https://scontent-hel3-1.cdninstagram.com/v/t51.2885-15/e35/s240x240/166250043_1086090515224728_6245166522731621577_n.jpg?tp=1&_nc_ht=scontent-hel3-1.cdninstagram.com&_nc_cat=100&_nc_ohc=mde-HaMd3QkAX85Kw7h&ccb=7-4&oh=2e1cdfe84edd1352d96a3c28c7767371&oe=6065AD40&_nc_sid=4efc9f', 'https://scontent-hel3-1.cdninstagram.com/v/t51.2885-15/e35/s320x320/166250043_1086090515224728_6245166522731621577_n.jpg?tp=1&_nc_ht=scontent-hel3-1.cdninstagram.com&_nc_cat=100&_nc_ohc=mde-HaMd3QkAX85Kw7h&ccb=7-4&oh=f2b8d4625de6b970d98e5940378fdd22&oe=60653EA1&_nc_sid=4efc9f', 'https://scontent-hel3-1.cdninstagram.com/v/t51.2885-15/e35/166250043_1086090515224728_6245166522731621577_n.jpg?tp=1&_nc_ht=scontent-hel3-1.cdninstagram.com&_nc_cat=100&_nc_ohc=mde-HaMd3QkAX85Kw7h&ccb=7-4&oh=f88e51a6986465de80bd319e8f1fdbb1&oe=60658F9C&_nc_sid=4efc9f', 'https://scontent-hel3-1.cdninstagram.com/v/t51.2885-15/e35/166250043_1086090515224728_6245166522731621577_n.jpg?tp=1&_nc_ht=scontent-hel3-1.cdninstagram.com&_nc_cat=100&_nc_ohc=mde-HaMd3QkAX85Kw7h&ccb=7-4&oh=f88e51a6986465de80bd319e8f1fdbb1&oe=60658F9C&_nc_sid=4efc9f']"
"['https://scontent-hel3-1.cdninstagram.com/v/t51.2885-15/e35/c0.62.498.498a/s150x150/166054253_278051313772685_6940554583239503421_n.jpg?tp=1&_nc_ht=scontent-hel3-1.cdninstagram.com&_nc_cat=105&_nc_ohc=3Su_QUyUdE4AX8v1hYi&ccb=7-4&oh=a91e8860aa5992b982bb9db660aac7d6&oe=608CD975&_nc_sid=4efc9f&ig_cache_key=MjU0MDgzNjIzMTUzMzg2NDEzMA%3D%3D.2.c-ccb7-4', 'https://scontent-hel3-1.cdninstagram.com/v/t51.2885-15/e35/c0.62.498.498a/s240x240/166054253_278051313772685_6940554583239503421_n.jpg?tp=1&_nc_ht=scontent-hel3-1.cdninstagram.com&_nc_cat=105&_nc_ohc=3Su_QUyUdE4AX8v1hYi&ccb=7-4&oh=b8eb598e76bdf46bc5547722fae69220&oe=608C9673&_nc_sid=4efc9f&ig_cache_key=MjU0MDgzNjIzMTUzMzg2NDEzMA%3D%3D.2.c-ccb7-4', 'https://scontent-hel3-1.cdninstagram.com/v/t51.2885-15/e35/c0.62.498.498a/s320x320/166054253_278051313772685_6940554583239503421_n.jpg?tp=1&_nc_ht=scontent-hel3-1.cdninstagram.com&_nc_cat=105&_nc_ohc=3Su_QUyUdE4AX8v1hYi&ccb=7-4&oh=46d2a70d1b86935303dff3c12898b2bf&oe=608AC10D&_nc_sid=4efc9f&ig_cache_key=MjU0MDgzNjIzMTUzMzg2NDEzMA%3D%3D.2.c-ccb7-4', 'https://scontent-hel3-1.cdninstagram.com/v/t51.2885-15/e35/c0.62.498.498a/s480x480/166054253_278051313772685_6940554583239503421_n.jpg?tp=1&_nc_ht=scontent-hel3-1.cdninstagram.com&_nc_cat=105&_nc_ohc=3Su_QUyUdE4AX8v1hYi&ccb=7-4&oh=9e28791b868ec37621169fa90a41ede6&oe=608C35CC&_nc_sid=4efc9f&ig_cache_key=MjU0MDgzNjIzMTUzMzg2NDEzMA%3D%3D.2.c-ccb7-4', 'https://scontent-hel3-1.cdninstagram.com/v/t51.2885-15/e35/c0.62.498.498a/166054253_278051313772685_6940554583239503421_n.jpg?tp=1&_nc_ht=scontent-hel3-1.cdninstagram.com&_nc_cat=105&_nc_ohc=3Su_QUyUdE4AX8v1hYi&ccb=7-4&oh=1a8b12beaabec9bb508d1805b8ee373a&oe=608D7FE0&_nc_sid=4efc9f&ig_cache_key=MjU0MDgzNjIzMTUzMzg2NDEzMA%3D%3D.2.c-ccb7-4']"
"['https://scontent-hel3-1.cdninstagram.com/v/t51.2885-15/e35/s150x150/167250230_185669683369989_8027461710266429191_n.jpg?tp=1&_nc_ht=scontent-hel3-1.cdninstagram.com&_nc_cat=109&_nc_ohc=APHMfODXFwkAX-6CEzX&ccb=7-4&oh=369f3aaf5a81c7ceb59edb13020e0d82&oe=608B9C87&_nc_sid=4efc9f&ig_cache_key=MjU0MDgzNjIxNDIwNTIwOTM2OA%3D%3D.2-ccb7-4', 'https://scontent-hel3-1.cdninstagram.com/v/t51.2885-15/e35/s240x240/167250230_185669683369989_8027461710266429191_n.jpg?tp=1&_nc_ht=scontent-hel3-1.cdninstagram.com&_nc_cat=109&_nc_ohc=APHMfODXFwkAX-6CEzX&ccb=7-4&oh=b43754c19a20d87a48a3e3a1b0ddc6a1&oe=608E0E81&_nc_sid=4efc9f&ig_cache_key=MjU0MDgzNjIxNDIwNTIwOTM2OA%3D%3D.2-ccb7-4', 'https://scontent-hel3-1.cdninstagram.com/v/t51.2885-15/e35/s320x320/167250230_185669683369989_8027461710266429191_n.jpg?tp=1&_nc_ht=scontent-hel3-1.cdninstagram.com&_nc_cat=109&_nc_ohc=APHMfODXFwkAX-6CEzX&ccb=7-4&oh=25af7cbfe5c17f5dfc87d53516467e90&oe=608B647F&_nc_sid=4efc9f&ig_cache_key=MjU0MDgzNjIxNDIwNTIwOTM2OA%3D%3D.2-ccb7-4', 'https://scontent-hel3-1.cdninstagram.com/v/t51.2885-15/e35/s480x480/167250230_185669683369989_8027461710266429191_n.jpg?tp=1&_nc_ht=scontent-hel3-1.cdninstagram.com&_nc_cat=109&_nc_ohc=APHMfODXFwkAX-6CEzX&ccb=7-4&oh=eac84312ad68bbe73d056cba3ffce4ce&oe=608AB73A&_nc_sid=4efc9f&ig_cache_key=MjU0MDgzNjIxNDIwNTIwOTM2OA%3D%3D.2-ccb7-4', 'https://scontent-hel3-1.cdninstagram.com/v/t51.2885-15/sh0.08/e35/s640x640/167250230_185669683369989_8027461710266429191_n.jpg?tp=1&_nc_ht=scontent-hel3-1.cdninstagram.com&_nc_cat=109&_nc_ohc=APHMfODXFwkAX-6CEzX&ccb=7-4&oh=e98d4f17bf4d7927ea1333f3040b480c&oe=608C0284&_nc_sid=4efc9f&ig_cache_key=MjU0MDgzNjIxNDIwNTIwOTM2OA%3D%3D.2-ccb7-4']"
"['https://scontent-hel3-1.cdninstagram.com/v/t51.2885-15/e35/c116.0.699.699a/s150x150/165934536_784025558912024_8237307762297460480_n.jpg?tp=1&_nc_ht=scontent-hel3-1.cdninstagram.com&_nc_cat=108&_nc_ohc=7_782qoiFaYAX9Qe_xm&ccb=7-4&oh=0dbe3470585ba0b3a9d9ae2afb48a5c1&oe=608CE13F&_nc_sid=4efc9f&ig_cache_key=MjU0MDgzNjIwNjg0MDU0OTM3NQ%3D%3D.2.c-ccb7-4', 'https://scontent-hel3-1.cdninstagram.com/v/t51.2885-15/e35/c116.0.699.699a/s240x240/165934536_784025558912024_8237307762297460480_n.jpg?tp=1&_nc_ht=scontent-hel3-1.cdninstagram.com&_nc_cat=108&_nc_ohc=7_782qoiFaYAX9Qe_xm&ccb=7-4&oh=7345f65d04046dabbbd0498764f00a9a&oe=608D55B9&_nc_sid=4efc9f&ig_cache_key=MjU0MDgzNjIwNjg0MDU0OTM3NQ%3D%3D.2.c-ccb7-4', 'https://scontent-hel3-1.cdninstagram.com/v/t51.2885-15/e35/c116.0.699.699a/s320x320/165934536_784025558912024_8237307762297460480_n.jpg?tp=1&_nc_ht=scontent-hel3-1.cdninstagram.com&_nc_cat=108&_nc_ohc=7_782qoiFaYAX9Qe_xm&ccb=7-4&oh=3df681d1b74962aef1dbc69449b71aa5&oe=608CE847&_nc_sid=4efc9f&ig_cache_key=MjU0MDgzNjIwNjg0MDU0OTM3NQ%3D%3D.2.c-ccb7-4', 'https://scontent-hel3-1.cdninstagram.com/v/t51.2885-15/e35/c116.0.699.699a/s480x480/165934536_784025558912024_8237307762297460480_n.jpg?tp=1&_nc_ht=scontent-hel3-1.cdninstagram.com&_nc_cat=108&_nc_ohc=7_782qoiFaYAX9Qe_xm&ccb=7-4&oh=cead79835014ddfc1f074838dbf07cd8&oe=608E0782&_nc_sid=4efc9f&ig_cache_key=MjU0MDgzNjIwNjg0MDU0OTM3NQ%3D%3D.2.c-ccb7-4', 'https://scontent-hel3-1.cdninstagram.com/v/t51.2885-15/sh0.08/e35/c116.0.699.699a/s640x640/165934536_784025558912024_8237307762297460480_n.jpg?tp=1&_nc_ht=scontent-hel3-1.cdninstagram.com&_nc_cat=108&_nc_ohc=7_782qoiFaYAX9Qe_xm&ccb=7-4&oh=c77a2f0c10ca26b8d6215808886d30c8&oe=608BEDFA&_nc_sid=4efc9f&ig_cache_key=MjU0MDgzNjIwNjg0MDU0OTM3NQ%3D%3D.2.c-ccb7-4']"
"['https://scontent-hel3-1.cdninstagram.com/v/t51.2885-15/e35/c241.0.958.958a/s150x150/166028316_272851474442011_1685357921893208516_n.jpg?tp=1&_nc_ht=scontent-hel3-1.cdninstagram.com&_nc_cat=107&_nc_ohc=LrWCcOvbFpAAX_VGMbm&ccb=7-4&oh=e2bdabba23412f20407436b2c11c0bce&oe=608E2186&_nc_sid=4efc9f&ig_cache_key=MjU0MDgzNjE5MDMyODkxMzM3Nw%3D%3D.2.c-ccb7-4', 'https://scontent-hel3-1.cdninstagram.com/v/t51.2885-15/e35/c241.0.958.958a/s240x240/166028316_272851474442011_1685357921893208516_n.jpg?tp=1&_nc_ht=scontent-hel3-1.cdninstagram.com&_nc_cat=107&_nc_ohc=LrWCcOvbFpAAX_VGMbm&ccb=7-4&oh=ff8adb7563b34127c1e0a074d525abb6&oe=608DE284&_nc_sid=4efc9f&ig_cache_key=MjU0MDgzNjE5MDMyODkxMzM3Nw%3D%3D.2.c-ccb7-4', 'https://scontent-hel3-1.cdninstagram.com/v/t51.2885-15/e35/c241.0.958.958a/s320x320/166028316_272851474442011_1685357921893208516_n.jpg?tp=1&_nc_ht=scontent-hel3-1.cdninstagram.com&_nc_cat=107&_nc_ohc=LrWCcOvbFpAAX_VGMbm&ccb=7-4&oh=fa2ae08fd7b76606c8282b12bab67799&oe=608C0DFE&_nc_sid=4efc9f&ig_cache_key=MjU0MDgzNjE5MDMyODkxMzM3Nw%3D%3D.2.c-ccb7-4', 'https://scontent-hel3-1.cdninstagram.com/v/t51.2885-15/e35/c241.0.958.958a/s480x480/166028316_272851474442011_1685357921893208516_n.jpg?tp=1&_nc_ht=scontent-hel3-1.cdninstagram.com&_nc_cat=107&_nc_ohc=LrWCcOvbFpAAX_VGMbm&ccb=7-4&oh=13ed0157d0eaa5c0c49d97500453f287&oe=608AD03B&_nc_sid=4efc9f&ig_cache_key=MjU0MDgzNjE5MDMyODkxMzM3Nw%3D%3D.2.c-ccb7-4', 'https://scontent-hel3-1.cdninstagram.com/v/t51.2885-15/sh0.08/e35/c241.0.958.958a/s640x640/166028316_272851474442011_1685357921893208516_n.jpg?tp=1&_nc_ht=scontent-hel3-1.cdninstagram.com&_nc_cat=107&_nc_ohc=LrWCcOvbFpAAX_VGMbm&ccb=7-4&oh=52f06fa4472575c1417ea2ce99516fd1&oe=608E57C3&_nc_sid=4efc9f&ig_cache_key=MjU0MDgzNjE5MDMyODkxMzM3Nw%3D%3D.2.c-ccb7-4']"
"['https://scontent-hel3-1.cdninstagram.com/v/t51.2885-15/e35/c0.71.1080.1080a/s150x150/166007245_1070738776767160_8503265408228492555_n.jpg?tp=1&_nc_ht=scontent-hel3-1.cdninstagram.com&_nc_cat=104&_nc_ohc=qcEwa4z3SLwAX8Gi-sp&ccb=7-4&oh=48ad83b750b850cc5547bebd86704370&oe=608C8221&_nc_sid=4efc9f&ig_cache_key=MjU0MDgzNjE4NTc3NjIxOTk1NA%3D%3D.2.c-ccb7-4', 'https://scontent-hel3-1.cdninstagram.com/v/t51.2885-15/e35/c0.71.1080.1080a/s240x240/166007245_1070738776767160_8503265408228492555_n.jpg?tp=1&_nc_ht=scontent-hel3-1.cdninstagram.com&_nc_cat=104&_nc_ohc=qcEwa4z3SLwAX8Gi-sp&ccb=7-4&oh=69908fc221bc53cae892e0c1f2a0f344&oe=608BC1E9&_nc_sid=4efc9f&ig_cache_key=MjU0MDgzNjE4NTc3NjIxOTk1NA%3D%3D.2.c-ccb7-4', 'https://scontent-hel3-1.cdninstagram.com/v/t51.2885-15/e35/c0.71.1080.1080a/s320x320/166007245_1070738776767160_8503265408228492555_n.jpg?tp=1&_nc_ht=scontent-hel3-1.cdninstagram.com&_nc_cat=104&_nc_ohc=qcEwa4z3SLwAX8Gi-sp&ccb=7-4&oh=15a8322492dce64185904aa4bc75cdbb&oe=608CD7B8&_nc_sid=4efc9f&ig_cache_key=MjU0MDgzNjE4NTc3NjIxOTk1NA%3D%3D.2.c-ccb7-4', 'https://scontent-hel3-1.cdninstagram.com/v/t51.2885-15/e35/c0.71.1080.1080a/s480x480/166007245_1070738776767160_8503265408228492555_n.jpg?tp=1&_nc_ht=scontent-hel3-1.cdninstagram.com&_nc_cat=104&_nc_ohc=qcEwa4z3SLwAX8Gi-sp&ccb=7-4&oh=2b7b035dd32e52543c99cbb2e6fa0e7a&oe=608AD3F6&_nc_sid=4efc9f&ig_cache_key=MjU0MDgzNjE4NTc3NjIxOTk1NA%3D%3D.2.c-ccb7-4', 'https://scontent-hel3-1.cdninstagram.com/v/t51.2885-15/sh0.08/e35/c0.71.1080.1080a/s640x640/166007245_1070738776767160_8503265408228492555_n.jpg?tp=1&_nc_ht=scontent-hel3-1.cdninstagram.com&_nc_cat=104&_nc_ohc=qcEwa4z3SLwAX8Gi-sp&ccb=7-4&oh=a1f73242cd40e373717f067f3ba57e95&oe=608BB17A&_nc_sid=4efc9f&ig_cache_key=MjU0MDgzNjE4NTc3NjIxOTk1NA%3D%3D.2.c-ccb7-4']"
