Heshtag,makeuppage
"['https://scontent-hel3-1.cdninstagram.com/v/t51.2885-15/e35/s150x150/166358745_450798309529130_378664283804336298_n.jpg?tp=1&_nc_ht=scontent-hel3-1.cdninstagram.com&_nc_cat=102&_nc_ohc=7yCuK49SUikAX-uZbyw&ccb=7-4&oh=5f1345c282760923ac6ccba3c96ece90&oe=608BF4E4&_nc_sid=4efc9f&ig_cache_key=MjU0MDgzMzk4Mzc3NTEwMjA0MQ%3D%3D.2-ccb7-4', 'https://scontent-hel3-1.cdninstagram.com/v/t51.2885-15/e35/s240x240/166358745_450798309529130_378664283804336298_n.jpg?tp=1&_nc_ht=scontent-hel3-1.cdninstagram.com&_nc_cat=102&_nc_ohc=7yCuK49SUikAX-uZbyw&ccb=7-4&oh=c92445ef72a4dd8736e8b1d93718f9f1&oe=608E39AA&_nc_sid=4efc9f&ig_cache_key=MjU0MDgzMzk4Mzc3NTEwMjA0MQ%3D%3D.2-ccb7-4', 'https://scontent-hel3-1.cdninstagram.com/v/t51.2885-15/e35/s320x320/166358745_450798309529130_378664283804336298_n.jpg?tp=1&_nc_ht=scontent-hel3-1.cdninstagram.com&_nc_cat=102&_nc_ohc=7yCuK49SUikAX-uZbyw&ccb=7-4&oh=9c74edef6645489ef1792bb7ef7a7a7a&oe=608CC614&_nc_sid=4efc9f&ig_cache_key=MjU0MDgzMzk4Mzc3NTEwMjA0MQ%3D%3D.2-ccb7-4', 'https://scontent-hel3-1.cdninstagram.com/v/t51.2885-15/e35/s480x480/166358745_450798309529130_378664283804336298_n.jpg?tp=1&_nc_ht=scontent-hel3-1.cdninstagram.com&_nc_cat=102&_nc_ohc=7yCuK49SUikAX-uZbyw&ccb=7-4&oh=431ba11c2bab603c8ba608cd177620e8&oe=608AE9CA&_nc_sid=4efc9f&ig_cache_key=MjU0MDgzMzk4Mzc3NTEwMjA0MQ%3D%3D.2-ccb7-4', 'https://scontent-hel3-1.cdninstagram.com/v/t51.2885-15/sh0.08/e35/s640x640/166358745_450798309529130_378664283804336298_n.jpg?tp=1&_nc_ht=scontent-hel3-1.cdninstagram.com&_nc_cat=102&_nc_ohc=7yCuK49SUikAX-uZbyw&ccb=7-4&oh=fdf26dd886e487ade223dc9e1bb2f073&oe=608D10C5&_nc_sid=4efc9f&ig_cache_key=MjU0MDgzMzk4Mzc3NTEwMjA0MQ%3D%3D.2-ccb7-4']"
"['https://scontent-hel3-1.cdninstagram.com/v/t51.2885-15/e35/s150x150/166826440_1081463385684790_9022909193629430170_n.jpg?tp=1&_nc_ht=scontent-hel3-1.cdninstagram.com&_nc_cat=110&_nc_ohc=35mrZ9icHNcAX-FdV83&ccb=7-4&oh=9cc928ffb1b0e979240c5936062322f4&oe=608C82D0&_nc_sid=4efc9f&ig_cache_key=MjU0MDgzMjA3Mjg3NTc2MzY0NQ%3D%3D.2-ccb7-4', 'https://scontent-hel3-1.cdninstagram.com/v/t51.2885-15/e35/s240x240/166826440_1081463385684790_9022909193629430170_n.jpg?tp=1&_nc_ht=scontent-hel3-1.cdninstagram.com&_nc_cat=110&_nc_ohc=35mrZ9icHNcAX-FdV83&ccb=7-4&oh=8951dcd427b1dec6c8d1abab4dfb7177&oe=608B3408&_nc_sid=4efc9f&ig_cache_key=MjU0MDgzMjA3Mjg3NTc2MzY0NQ%3D%3D.2-ccb7-4', 'https://scontent-hel3-1.cdninstagram.com/v/t51.2885-15/e35/s320x320/166826440_1081463385684790_9022909193629430170_n.jpg?tp=1&_nc_ht=scontent-hel3-1.cdninstagram.com&_nc_cat=110&_nc_ohc=35mrZ9icHNcAX-FdV83&ccb=7-4&oh=ab231235d9d6cc0defa53467045e40af&oe=608B7ED9&_nc_sid=4efc9f&ig_cache_key=MjU0MDgzMjA3Mjg3NTc2MzY0NQ%3D%3D.2-ccb7-4', 'https://scontent-hel3-1.cdninstagram.com/v/t51.2885-15/e35/s480x480/166826440_1081463385684790_9022909193629430170_n.jpg?tp=1&_nc_ht=scontent-hel3-1.cdninstagram.com&_nc_cat=110&_nc_ohc=35mrZ9icHNcAX-FdV83&ccb=7-4&oh=65ed1a638019e491fd1a473d7cd86e57&oe=608B131B&_nc_sid=4efc9f&ig_cache_key=MjU0MDgzMjA3Mjg3NTc2MzY0NQ%3D%3D.2-ccb7-4', 'https://scontent-hel3-1.cdninstagram.com/v/t51.2885-15/sh0.08/e35/s640x640/166826440_1081463385684790_9022909193629430170_n.jpg?tp=1&_nc_ht=scontent-hel3-1.cdninstagram.com&_nc_cat=110&_nc_ohc=35mrZ9icHNcAX-FdV83&ccb=7-4&oh=bf85f84a8884ff30a76535c22feeb7a5&oe=608B7B3B&_nc_sid=4efc9f&ig_cache_key=MjU0MDgzMjA3Mjg3NTc2MzY0NQ%3D%3D.2-ccb7-4']"
"['https://scontent-hel3-1.cdninstagram.com/v/t51.2885-15/e35/c0.133.1068.1068a/s150x150/165705400_292255882497139_2224595329699075637_n.jpg?tp=1&_nc_ht=scontent-hel3-1.cdninstagram.com&_nc_cat=107&_nc_ohc=fVzqFBqAWHMAX9WdPvx&ccb=7-4&oh=8b255f1073b6e01004d4f686906400cb&oe=608C658C&_nc_sid=4efc9f&ig_cache_key=MjU0MDgyODMwNTE1Nzk1NjIyMQ%3D%3D.2.c-ccb7-4', 'https://scontent-hel3-1.cdninstagram.com/v/t51.2885-15/e35/c0.133.1068.1068a/s240x240/165705400_292255882497139_2224595329699075637_n.jpg?tp=1&_nc_ht=scontent-hel3-1.cdninstagram.com&_nc_cat=107&_nc_ohc=fVzqFBqAWHMAX9WdPvx&ccb=7-4&oh=8b205823a81f5a832437f9acd24642ee&oe=608B4B0E&_nc_sid=4efc9f&ig_cache_key=MjU0MDgyODMwNTE1Nzk1NjIyMQ%3D%3D.2.c-ccb7-4', 'https://scontent-hel3-1.cdninstagram.com/v/t51.2885-15/e35/c0.133.1068.1068a/s320x320/165705400_292255882497139_2224595329699075637_n.jpg?tp=1&_nc_ht=scontent-hel3-1.cdninstagram.com&_nc_cat=107&_nc_ohc=fVzqFBqAWHMAX9WdPvx&ccb=7-4&oh=3eefb1fa66cba24be0a3cb0286c747d9&oe=608E2F74&_nc_sid=4efc9f&ig_cache_key=MjU0MDgyODMwNTE1Nzk1NjIyMQ%3D%3D.2.c-ccb7-4', 'https://scontent-hel3-1.cdninstagram.com/v/t51.2885-15/e35/c0.133.1068.1068a/s480x480/165705400_292255882497139_2224595329699075637_n.jpg?tp=1&_nc_ht=scontent-hel3-1.cdninstagram.com&_nc_cat=107&_nc_ohc=fVzqFBqAWHMAX9WdPvx&ccb=7-4&oh=b476abcec51ad8b042d65f1e06771b0f&oe=608C21B5&_nc_sid=4efc9f&ig_cache_key=MjU0MDgyODMwNTE1Nzk1NjIyMQ%3D%3D.2.c-ccb7-4', 'https://scontent-hel3-1.cdninstagram.com/v/t51.2885-15/sh0.08/e35/c0.133.1068.1068a/s640x640/165705400_292255882497139_2224595329699075637_n.jpg?tp=1&_nc_ht=scontent-hel3-1.cdninstagram.com&_nc_cat=107&_nc_ohc=fVzqFBqAWHMAX9WdPvx&ccb=7-4&oh=6d17be5ca54ac6c3e9d2e551482380a5&oe=608C3C3C&_nc_sid=4efc9f&ig_cache_key=MjU0MDgyODMwNTE1Nzk1NjIyMQ%3D%3D.2.c-ccb7-4']"
"['https://scontent-hel3-1.cdninstagram.com/v/t51.2885-15/e35/s150x150/165977514_122301883204280_2414227846093745537_n.jpg?tp=1&_nc_ht=scontent-hel3-1.cdninstagram.com&_nc_cat=108&_nc_ohc=OxdUKmAGLUoAX9R4ZHt&ccb=7-4&oh=ca0fa43826963b381a43e13b6d2f7cde&oe=60655596&_nc_sid=4efc9f', 'https://scontent-hel3-1.cdninstagram.com/v/t51.2885-15/e35/s240x240/165977514_122301883204280_2414227846093745537_n.jpg?tp=1&_nc_ht=scontent-hel3-1.cdninstagram.com&_nc_cat=108&_nc_ohc=OxdUKmAGLUoAX9R4ZHt&ccb=7-4&oh=8305ad96332f731ff3e69d6b3a7f2034&oe=60653514&_nc_sid=4efc9f', 'https://scontent-hel3-1.cdninstagram.com/v/t51.2885-15/e35/s320x320/165977514_122301883204280_2414227846093745537_n.jpg?tp=1&_nc_ht=scontent-hel3-1.cdninstagram.com&_nc_cat=108&_nc_ohc=OxdUKmAGLUoAX9R4ZHt&ccb=7-4&oh=3381ad5566d1863a626841868f18e7b3&oe=60652A6E&_nc_sid=4efc9f', 'https://scontent-hel3-1.cdninstagram.com/v/t51.2885-15/e35/s480x480/165977514_122301883204280_2414227846093745537_n.jpg?tp=1&_nc_ht=scontent-hel3-1.cdninstagram.com&_nc_cat=108&_nc_ohc=OxdUKmAGLUoAX9R4ZHt&ccb=7-4&oh=843339ccf36974faca08b0328d946e9a&oe=6065C12B&_nc_sid=4efc9f', 'https://scontent-hel3-1.cdninstagram.com/v/t51.2885-15/e35/165977514_122301883204280_2414227846093745537_n.jpg?tp=1&_nc_ht=scontent-hel3-1.cdninstagram.com&_nc_cat=108&_nc_ohc=OxdUKmAGLUoAX9R4ZHt&ccb=7-4&oh=8c27a8da978458cd528696271cb02476&oe=60657E2B&_nc_sid=4efc9f']"
"['https://scontent-hel3-1.cdninstagram.com/v/t51.2885-15/e35/s150x150/166304571_814329659154878_2344573918519013303_n.jpg?tp=1&_nc_ht=scontent-hel3-1.cdninstagram.com&_nc_cat=102&_nc_ohc=_VFUMNh2_W4AX85J3qX&ccb=7-4&oh=031d8066b08a900f595cd555e8ed189d&oe=608BB9B2&_nc_sid=4efc9f&ig_cache_key=MjU0MDgyNTcyNzgwNzY3NTU3NA%3D%3D.2-ccb7-4', 'https://scontent-hel3-1.cdninstagram.com/v/t51.2885-15/e35/s240x240/166304571_814329659154878_2344573918519013303_n.jpg?tp=1&_nc_ht=scontent-hel3-1.cdninstagram.com&_nc_cat=102&_nc_ohc=_VFUMNh2_W4AX85J3qX&ccb=7-4&oh=3cdf1b6125080e9003f45421f08fad24&oe=608D50B8&_nc_sid=4efc9f&ig_cache_key=MjU0MDgyNTcyNzgwNzY3NTU3NA%3D%3D.2-ccb7-4', 'https://scontent-hel3-1.cdninstagram.com/v/t51.2885-15/e35/s320x320/166304571_814329659154878_2344573918519013303_n.jpg?tp=1&_nc_ht=scontent-hel3-1.cdninstagram.com&_nc_cat=102&_nc_ohc=_VFUMNh2_W4AX85J3qX&ccb=7-4&oh=0a2f40d5069a93f71e12c0c230c5e0e5&oe=608EA74A&_nc_sid=4efc9f&ig_cache_key=MjU0MDgyNTcyNzgwNzY3NTU3NA%3D%3D.2-ccb7-4', 'https://scontent-hel3-1.cdninstagram.com/v/t51.2885-15/e35/s480x480/166304571_814329659154878_2344573918519013303_n.jpg?tp=1&_nc_ht=scontent-hel3-1.cdninstagram.com&_nc_cat=102&_nc_ohc=_VFUMNh2_W4AX85J3qX&ccb=7-4&oh=ecad0ea7298b5d114187dc6123e4ced3&oe=608CAA0F&_nc_sid=4efc9f&ig_cache_key=MjU0MDgyNTcyNzgwNzY3NTU3NA%3D%3D.2-ccb7-4', 'https://scontent-hel3-1.cdninstagram.com/v/t51.2885-15/sh0.08/e35/s640x640/166304571_814329659154878_2344573918519013303_n.jpg?tp=1&_nc_ht=scontent-hel3-1.cdninstagram.com&_nc_cat=102&_nc_ohc=_VFUMNh2_W4AX85J3qX&ccb=7-4&oh=d2869633d59ee16ff560401ffc984632&oe=608DF635&_nc_sid=4efc9f&ig_cache_key=MjU0MDgyNTcyNzgwNzY3NTU3NA%3D%3D.2-ccb7-4']"
"['https://scontent-hel3-1.cdninstagram.com/v/t51.2885-15/e15/c0.90.720.720a/s150x150/166258400_171333898161893_8507695183491663973_n.jpg?tp=1&_nc_ht=scontent-hel3-1.cdninstagram.com&_nc_cat=105&_nc_ohc=5T30ixXYz10AX_9wAyh&ccb=7-4&oh=f17cc54486b043fcf1da67faf1f358b5&oe=60659809&_nc_sid=4efc9f', 'https://scontent-hel3-1.cdninstagram.com/v/t51.2885-15/e15/c0.90.720.720a/s240x240/166258400_171333898161893_8507695183491663973_n.jpg?tp=1&_nc_ht=scontent-hel3-1.cdninstagram.com&_nc_cat=105&_nc_ohc=5T30ixXYz10AX_9wAyh&ccb=7-4&oh=ccf1d245b3b896b9d85395f18d097f0e&oe=60654F0F&_nc_sid=4efc9f', 'https://scontent-hel3-1.cdninstagram.com/v/t51.2885-15/e15/c0.90.720.720a/s320x320/166258400_171333898161893_8507695183491663973_n.jpg?tp=1&_nc_ht=scontent-hel3-1.cdninstagram.com&_nc_cat=105&_nc_ohc=5T30ixXYz10AX_9wAyh&ccb=7-4&oh=127cf38c3884a12aaa9cf5dd19caef15&oe=60655431&_nc_sid=4efc9f', 'https://scontent-hel3-1.cdninstagram.com/v/t51.2885-15/e15/c0.90.720.720a/s480x480/166258400_171333898161893_8507695183491663973_n.jpg?tp=1&_nc_ht=scontent-hel3-1.cdninstagram.com&_nc_cat=105&_nc_ohc=5T30ixXYz10AX_9wAyh&ccb=7-4&oh=269448e99582bb01a33494d5503385d3&oe=60658F38&_nc_sid=4efc9f', 'https://scontent-hel3-1.cdninstagram.com/v/t51.2885-15/e15/c0.90.720.720a/s640x640/166258400_171333898161893_8507695183491663973_n.jpg?tp=1&_nc_ht=scontent-hel3-1.cdninstagram.com&_nc_cat=105&_nc_ohc=5T30ixXYz10AX_9wAyh&ccb=7-4&oh=4387e0d81f8ce0186b4b6f8c28440803&oe=6065B1CC&_nc_sid=4efc9f']"
"['https://scontent-hel3-1.cdninstagram.com/v/t51.2885-15/e35/s150x150/165990215_435228071109194_2028310182525568973_n.jpg?tp=1&_nc_ht=scontent-hel3-1.cdninstagram.com&_nc_cat=102&_nc_ohc=YmXkemar8EkAX9q_v8G&ccb=7-4&oh=a220ac7ba525f6ead358260870f62762&oe=608BF142&_nc_sid=4efc9f&ig_cache_key=MjU0MDgyMzc3NDAyMjk2NDk1Nw%3D%3D.2-ccb7-4', 'https://scontent-hel3-1.cdninstagram.com/v/t51.2885-15/e35/s240x240/165990215_435228071109194_2028310182525568973_n.jpg?tp=1&_nc_ht=scontent-hel3-1.cdninstagram.com&_nc_cat=102&_nc_ohc=YmXkemar8EkAX9q_v8G&ccb=7-4&oh=978c5f9836bbaf62d85e3fb2e10820bc&oe=608BE7C8&_nc_sid=4efc9f&ig_cache_key=MjU0MDgyMzc3NDAyMjk2NDk1Nw%3D%3D.2-ccb7-4', 'https://scontent-hel3-1.cdninstagram.com/v/t51.2885-15/e35/s320x320/165990215_435228071109194_2028310182525568973_n.jpg?tp=1&_nc_ht=scontent-hel3-1.cdninstagram.com&_nc_cat=102&_nc_ohc=YmXkemar8EkAX9q_v8G&ccb=7-4&oh=1030a2ef72fe002aeadd6b4e5a4c8816&oe=608E223A&_nc_sid=4efc9f&ig_cache_key=MjU0MDgyMzc3NDAyMjk2NDk1Nw%3D%3D.2-ccb7-4', 'https://scontent-hel3-1.cdninstagram.com/v/t51.2885-15/e35/s480x480/165990215_435228071109194_2028310182525568973_n.jpg?tp=1&_nc_ht=scontent-hel3-1.cdninstagram.com&_nc_cat=102&_nc_ohc=YmXkemar8EkAX9q_v8G&ccb=7-4&oh=61527a478ce02e69f35a3062a981234e&oe=608C0C7F&_nc_sid=4efc9f&ig_cache_key=MjU0MDgyMzc3NDAyMjk2NDk1Nw%3D%3D.2-ccb7-4', 'https://scontent-hel3-1.cdninstagram.com/v/t51.2885-15/sh0.08/e35/s640x640/165990215_435228071109194_2028310182525568973_n.jpg?tp=1&_nc_ht=scontent-hel3-1.cdninstagram.com&_nc_cat=102&_nc_ohc=YmXkemar8EkAX9q_v8G&ccb=7-4&oh=bceca279ec63f17b161dcec348e2d1bc&oe=608CC2C5&_nc_sid=4efc9f&ig_cache_key=MjU0MDgyMzc3NDAyMjk2NDk1Nw%3D%3D.2-ccb7-4']"
"['https://scontent-hel3-1.cdninstagram.com/v/t51.2885-15/e35/s150x150/166152430_818102662384149_8938853506974654974_n.jpg?tp=1&_nc_ht=scontent-hel3-1.cdninstagram.com&_nc_cat=109&_nc_ohc=U8ACf2dL-VoAX8jRDVt&ccb=7-4&oh=22c99aac045166b663acc0197a044a2a&oe=60653DA2&_nc_sid=4efc9f', 'https://scontent-hel3-1.cdninstagram.com/v/t51.2885-15/e35/s240x240/166152430_818102662384149_8938853506974654974_n.jpg?tp=1&_nc_ht=scontent-hel3-1.cdninstagram.com&_nc_cat=109&_nc_ohc=U8ACf2dL-VoAX8jRDVt&ccb=7-4&oh=a4d6f7ffa05af153a35bb3e6b62d82a5&oe=606564E8&_nc_sid=4efc9f', 'https://scontent-hel3-1.cdninstagram.com/v/t51.2885-15/e35/s320x320/166152430_818102662384149_8938853506974654974_n.jpg?tp=1&_nc_ht=scontent-hel3-1.cdninstagram.com&_nc_cat=109&_nc_ohc=U8ACf2dL-VoAX8jRDVt&ccb=7-4&oh=73a032b12a9314b32db51cfc2a8d93e8&oe=60652C1A&_nc_sid=4efc9f', 'https://scontent-hel3-1.cdninstagram.com/v/t51.2885-15/e35/s480x480/166152430_818102662384149_8938853506974654974_n.jpg?tp=1&_nc_ht=scontent-hel3-1.cdninstagram.com&_nc_cat=109&_nc_ohc=U8ACf2dL-VoAX8jRDVt&ccb=7-4&oh=969c6eb5b84a7c0b07c7ee11c1b6ccaf&oe=60656B1F&_nc_sid=4efc9f', 'https://scontent-hel3-1.cdninstagram.com/v/t51.2885-15/e35/166152430_818102662384149_8938853506974654974_n.jpg?tp=1&_nc_ht=scontent-hel3-1.cdninstagram.com&_nc_cat=109&_nc_ohc=U8ACf2dL-VoAX8jRDVt&ccb=7-4&oh=8092162a2552a451d786e6cfe44d8646&oe=6065AD5F&_nc_sid=4efc9f']"
"['https://scontent-hel3-1.cdninstagram.com/v/t51.2885-15/e35/s150x150/165997805_146439917388042_850778494407803294_n.jpg?tp=1&_nc_ht=scontent-hel3-1.cdninstagram.com&_nc_cat=106&_nc_ohc=llYk7bgEHQsAX-cD9MM&ccb=7-4&oh=1f835e5d0f7786aa66e4940dd57f8b27&oe=608E8136&_nc_sid=4efc9f&ig_cache_key=MjU0MDgyMzA0Mzg2NDc5NTkzOA%3D%3D.2-ccb7-4', 'https://scontent-hel3-1.cdninstagram.com/v/t51.2885-15/e35/s240x240/165997805_146439917388042_850778494407803294_n.jpg?tp=1&_nc_ht=scontent-hel3-1.cdninstagram.com&_nc_cat=106&_nc_ohc=llYk7bgEHQsAX-cD9MM&ccb=7-4&oh=8360a26652d9b0f9d44f92a453c65062&oe=608B6400&_nc_sid=4efc9f&ig_cache_key=MjU0MDgyMzA0Mzg2NDc5NTkzOA%3D%3D.2-ccb7-4', 'https://scontent-hel3-1.cdninstagram.com/v/t51.2885-15/e35/s320x320/165997805_146439917388042_850778494407803294_n.jpg?tp=1&_nc_ht=scontent-hel3-1.cdninstagram.com&_nc_cat=106&_nc_ohc=llYk7bgEHQsAX-cD9MM&ccb=7-4&oh=6c03687ea6265c47b219c244511e00c4&oe=608B86C6&_nc_sid=4efc9f&ig_cache_key=MjU0MDgyMzA0Mzg2NDc5NTkzOA%3D%3D.2-ccb7-4', 'https://scontent-hel3-1.cdninstagram.com/v/t51.2885-15/e35/s480x480/165997805_146439917388042_850778494407803294_n.jpg?tp=1&_nc_ht=scontent-hel3-1.cdninstagram.com&_nc_cat=106&_nc_ohc=llYk7bgEHQsAX-cD9MM&ccb=7-4&oh=b7f22be13df3b9458487c56544d94419&oe=608E85A0&_nc_sid=4efc9f&ig_cache_key=MjU0MDgyMzA0Mzg2NDc5NTkzOA%3D%3D.2-ccb7-4', 'https://scontent-hel3-1.cdninstagram.com/v/t51.2885-15/sh0.08/e35/s640x640/165997805_146439917388042_850778494407803294_n.jpg?tp=1&_nc_ht=scontent-hel3-1.cdninstagram.com&_nc_cat=106&_nc_ohc=llYk7bgEHQsAX-cD9MM&ccb=7-4&oh=1924602077d3aa9cd60225220c7b449b&oe=608B3913&_nc_sid=4efc9f&ig_cache_key=MjU0MDgyMzA0Mzg2NDc5NTkzOA%3D%3D.2-ccb7-4']"
"['https://scontent-hel3-1.cdninstagram.com/v/t51.2885-15/e35/c0.180.1440.1440a/s150x150/165947973_880338909483596_3304138494567104279_n.jpg?tp=1&_nc_ht=scontent-hel3-1.cdninstagram.com&_nc_cat=108&_nc_ohc=WnThnYAv2lYAX-teBOk&ccb=7-4&oh=e0cf980c0c2676e84c63644462accd81&oe=608AFED9&_nc_sid=4efc9f&ig_cache_key=MjU0MDgyMjk0OTMwNTQ3MTQzNQ%3D%3D.2.c-ccb7-4', 'https://scontent-hel3-1.cdninstagram.com/v/t51.2885-15/e35/c0.180.1440.1440a/s240x240/165947973_880338909483596_3304138494567104279_n.jpg?tp=1&_nc_ht=scontent-hel3-1.cdninstagram.com&_nc_cat=108&_nc_ohc=WnThnYAv2lYAX-teBOk&ccb=7-4&oh=65a5ca55c3e19ca59b1ff16ae7153daf&oe=608E0BDF&_nc_sid=4efc9f&ig_cache_key=MjU0MDgyMjk0OTMwNTQ3MTQzNQ%3D%3D.2.c-ccb7-4', 'https://scontent-hel3-1.cdninstagram.com/v/t51.2885-15/e35/c0.180.1440.1440a/s320x320/165947973_880338909483596_3304138494567104279_n.jpg?tp=1&_nc_ht=scontent-hel3-1.cdninstagram.com&_nc_cat=108&_nc_ohc=WnThnYAv2lYAX-teBOk&ccb=7-4&oh=64ae55d33366548d71d2c84e0879afdb&oe=608AD1A1&_nc_sid=4efc9f&ig_cache_key=MjU0MDgyMjk0OTMwNTQ3MTQzNQ%3D%3D.2.c-ccb7-4', 'https://scontent-hel3-1.cdninstagram.com/v/t51.2885-15/e35/c0.180.1440.1440a/s480x480/165947973_880338909483596_3304138494567104279_n.jpg?tp=1&_nc_ht=scontent-hel3-1.cdninstagram.com&_nc_cat=108&_nc_ohc=WnThnYAv2lYAX-teBOk&ccb=7-4&oh=10884e10ab49aa8e4f9efb4f494076c7&oe=608E8E68&_nc_sid=4efc9f&ig_cache_key=MjU0MDgyMjk0OTMwNTQ3MTQzNQ%3D%3D.2.c-ccb7-4', 'https://scontent-hel3-1.cdninstagram.com/v/t51.2885-15/sh0.08/e35/c0.180.1440.1440a/s640x640/165947973_880338909483596_3304138494567104279_n.jpg?tp=1&_nc_ht=scontent-hel3-1.cdninstagram.com&_nc_cat=108&_nc_ohc=WnThnYAv2lYAX-teBOk&ccb=7-4&oh=bbacccf2f749829b6da07300a13c2497&oe=608E6DE9&_nc_sid=4efc9f&ig_cache_key=MjU0MDgyMjk0OTMwNTQ3MTQzNQ%3D%3D.2.c-ccb7-4']"
