Heshtag,makeupcloseup
"['https://scontent-hel3-1.cdninstagram.com/v/t51.2885-15/e35/s150x150/166238783_257100689410377_4655263442704342011_n.jpg?tp=1&_nc_ht=scontent-hel3-1.cdninstagram.com&_nc_cat=109&_nc_ohc=hZxK8iwGn2sAX_vtWw7&ccb=7-4&oh=d8e146bf1ecd645963a9a17b5cbded55&oe=608B82AF&_nc_sid=4efc9f&ig_cache_key=MjU0MDgxNjY1MDg4NjgzNjMyNA%3D%3D.2-ccb7-4', 'https://scontent-hel3-1.cdninstagram.com/v/t51.2885-15/e35/s240x240/166238783_257100689410377_4655263442704342011_n.jpg?tp=1&_nc_ht=scontent-hel3-1.cdninstagram.com&_nc_cat=109&_nc_ohc=hZxK8iwGn2sAX_vtWw7&ccb=7-4&oh=9cb7fa4309667d106689ca742c06fa55&oe=608CBC29&_nc_sid=4efc9f&ig_cache_key=MjU0MDgxNjY1MDg4NjgzNjMyNA%3D%3D.2-ccb7-4', 'https://scontent-hel3-1.cdninstagram.com/v/t51.2885-15/e35/s320x320/166238783_257100689410377_4655263442704342011_n.jpg?tp=1&_nc_ht=scontent-hel3-1.cdninstagram.com&_nc_cat=109&_nc_ohc=hZxK8iwGn2sAX_vtWw7&ccb=7-4&oh=814fbcf0265d782a705c9ebf622fce80&oe=608D0657&_nc_sid=4efc9f&ig_cache_key=MjU0MDgxNjY1MDg4NjgzNjMyNA%3D%3D.2-ccb7-4', 'https://scontent-hel3-1.cdninstagram.com/v/t51.2885-15/e35/s480x480/166238783_257100689410377_4655263442704342011_n.jpg?tp=1&_nc_ht=scontent-hel3-1.cdninstagram.com&_nc_cat=109&_nc_ohc=hZxK8iwGn2sAX_vtWw7&ccb=7-4&oh=238ea45573ea97325718914104f454e4&oe=608BFC92&_nc_sid=4efc9f&ig_cache_key=MjU0MDgxNjY1MDg4NjgzNjMyNA%3D%3D.2-ccb7-4', 'https://scontent-hel3-1.cdninstagram.com/v/t51.2885-15/sh0.08/e35/s640x640/166238783_257100689410377_4655263442704342011_n.jpg?tp=1&_nc_ht=scontent-hel3-1.cdninstagram.com&_nc_cat=109&_nc_ohc=hZxK8iwGn2sAX_vtWw7&ccb=7-4&oh=c687312eedf2b7e40d13f8c9e50157a9&oe=608C31AC&_nc_sid=4efc9f&ig_cache_key=MjU0MDgxNjY1MDg4NjgzNjMyNA%3D%3D.2-ccb7-4']"
"['https://scontent-hel3-1.cdninstagram.com/v/t51.2885-15/e35/c3.0.1235.1235a/s150x150/167044704_937877193676562_6457723203875746932_n.jpg?tp=1&_nc_ht=scontent-hel3-1.cdninstagram.com&_nc_cat=102&_nc_ohc=FpKU9MypMOIAX-qBUjb&ccb=7-4&oh=a10b73a81b2d44e75cbef60037b5d377&oe=608C7487&_nc_sid=4efc9f&ig_cache_key=MjU0MDc5Nzk4OTQyMzk0ODAxNg%3D%3D.2.c-ccb7-4', 'https://scontent-hel3-1.cdninstagram.com/v/t51.2885-15/e35/c3.0.1235.1235a/s240x240/167044704_937877193676562_6457723203875746932_n.jpg?tp=1&_nc_ht=scontent-hel3-1.cdninstagram.com&_nc_cat=102&_nc_ohc=FpKU9MypMOIAX-qBUjb&ccb=7-4&oh=bc6ca877a4ed74222014e9278313ebe7&oe=608BCE01&_nc_sid=4efc9f&ig_cache_key=MjU0MDc5Nzk4OTQyMzk0ODAxNg%3D%3D.2.c-ccb7-4', 'https://scontent-hel3-1.cdninstagram.com/v/t51.2885-15/e35/c3.0.1235.1235a/s320x320/167044704_937877193676562_6457723203875746932_n.jpg?tp=1&_nc_ht=scontent-hel3-1.cdninstagram.com&_nc_cat=102&_nc_ohc=FpKU9MypMOIAX-qBUjb&ccb=7-4&oh=2c9c89cf10fce2b45e9bf373e8150b1b&oe=608D25FF&_nc_sid=4efc9f&ig_cache_key=MjU0MDc5Nzk4OTQyMzk0ODAxNg%3D%3D.2.c-ccb7-4', 'https://scontent-hel3-1.cdninstagram.com/v/t51.2885-15/e35/c3.0.1235.1235a/s480x480/167044704_937877193676562_6457723203875746932_n.jpg?tp=1&_nc_ht=scontent-hel3-1.cdninstagram.com&_nc_cat=102&_nc_ohc=FpKU9MypMOIAX-qBUjb&ccb=7-4&oh=3191417ad2475251a966ab0064a06711&oe=608CD33A&_nc_sid=4efc9f&ig_cache_key=MjU0MDc5Nzk4OTQyMzk0ODAxNg%3D%3D.2.c-ccb7-4', 'https://scontent-hel3-1.cdninstagram.com/v/t51.2885-15/sh0.08/e35/c3.0.1235.1235a/s640x640/167044704_937877193676562_6457723203875746932_n.jpg?tp=1&_nc_ht=scontent-hel3-1.cdninstagram.com&_nc_cat=102&_nc_ohc=FpKU9MypMOIAX-qBUjb&ccb=7-4&oh=0006003552986be9bbd98d74bcf00cab&oe=608D24C2&_nc_sid=4efc9f&ig_cache_key=MjU0MDc5Nzk4OTQyMzk0ODAxNg%3D%3D.2.c-ccb7-4']"
"['https://scontent-hel3-1.cdninstagram.com/v/t51.2885-15/e35/c173.0.1082.1082a/s150x150/166612105_1451525061863728_2778139788875513803_n.jpg?tp=1&_nc_ht=scontent-hel3-1.cdninstagram.com&_nc_cat=104&_nc_ohc=6lRDZNfLXZQAX_-Qbml&ccb=7-4&oh=698bbc44812b6ab99ba17c54105e6683&oe=608B33CA&_nc_sid=4efc9f&ig_cache_key=MjU0MDc5MDYyMjg4NDA3MzgyMQ%3D%3D.2.c-ccb7-4', 'https://scontent-hel3-1.cdninstagram.com/v/t51.2885-15/e35/c173.0.1082.1082a/s240x240/166612105_1451525061863728_2778139788875513803_n.jpg?tp=1&_nc_ht=scontent-hel3-1.cdninstagram.com&_nc_cat=104&_nc_ohc=6lRDZNfLXZQAX_-Qbml&ccb=7-4&oh=079daa5d296476a22d8dda88cf6cebb7&oe=608D3B82&_nc_sid=4efc9f&ig_cache_key=MjU0MDc5MDYyMjg4NDA3MzgyMQ%3D%3D.2.c-ccb7-4', 'https://scontent-hel3-1.cdninstagram.com/v/t51.2885-15/e35/c173.0.1082.1082a/s320x320/166612105_1451525061863728_2778139788875513803_n.jpg?tp=1&_nc_ht=scontent-hel3-1.cdninstagram.com&_nc_cat=104&_nc_ohc=6lRDZNfLXZQAX_-Qbml&ccb=7-4&oh=74dd2096445d600bc62803db97ea1c5d&oe=608C4DDF&_nc_sid=4efc9f&ig_cache_key=MjU0MDc5MDYyMjg4NDA3MzgyMQ%3D%3D.2.c-ccb7-4', 'https://scontent-hel3-1.cdninstagram.com/v/t51.2885-15/e35/c173.0.1082.1082a/s480x480/166612105_1451525061863728_2778139788875513803_n.jpg?tp=1&_nc_ht=scontent-hel3-1.cdninstagram.com&_nc_cat=104&_nc_ohc=6lRDZNfLXZQAX_-Qbml&ccb=7-4&oh=106b76ae73a318b7ad62f424ee728a68&oe=608E749D&_nc_sid=4efc9f&ig_cache_key=MjU0MDc5MDYyMjg4NDA3MzgyMQ%3D%3D.2.c-ccb7-4', 'https://scontent-hel3-1.cdninstagram.com/v/t51.2885-15/sh0.08/e35/c173.0.1082.1082a/s640x640/166612105_1451525061863728_2778139788875513803_n.jpg?tp=1&_nc_ht=scontent-hel3-1.cdninstagram.com&_nc_cat=104&_nc_ohc=6lRDZNfLXZQAX_-Qbml&ccb=7-4&oh=e34d327c58fda69eb86b60de13653723&oe=608C9DA7&_nc_sid=4efc9f&ig_cache_key=MjU0MDc5MDYyMjg4NDA3MzgyMQ%3D%3D.2.c-ccb7-4']"
"['https://scontent-hel3-1.cdninstagram.com/v/t51.2885-15/e35/c0.180.1440.1440a/s150x150/165780837_283976303321127_1358544412381002557_n.jpg?tp=1&_nc_ht=scontent-hel3-1.cdninstagram.com&_nc_cat=103&_nc_ohc=DtsRx868XzQAX8Y_CqA&ccb=7-4&oh=628aca6ff3f8c98960c9c20d7dcfbe2a&oe=608D2AD0&_nc_sid=4efc9f&ig_cache_key=MjU0MDc4NzY3Nzk2MTU3MzAyMA%3D%3D.2.c-ccb7-4', 'https://scontent-hel3-1.cdninstagram.com/v/t51.2885-15/e35/c0.180.1440.1440a/s240x240/165780837_283976303321127_1358544412381002557_n.jpg?tp=1&_nc_ht=scontent-hel3-1.cdninstagram.com&_nc_cat=103&_nc_ohc=DtsRx868XzQAX8Y_CqA&ccb=7-4&oh=ed5a96499e3f4a10b397cc1104a39594&oe=608DA7CA&_nc_sid=4efc9f&ig_cache_key=MjU0MDc4NzY3Nzk2MTU3MzAyMA%3D%3D.2.c-ccb7-4', 'https://scontent-hel3-1.cdninstagram.com/v/t51.2885-15/e35/c0.180.1440.1440a/s320x320/165780837_283976303321127_1358544412381002557_n.jpg?tp=1&_nc_ht=scontent-hel3-1.cdninstagram.com&_nc_cat=103&_nc_ohc=DtsRx868XzQAX8Y_CqA&ccb=7-4&oh=96932bcebd74505c2b18467c4a034044&oe=608CDB38&_nc_sid=4efc9f&ig_cache_key=MjU0MDc4NzY3Nzk2MTU3MzAyMA%3D%3D.2.c-ccb7-4', 'https://scontent-hel3-1.cdninstagram.com/v/t51.2885-15/e35/c0.180.1440.1440a/s480x480/165780837_283976303321127_1358544412381002557_n.jpg?tp=1&_nc_ht=scontent-hel3-1.cdninstagram.com&_nc_cat=103&_nc_ohc=DtsRx868XzQAX8Y_CqA&ccb=7-4&oh=c590199148c01f45b19fd8a6b3157f3c&oe=608B7871&_nc_sid=4efc9f&ig_cache_key=MjU0MDc4NzY3Nzk2MTU3MzAyMA%3D%3D.2.c-ccb7-4', 'https://scontent-hel3-1.cdninstagram.com/v/t51.2885-15/sh0.08/e35/c0.180.1440.1440a/s640x640/165780837_283976303321127_1358544412381002557_n.jpg?tp=1&_nc_ht=scontent-hel3-1.cdninstagram.com&_nc_cat=103&_nc_ohc=DtsRx868XzQAX8Y_CqA&ccb=7-4&oh=7b1cc10edb5031ecfb3bd6303efcbe86&oe=608DE080&_nc_sid=4efc9f&ig_cache_key=MjU0MDc4NzY3Nzk2MTU3MzAyMA%3D%3D.2.c-ccb7-4']"
"['https://scontent-hel3-1.cdninstagram.com/v/t51.2885-15/e35/c240.0.960.960a/s150x150/165945822_347373126706113_6394315555803647898_n.jpg?tp=1&_nc_ht=scontent-hel3-1.cdninstagram.com&_nc_cat=109&_nc_ohc=xUpDfgfWxRkAX-tyvAS&ccb=7-4&oh=22a2392e7643e77269454c3ebf1e25fc&oe=608DF368&_nc_sid=4efc9f&ig_cache_key=MjU0MDc3NDU3OTk3OTk5MjM0OA%3D%3D.2.c-ccb7-4', 'https://scontent-hel3-1.cdninstagram.com/v/t51.2885-15/e35/c240.0.960.960a/s240x240/165945822_347373126706113_6394315555803647898_n.jpg?tp=1&_nc_ht=scontent-hel3-1.cdninstagram.com&_nc_cat=109&_nc_ohc=xUpDfgfWxRkAX-tyvAS&ccb=7-4&oh=756b5203abb70f3b0bca903c33abe0b1&oe=608CFDE2&_nc_sid=4efc9f&ig_cache_key=MjU0MDc3NDU3OTk3OTk5MjM0OA%3D%3D.2.c-ccb7-4', 'https://scontent-hel3-1.cdninstagram.com/v/t51.2885-15/e35/c240.0.960.960a/s320x320/165945822_347373126706113_6394315555803647898_n.jpg?tp=1&_nc_ht=scontent-hel3-1.cdninstagram.com&_nc_cat=109&_nc_ohc=xUpDfgfWxRkAX-tyvAS&ccb=7-4&oh=a300018c0edaa85e1d033459f85daa2e&oe=608CB4A0&_nc_sid=4efc9f&ig_cache_key=MjU0MDc3NDU3OTk3OTk5MjM0OA%3D%3D.2.c-ccb7-4', 'https://scontent-hel3-1.cdninstagram.com/v/t51.2885-15/e35/c240.0.960.960a/s480x480/165945822_347373126706113_6394315555803647898_n.jpg?tp=1&_nc_ht=scontent-hel3-1.cdninstagram.com&_nc_cat=109&_nc_ohc=xUpDfgfWxRkAX-tyvAS&ccb=7-4&oh=6dc639dd2991423b87ce62ddd2ab1cd3&oe=608C7D59&_nc_sid=4efc9f&ig_cache_key=MjU0MDc3NDU3OTk3OTk5MjM0OA%3D%3D.2.c-ccb7-4', 'https://scontent-hel3-1.cdninstagram.com/v/t51.2885-15/sh0.08/e35/c240.0.960.960a/s640x640/165945822_347373126706113_6394315555803647898_n.jpg?tp=1&_nc_ht=scontent-hel3-1.cdninstagram.com&_nc_cat=109&_nc_ohc=xUpDfgfWxRkAX-tyvAS&ccb=7-4&oh=8577165c0051acce568f391ed99c843d&oe=608B1BA1&_nc_sid=4efc9f&ig_cache_key=MjU0MDc3NDU3OTk3OTk5MjM0OA%3D%3D.2.c-ccb7-4']"
"['https://scontent-hel3-1.cdninstagram.com/v/t51.2885-15/e35/s150x150/165974973_147959593896305_7548434916763620202_n.jpg?tp=1&_nc_ht=scontent-hel3-1.cdninstagram.com&_nc_cat=105&_nc_ohc=zrwkKsVfRVEAX-4k-bu&ccb=7-4&oh=6b60ab44d64f5cc2232f7bd493d38abc&oe=608D5BD9&_nc_sid=4efc9f&ig_cache_key=MjU0MDczNDk1NzkxOTI0NDY3Mw%3D%3D.2-ccb7-4', 'https://scontent-hel3-1.cdninstagram.com/v/t51.2885-15/e35/s240x240/165974973_147959593896305_7548434916763620202_n.jpg?tp=1&_nc_ht=scontent-hel3-1.cdninstagram.com&_nc_cat=105&_nc_ohc=zrwkKsVfRVEAX-4k-bu&ccb=7-4&oh=3753d943b6a141163f479eea635480b0&oe=608CD9DF&_nc_sid=4efc9f&ig_cache_key=MjU0MDczNDk1NzkxOTI0NDY3Mw%3D%3D.2-ccb7-4', 'https://scontent-hel3-1.cdninstagram.com/v/t51.2885-15/e35/s320x320/165974973_147959593896305_7548434916763620202_n.jpg?tp=1&_nc_ht=scontent-hel3-1.cdninstagram.com&_nc_cat=105&_nc_ohc=zrwkKsVfRVEAX-4k-bu&ccb=7-4&oh=48a55e0ab9e954de1ae8701ad91b1cb7&oe=608D62A1&_nc_sid=4efc9f&ig_cache_key=MjU0MDczNDk1NzkxOTI0NDY3Mw%3D%3D.2-ccb7-4', 'https://scontent-hel3-1.cdninstagram.com/v/t51.2885-15/e35/s480x480/165974973_147959593896305_7548434916763620202_n.jpg?tp=1&_nc_ht=scontent-hel3-1.cdninstagram.com&_nc_cat=105&_nc_ohc=zrwkKsVfRVEAX-4k-bu&ccb=7-4&oh=197841f7ab6a0f47d074c7a3b73791c4&oe=608D9CE8&_nc_sid=4efc9f&ig_cache_key=MjU0MDczNDk1NzkxOTI0NDY3Mw%3D%3D.2-ccb7-4', 'https://scontent-hel3-1.cdninstagram.com/v/t51.2885-15/sh0.08/e35/s640x640/165974973_147959593896305_7548434916763620202_n.jpg?tp=1&_nc_ht=scontent-hel3-1.cdninstagram.com&_nc_cat=105&_nc_ohc=zrwkKsVfRVEAX-4k-bu&ccb=7-4&oh=9a75bc490dff2b04095dc8bee530a7f4&oe=608B2E5E&_nc_sid=4efc9f&ig_cache_key=MjU0MDczNDk1NzkxOTI0NDY3Mw%3D%3D.2-ccb7-4']"
"['https://scontent-hel3-1.cdninstagram.com/v/t51.2885-15/e35/s150x150/166234598_1184566758631825_1738446452859233362_n.jpg?tp=1&_nc_ht=scontent-hel3-1.cdninstagram.com&_nc_cat=101&_nc_ohc=Vau324k8TAUAX-hsH5a&ccb=7-4&oh=2087861a6862a327b7518178e9cf0f56&oe=608CF23C&_nc_sid=4efc9f&ig_cache_key=MjU0MDY4NzA3NzM5NjU3MTQyMw%3D%3D.2-ccb7-4', 'https://scontent-hel3-1.cdninstagram.com/v/t51.2885-15/e35/s240x240/166234598_1184566758631825_1738446452859233362_n.jpg?tp=1&_nc_ht=scontent-hel3-1.cdninstagram.com&_nc_cat=101&_nc_ohc=Vau324k8TAUAX-hsH5a&ccb=7-4&oh=5b18b9e8ab72f34a250aed1590c32519&oe=608E5AF4&_nc_sid=4efc9f&ig_cache_key=MjU0MDY4NzA3NzM5NjU3MTQyMw%3D%3D.2-ccb7-4', 'https://scontent-hel3-1.cdninstagram.com/v/t51.2885-15/e35/s320x320/166234598_1184566758631825_1738446452859233362_n.jpg?tp=1&_nc_ht=scontent-hel3-1.cdninstagram.com&_nc_cat=101&_nc_ohc=Vau324k8TAUAX-hsH5a&ccb=7-4&oh=f8b42486f9e7a662c2421f418b5cecc2&oe=608CD22D&_nc_sid=4efc9f&ig_cache_key=MjU0MDY4NzA3NzM5NjU3MTQyMw%3D%3D.2-ccb7-4', 'https://scontent-hel3-1.cdninstagram.com/v/t51.2885-15/e35/s480x480/166234598_1184566758631825_1738446452859233362_n.jpg?tp=1&_nc_ht=scontent-hel3-1.cdninstagram.com&_nc_cat=101&_nc_ohc=Vau324k8TAUAX-hsH5a&ccb=7-4&oh=4a4801bee2a71af3afe7729a2be395cf&oe=608E1BEF&_nc_sid=4efc9f&ig_cache_key=MjU0MDY4NzA3NzM5NjU3MTQyMw%3D%3D.2-ccb7-4', 'https://scontent-hel3-1.cdninstagram.com/v/t51.2885-15/sh0.08/e35/s640x640/166234598_1184566758631825_1738446452859233362_n.jpg?tp=1&_nc_ht=scontent-hel3-1.cdninstagram.com&_nc_cat=101&_nc_ohc=Vau324k8TAUAX-hsH5a&ccb=7-4&oh=9db7b71ee431125ba8ab5361f768baa1&oe=608C42CF&_nc_sid=4efc9f&ig_cache_key=MjU0MDY4NzA3NzM5NjU3MTQyMw%3D%3D.2-ccb7-4']"
"['https://scontent-hel3-1.cdninstagram.com/v/t51.2885-15/e35/c0.3.1440.1440a/s150x150/166001867_502682367406782_1710226381626260414_n.jpg?tp=1&_nc_ht=scontent-hel3-1.cdninstagram.com&_nc_cat=106&_nc_ohc=CGOBkSzkaSsAX-76y-y&ccb=7-4&oh=eb2621d4380d42213bd9c936359d3870&oe=608C384A&_nc_sid=4efc9f&ig_cache_key=MjU0MDY4MjUxMTcyMDU5MjU5OQ%3D%3D.2.c-ccb7-4', 'https://scontent-hel3-1.cdninstagram.com/v/t51.2885-15/e35/c0.3.1440.1440a/s240x240/166001867_502682367406782_1710226381626260414_n.jpg?tp=1&_nc_ht=scontent-hel3-1.cdninstagram.com&_nc_cat=106&_nc_ohc=CGOBkSzkaSsAX-76y-y&ccb=7-4&oh=547de38509b21d9e502b6cbe5991d763&oe=608BB150&_nc_sid=4efc9f&ig_cache_key=MjU0MDY4MjUxMTcyMDU5MjU5OQ%3D%3D.2.c-ccb7-4', 'https://scontent-hel3-1.cdninstagram.com/v/t51.2885-15/e35/c0.3.1440.1440a/s320x320/166001867_502682367406782_1710226381626260414_n.jpg?tp=1&_nc_ht=scontent-hel3-1.cdninstagram.com&_nc_cat=106&_nc_ohc=CGOBkSzkaSsAX-76y-y&ccb=7-4&oh=86dd4dbebb8027c26c8ac02fb414b8b6&oe=608E64B2&_nc_sid=4efc9f&ig_cache_key=MjU0MDY4MjUxMTcyMDU5MjU5OQ%3D%3D.2.c-ccb7-4', 'https://scontent-hel3-1.cdninstagram.com/v/t51.2885-15/e35/c0.3.1440.1440a/s480x480/166001867_502682367406782_1710226381626260414_n.jpg?tp=1&_nc_ht=scontent-hel3-1.cdninstagram.com&_nc_cat=106&_nc_ohc=CGOBkSzkaSsAX-76y-y&ccb=7-4&oh=751af8c530c1290e6e0f2663fd1c7578&oe=608BC477&_nc_sid=4efc9f&ig_cache_key=MjU0MDY4MjUxMTcyMDU5MjU5OQ%3D%3D.2.c-ccb7-4', 'https://scontent-hel3-1.cdninstagram.com/v/t51.2885-15/sh0.08/e35/c0.3.1440.1440a/s640x640/166001867_502682367406782_1710226381626260414_n.jpg?tp=1&_nc_ht=scontent-hel3-1.cdninstagram.com&_nc_cat=106&_nc_ohc=CGOBkSzkaSsAX-76y-y&ccb=7-4&oh=ccd2f08be5e31a26dc51e04f4b1ccf34&oe=608C518F&_nc_sid=4efc9f&ig_cache_key=MjU0MDY4MjUxMTcyMDU5MjU5OQ%3D%3D.2.c-ccb7-4']"
"['https://scontent-hel3-1.cdninstagram.com/v/t51.2885-15/e35/c0.180.1440.1440a/s150x150/165976423_815187859088300_8326206659258491829_n.jpg?tp=1&_nc_ht=scontent-hel3-1.cdninstagram.com&_nc_cat=108&_nc_ohc=-AhOaoL6QqcAX_R8jQs&ccb=7-4&oh=dc274ab84e578121ac253319c7e9a648&oe=608E77E7&_nc_sid=4efc9f&ig_cache_key=MjU0MDY1NDk1NjY4NDI3MTIwMg%3D%3D.2.c-ccb7-4', 'https://scontent-hel3-1.cdninstagram.com/v/t51.2885-15/e35/c0.180.1440.1440a/s240x240/165976423_815187859088300_8326206659258491829_n.jpg?tp=1&_nc_ht=scontent-hel3-1.cdninstagram.com&_nc_cat=108&_nc_ohc=-AhOaoL6QqcAX_R8jQs&ccb=7-4&oh=f9d49e4f5acef1fe4e42e2cdf42117af&oe=608DB4E1&_nc_sid=4efc9f&ig_cache_key=MjU0MDY1NDk1NjY4NDI3MTIwMg%3D%3D.2.c-ccb7-4', 'https://scontent-hel3-1.cdninstagram.com/v/t51.2885-15/e35/c0.180.1440.1440a/s320x320/165976423_815187859088300_8326206659258491829_n.jpg?tp=1&_nc_ht=scontent-hel3-1.cdninstagram.com&_nc_cat=108&_nc_ohc=-AhOaoL6QqcAX_R8jQs&ccb=7-4&oh=43b5bd9fb849c84304155794c09ea675&oe=608B1E9F&_nc_sid=4efc9f&ig_cache_key=MjU0MDY1NDk1NjY4NDI3MTIwMg%3D%3D.2.c-ccb7-4', 'https://scontent-hel3-1.cdninstagram.com/v/t51.2885-15/e35/c0.180.1440.1440a/s480x480/165976423_815187859088300_8326206659258491829_n.jpg?tp=1&_nc_ht=scontent-hel3-1.cdninstagram.com&_nc_cat=108&_nc_ohc=-AhOaoL6QqcAX_R8jQs&ccb=7-4&oh=ea21acd7101fb492a2aa8603609f45be&oe=608B00DA&_nc_sid=4efc9f&ig_cache_key=MjU0MDY1NDk1NjY4NDI3MTIwMg%3D%3D.2.c-ccb7-4', 'https://scontent-hel3-1.cdninstagram.com/v/t51.2885-15/sh0.08/e35/c0.180.1440.1440a/s640x640/165976423_815187859088300_8326206659258491829_n.jpg?tp=1&_nc_ht=scontent-hel3-1.cdninstagram.com&_nc_cat=108&_nc_ohc=-AhOaoL6QqcAX_R8jQs&ccb=7-4&oh=3d395edc9f48a378aed65569004b0139&oe=608C16D7&_nc_sid=4efc9f&ig_cache_key=MjU0MDY1NDk1NjY4NDI3MTIwMg%3D%3D.2.c-ccb7-4']"
"['https://scontent-hel3-1.cdninstagram.com/v/t51.2885-15/e35/c0.179.1440.1440a/s150x150/165979415_3839791892724328_4047836686786504681_n.jpg?tp=1&_nc_ht=scontent-hel3-1.cdninstagram.com&_nc_cat=104&_nc_ohc=Im3teD-dJJkAX-Yekam&ccb=7-4&oh=6fbba165843df1d835f37a082df64f9c&oe=608B717A&_nc_sid=4efc9f&ig_cache_key=MjU0MDYyNzc4MDMyOTM5NDM5OA%3D%3D.2.c-ccb7-4', 'https://scontent-hel3-1.cdninstagram.com/v/t51.2885-15/e35/c0.179.1440.1440a/s240x240/165979415_3839791892724328_4047836686786504681_n.jpg?tp=1&_nc_ht=scontent-hel3-1.cdninstagram.com&_nc_cat=104&_nc_ohc=Im3teD-dJJkAX-Yekam&ccb=7-4&oh=8065f50f4b5502effac639dabc7b4786&oe=608B3932&_nc_sid=4efc9f&ig_cache_key=MjU0MDYyNzc4MDMyOTM5NDM5OA%3D%3D.2.c-ccb7-4', 'https://scontent-hel3-1.cdninstagram.com/v/t51.2885-15/e35/c0.179.1440.1440a/s320x320/165979415_3839791892724328_4047836686786504681_n.jpg?tp=1&_nc_ht=scontent-hel3-1.cdninstagram.com&_nc_cat=104&_nc_ohc=Im3teD-dJJkAX-Yekam&ccb=7-4&oh=f67bec1c151ce7f11df2cd1d2621daba&oe=608D49EF&_nc_sid=4efc9f&ig_cache_key=MjU0MDYyNzc4MDMyOTM5NDM5OA%3D%3D.2.c-ccb7-4', 'https://scontent-hel3-1.cdninstagram.com/v/t51.2885-15/e35/c0.179.1440.1440a/s480x480/165979415_3839791892724328_4047836686786504681_n.jpg?tp=1&_nc_ht=scontent-hel3-1.cdninstagram.com&_nc_cat=104&_nc_ohc=Im3teD-dJJkAX-Yekam&ccb=7-4&oh=f2358eaf74451daa85c03f2ea4663b8b&oe=608BE7AD&_nc_sid=4efc9f&ig_cache_key=MjU0MDYyNzc4MDMyOTM5NDM5OA%3D%3D.2.c-ccb7-4', 'https://scontent-hel3-1.cdninstagram.com/v/t51.2885-15/sh0.08/e35/c0.179.1440.1440a/s640x640/165979415_3839791892724328_4047836686786504681_n.jpg?tp=1&_nc_ht=scontent-hel3-1.cdninstagram.com&_nc_cat=104&_nc_ohc=Im3teD-dJJkAX-Yekam&ccb=7-4&oh=637dc5bbdf9110b66905a701df466b61&oe=608DFC97&_nc_sid=4efc9f&ig_cache_key=MjU0MDYyNzc4MDMyOTM5NDM5OA%3D%3D.2.c-ccb7-4']"
