Heshtag,mua_army
"['https://scontent-hel3-1.cdninstagram.com/v/t51.2885-15/e35/s150x150/166652232_175477470960307_4273789604590385900_n.jpg?tp=1&_nc_ht=scontent-hel3-1.cdninstagram.com&_nc_cat=107&_nc_ohc=CC5IKlcDOOcAX-1tgFv&ccb=7-4&oh=b9d047146458390a238807fcc49b76d3&oe=608C4D77&_nc_sid=4efc9f&ig_cache_key=MjU0MDgxOTA3Mzg1NTQ3NTM3Ng%3D%3D.2-ccb7-4', 'https://scontent-hel3-1.cdninstagram.com/v/t51.2885-15/e35/s240x240/166652232_175477470960307_4273789604590385900_n.jpg?tp=1&_nc_ht=scontent-hel3-1.cdninstagram.com&_nc_cat=107&_nc_ohc=CC5IKlcDOOcAX-1tgFv&ccb=7-4&oh=76ea36245cbfe771b87e6738a15845fb&oe=608C19F1&_nc_sid=4efc9f&ig_cache_key=MjU0MDgxOTA3Mzg1NTQ3NTM3Ng%3D%3D.2-ccb7-4', 'https://scontent-hel3-1.cdninstagram.com/v/t51.2885-15/e35/s320x320/166652232_175477470960307_4273789604590385900_n.jpg?tp=1&_nc_ht=scontent-hel3-1.cdninstagram.com&_nc_cat=107&_nc_ohc=CC5IKlcDOOcAX-1tgFv&ccb=7-4&oh=2545f8843bca183d552bc6559fc1d94a&oe=608B2C8F&_nc_sid=4efc9f&ig_cache_key=MjU0MDgxOTA3Mzg1NTQ3NTM3Ng%3D%3D.2-ccb7-4', 'https://scontent-hel3-1.cdninstagram.com/v/t51.2885-15/e35/s480x480/166652232_175477470960307_4273789604590385900_n.jpg?tp=1&_nc_ht=scontent-hel3-1.cdninstagram.com&_nc_cat=107&_nc_ohc=CC5IKlcDOOcAX-1tgFv&ccb=7-4&oh=74d3a10c04223af6043b4f32c155c71e&oe=608AE64A&_nc_sid=4efc9f&ig_cache_key=MjU0MDgxOTA3Mzg1NTQ3NTM3Ng%3D%3D.2-ccb7-4', 'https://scontent-hel3-1.cdninstagram.com/v/t51.2885-15/sh0.08/e35/s640x640/166652232_175477470960307_4273789604590385900_n.jpg?tp=1&_nc_ht=scontent-hel3-1.cdninstagram.com&_nc_cat=107&_nc_ohc=CC5IKlcDOOcAX-1tgFv&ccb=7-4&oh=00227bd10f47984efbc9a7bc8057a828&oe=608B7E74&_nc_sid=4efc9f&ig_cache_key=MjU0MDgxOTA3Mzg1NTQ3NTM3Ng%3D%3D.2-ccb7-4']"
"['https://scontent-hel3-1.cdninstagram.com/v/t51.2885-15/e35/c0.180.1440.1440a/s150x150/167230764_479740403212325_7846677001906975892_n.jpg?tp=1&_nc_ht=scontent-hel3-1.cdninstagram.com&_nc_cat=105&_nc_ohc=PSNJbYxP-6EAX8MwZEc&ccb=7-4&oh=fbf288ecfddedf0bfee6a263faf436cb&oe=608CDCD9&_nc_sid=4efc9f&ig_cache_key=MjU0MDgxNzUzNjk3NTY3MjY2Ng%3D%3D.2.c-ccb7-4', 'https://scontent-hel3-1.cdninstagram.com/v/t51.2885-15/e35/c0.180.1440.1440a/s240x240/167230764_479740403212325_7846677001906975892_n.jpg?tp=1&_nc_ht=scontent-hel3-1.cdninstagram.com&_nc_cat=105&_nc_ohc=PSNJbYxP-6EAX8MwZEc&ccb=7-4&oh=bf3340fb9b5c29a653b67a9a0505a27a&oe=608CEB5F&_nc_sid=4efc9f&ig_cache_key=MjU0MDgxNzUzNjk3NTY3MjY2Ng%3D%3D.2.c-ccb7-4', 'https://scontent-hel3-1.cdninstagram.com/v/t51.2885-15/e35/c0.180.1440.1440a/s320x320/167230764_479740403212325_7846677001906975892_n.jpg?tp=1&_nc_ht=scontent-hel3-1.cdninstagram.com&_nc_cat=105&_nc_ohc=PSNJbYxP-6EAX8MwZEc&ccb=7-4&oh=0c1671beb1913900eb9c243a6f963285&oe=608E55A1&_nc_sid=4efc9f&ig_cache_key=MjU0MDgxNzUzNjk3NTY3MjY2Ng%3D%3D.2.c-ccb7-4', 'https://scontent-hel3-1.cdninstagram.com/v/t51.2885-15/e35/c0.180.1440.1440a/s480x480/167230764_479740403212325_7846677001906975892_n.jpg?tp=1&_nc_ht=scontent-hel3-1.cdninstagram.com&_nc_cat=105&_nc_ohc=PSNJbYxP-6EAX8MwZEc&ccb=7-4&oh=400c7eef8943ca646877ba2983a5ccf2&oe=608ABE68&_nc_sid=4efc9f&ig_cache_key=MjU0MDgxNzUzNjk3NTY3MjY2Ng%3D%3D.2.c-ccb7-4', 'https://scontent-hel3-1.cdninstagram.com/v/t51.2885-15/sh0.08/e35/c0.180.1440.1440a/s640x640/167230764_479740403212325_7846677001906975892_n.jpg?tp=1&_nc_ht=scontent-hel3-1.cdninstagram.com&_nc_cat=105&_nc_ohc=PSNJbYxP-6EAX8MwZEc&ccb=7-4&oh=cef388550ba689a2e3e1b8cd8e3468b1&oe=608E86E9&_nc_sid=4efc9f&ig_cache_key=MjU0MDgxNzUzNjk3NTY3MjY2Ng%3D%3D.2.c-ccb7-4']"
"['https://scontent-hel3-1.cdninstagram.com/v/t51.2885-15/e35/c0.135.1080.1080a/s150x150/166683801_330413858710454_5793865183818624870_n.jpg?tp=1&_nc_ht=scontent-hel3-1.cdninstagram.com&_nc_cat=102&_nc_ohc=PrMZXOPhUEoAX9ILqwn&ccb=7-4&oh=467fe6c2ffefde0a9e4377c4f3efaf82&oe=608D6E01&_nc_sid=4efc9f&ig_cache_key=MjU0MDgxNjQ3MTI5NTMwMTgzMQ%3D%3D.2.c-ccb7-4', 'https://scontent-hel3-1.cdninstagram.com/v/t51.2885-15/e35/c0.135.1080.1080a/s240x240/166683801_330413858710454_5793865183818624870_n.jpg?tp=1&_nc_ht=scontent-hel3-1.cdninstagram.com&_nc_cat=102&_nc_ohc=PrMZXOPhUEoAX9ILqwn&ccb=7-4&oh=36c7981fe81dfb28bdcc5f886adcc451&oe=608C4E87&_nc_sid=4efc9f&ig_cache_key=MjU0MDgxNjQ3MTI5NTMwMTgzMQ%3D%3D.2.c-ccb7-4', 'https://scontent-hel3-1.cdninstagram.com/v/t51.2885-15/e35/c0.135.1080.1080a/s320x320/166683801_330413858710454_5793865183818624870_n.jpg?tp=1&_nc_ht=scontent-hel3-1.cdninstagram.com&_nc_cat=102&_nc_ohc=PrMZXOPhUEoAX9ILqwn&ccb=7-4&oh=455323ceebf3bc607ca83367c3522f0c&oe=608CD3F9&_nc_sid=4efc9f&ig_cache_key=MjU0MDgxNjQ3MTI5NTMwMTgzMQ%3D%3D.2.c-ccb7-4', 'https://scontent-hel3-1.cdninstagram.com/v/t51.2885-15/e35/c0.135.1080.1080a/s480x480/166683801_330413858710454_5793865183818624870_n.jpg?tp=1&_nc_ht=scontent-hel3-1.cdninstagram.com&_nc_cat=102&_nc_ohc=PrMZXOPhUEoAX9ILqwn&ccb=7-4&oh=91a507f142188ed57e535bb5ff6e2017&oe=608ABD40&_nc_sid=4efc9f&ig_cache_key=MjU0MDgxNjQ3MTI5NTMwMTgzMQ%3D%3D.2.c-ccb7-4', 'https://scontent-hel3-1.cdninstagram.com/v/t51.2885-15/sh0.08/e35/c0.135.1080.1080a/s640x640/166683801_330413858710454_5793865183818624870_n.jpg?tp=1&_nc_ht=scontent-hel3-1.cdninstagram.com&_nc_cat=102&_nc_ohc=PrMZXOPhUEoAX9ILqwn&ccb=7-4&oh=78b2d5f389f8502f98fd6da2c3490956&oe=608E60B1&_nc_sid=4efc9f&ig_cache_key=MjU0MDgxNjQ3MTI5NTMwMTgzMQ%3D%3D.2.c-ccb7-4']"
"['https://scontent-hel3-1.cdninstagram.com/v/t51.2885-15/e35/c0.180.1440.1440a/s150x150/166600293_482975416228990_2408164773630598814_n.jpg?tp=1&_nc_ht=scontent-hel3-1.cdninstagram.com&_nc_cat=110&_nc_ohc=JsPIH4CA0C0AX95z5px&ccb=7-4&oh=e204c91a3e60dde914106ff481437c13&oe=608ABB04&_nc_sid=4efc9f&ig_cache_key=MjU0MDgxNDU3ODU3NTgyNTM1MA%3D%3D.2.c-ccb7-4', 'https://scontent-hel3-1.cdninstagram.com/v/t51.2885-15/e35/c0.180.1440.1440a/s240x240/166600293_482975416228990_2408164773630598814_n.jpg?tp=1&_nc_ht=scontent-hel3-1.cdninstagram.com&_nc_cat=110&_nc_ohc=JsPIH4CA0C0AX95z5px&ccb=7-4&oh=2f0d7c7f0ce4b44a2f640476b7d98b74&oe=608D9206&_nc_sid=4efc9f&ig_cache_key=MjU0MDgxNDU3ODU3NTgyNTM1MA%3D%3D.2.c-ccb7-4', 'https://scontent-hel3-1.cdninstagram.com/v/t51.2885-15/e35/c0.180.1440.1440a/s320x320/166600293_482975416228990_2408164773630598814_n.jpg?tp=1&_nc_ht=scontent-hel3-1.cdninstagram.com&_nc_cat=110&_nc_ohc=JsPIH4CA0C0AX95z5px&ccb=7-4&oh=ff6a40712908b765238115e34e592c96&oe=608B6EFC&_nc_sid=4efc9f&ig_cache_key=MjU0MDgxNDU3ODU3NTgyNTM1MA%3D%3D.2.c-ccb7-4', 'https://scontent-hel3-1.cdninstagram.com/v/t51.2885-15/e35/c0.180.1440.1440a/s480x480/166600293_482975416228990_2408164773630598814_n.jpg?tp=1&_nc_ht=scontent-hel3-1.cdninstagram.com&_nc_cat=110&_nc_ohc=JsPIH4CA0C0AX95z5px&ccb=7-4&oh=c4681e36549fbf81d8ba826be212a616&oe=608BECBD&_nc_sid=4efc9f&ig_cache_key=MjU0MDgxNDU3ODU3NTgyNTM1MA%3D%3D.2.c-ccb7-4', 'https://scontent-hel3-1.cdninstagram.com/v/t51.2885-15/sh0.08/e35/c0.180.1440.1440a/s640x640/166600293_482975416228990_2408164773630598814_n.jpg?tp=1&_nc_ht=scontent-hel3-1.cdninstagram.com&_nc_cat=110&_nc_ohc=JsPIH4CA0C0AX95z5px&ccb=7-4&oh=3352a3bc3abf0bda5e43c6916e9f6acd&oe=608C07B4&_nc_sid=4efc9f&ig_cache_key=MjU0MDgxNDU3ODU3NTgyNTM1MA%3D%3D.2.c-ccb7-4']"
"['https://scontent-hel3-1.cdninstagram.com/v/t51.2885-15/e35/s150x150/164277690_228711622370936_7014796279793276631_n.jpg?tp=1&_nc_ht=scontent-hel3-1.cdninstagram.com&_nc_cat=108&_nc_ohc=LvG3Uj77me4AX_xNtfd&ccb=7-4&oh=7723e2bbc4d0790211a6ca056da60e87&oe=608ADE50&_nc_sid=4efc9f&ig_cache_key=MjU0MDc5ODgyMTg2NzAyMzY5OQ%3D%3D.2-ccb7-4', 'https://scontent-hel3-1.cdninstagram.com/v/t51.2885-15/e35/s240x240/164277690_228711622370936_7014796279793276631_n.jpg?tp=1&_nc_ht=scontent-hel3-1.cdninstagram.com&_nc_cat=108&_nc_ohc=LvG3Uj77me4AX_xNtfd&ccb=7-4&oh=bf43c4a00ad48eaeb4b39be570063543&oe=608E17CA&_nc_sid=4efc9f&ig_cache_key=MjU0MDc5ODgyMTg2NzAyMzY5OQ%3D%3D.2-ccb7-4', 'https://scontent-hel3-1.cdninstagram.com/v/t51.2885-15/e35/s320x320/164277690_228711622370936_7014796279793276631_n.jpg?tp=1&_nc_ht=scontent-hel3-1.cdninstagram.com&_nc_cat=108&_nc_ohc=LvG3Uj77me4AX_xNtfd&ccb=7-4&oh=02b1c418d0a136578717d9d03ba1c3e1&oe=608E6E38&_nc_sid=4efc9f&ig_cache_key=MjU0MDc5ODgyMTg2NzAyMzY5OQ%3D%3D.2-ccb7-4', 'https://scontent-hel3-1.cdninstagram.com/v/t51.2885-15/e35/s480x480/164277690_228711622370936_7014796279793276631_n.jpg?tp=1&_nc_ht=scontent-hel3-1.cdninstagram.com&_nc_cat=108&_nc_ohc=LvG3Uj77me4AX_xNtfd&ccb=7-4&oh=9eb719cbc3315611862f2456e9159ccd&oe=608C1771&_nc_sid=4efc9f&ig_cache_key=MjU0MDc5ODgyMTg2NzAyMzY5OQ%3D%3D.2-ccb7-4', 'https://scontent-hel3-1.cdninstagram.com/v/t51.2885-15/sh0.08/e35/s640x640/164277690_228711622370936_7014796279793276631_n.jpg?tp=1&_nc_ht=scontent-hel3-1.cdninstagram.com&_nc_cat=108&_nc_ohc=LvG3Uj77me4AX_xNtfd&ccb=7-4&oh=9b58bc9590482d8d9be146017740549e&oe=608C39CB&_nc_sid=4efc9f&ig_cache_key=MjU0MDc5ODgyMTg2NzAyMzY5OQ%3D%3D.2-ccb7-4']"
"['https://scontent-hel3-1.cdninstagram.com/v/t51.2885-15/e35/s150x150/166386099_244218957437279_771258370378672688_n.jpg?tp=1&_nc_ht=scontent-hel3-1.cdninstagram.com&_nc_cat=111&_nc_ohc=8nokZGMWOQIAX9sjIA0&ccb=7-4&oh=c07152730e48156a3856358a89457089&oe=608C3F2C&_nc_sid=4efc9f&ig_cache_key=MjU0MDc5NzEyNjIzNTY4Mjc5NA%3D%3D.2-ccb7-4', 'https://scontent-hel3-1.cdninstagram.com/v/t51.2885-15/e35/s240x240/166386099_244218957437279_771258370378672688_n.jpg?tp=1&_nc_ht=scontent-hel3-1.cdninstagram.com&_nc_cat=111&_nc_ohc=8nokZGMWOQIAX9sjIA0&ccb=7-4&oh=a6f96cf9398821109d75fa44b4d82f65&oe=608DCEE2&_nc_sid=4efc9f&ig_cache_key=MjU0MDc5NzEyNjIzNTY4Mjc5NA%3D%3D.2-ccb7-4', 'https://scontent-hel3-1.cdninstagram.com/v/t51.2885-15/e35/s320x320/166386099_244218957437279_771258370378672688_n.jpg?tp=1&_nc_ht=scontent-hel3-1.cdninstagram.com&_nc_cat=111&_nc_ohc=8nokZGMWOQIAX9sjIA0&ccb=7-4&oh=c17c3422284cddbc758401be56c714d0&oe=608E34DC&_nc_sid=4efc9f&ig_cache_key=MjU0MDc5NzEyNjIzNTY4Mjc5NA%3D%3D.2-ccb7-4', 'https://scontent-hel3-1.cdninstagram.com/v/t51.2885-15/e35/s480x480/166386099_244218957437279_771258370378672688_n.jpg?tp=1&_nc_ht=scontent-hel3-1.cdninstagram.com&_nc_cat=111&_nc_ohc=8nokZGMWOQIAX9sjIA0&ccb=7-4&oh=a21e42e9e7df9bc50063b788f5039d5b&oe=608D7202&_nc_sid=4efc9f&ig_cache_key=MjU0MDc5NzEyNjIzNTY4Mjc5NA%3D%3D.2-ccb7-4', 'https://scontent-hel3-1.cdninstagram.com/v/t51.2885-15/sh0.08/e35/s640x640/166386099_244218957437279_771258370378672688_n.jpg?tp=1&_nc_ht=scontent-hel3-1.cdninstagram.com&_nc_cat=111&_nc_ohc=8nokZGMWOQIAX9sjIA0&ccb=7-4&oh=0ebb2effd08dc7b49ff932bd29bb0a0e&oe=608B450D&_nc_sid=4efc9f&ig_cache_key=MjU0MDc5NzEyNjIzNTY4Mjc5NA%3D%3D.2-ccb7-4']"
"['https://scontent-hel3-1.cdninstagram.com/v/t51.2885-15/e35/s150x150/166121259_4508775192488254_4016864826321296510_n.jpg?tp=1&_nc_ht=scontent-hel3-1.cdninstagram.com&_nc_cat=110&_nc_ohc=AxruUt6Kj5sAX_UlLAc&ccb=7-4&oh=37d977d404fadf22d6a6fe572994c73e&oe=608E5286&_nc_sid=4efc9f&ig_cache_key=MjU0MDc4OTA3NjEzMzgyNzMzNQ%3D%3D.2-ccb7-4', 'https://scontent-hel3-1.cdninstagram.com/v/t51.2885-15/e35/s240x240/166121259_4508775192488254_4016864826321296510_n.jpg?tp=1&_nc_ht=scontent-hel3-1.cdninstagram.com&_nc_cat=110&_nc_ohc=AxruUt6Kj5sAX_UlLAc&ccb=7-4&oh=dd0e042dbc56c2626a25604a8227e6ca&oe=608E7E4E&_nc_sid=4efc9f&ig_cache_key=MjU0MDc4OTA3NjEzMzgyNzMzNQ%3D%3D.2-ccb7-4', 'https://scontent-hel3-1.cdninstagram.com/v/t51.2885-15/e35/s320x320/166121259_4508775192488254_4016864826321296510_n.jpg?tp=1&_nc_ht=scontent-hel3-1.cdninstagram.com&_nc_cat=110&_nc_ohc=AxruUt6Kj5sAX_UlLAc&ccb=7-4&oh=3b207f4b196a54f5e02354ed59dc0d53&oe=608DD713&_nc_sid=4efc9f&ig_cache_key=MjU0MDc4OTA3NjEzMzgyNzMzNQ%3D%3D.2-ccb7-4', 'https://scontent-hel3-1.cdninstagram.com/v/t51.2885-15/e35/s480x480/166121259_4508775192488254_4016864826321296510_n.jpg?tp=1&_nc_ht=scontent-hel3-1.cdninstagram.com&_nc_cat=110&_nc_ohc=AxruUt6Kj5sAX_UlLAc&ccb=7-4&oh=4b094c75db3fd17dad74c970bc60817a&oe=608B4451&_nc_sid=4efc9f&ig_cache_key=MjU0MDc4OTA3NjEzMzgyNzMzNQ%3D%3D.2-ccb7-4', 'https://scontent-hel3-1.cdninstagram.com/v/t51.2885-15/sh0.08/e35/s640x640/166121259_4508775192488254_4016864826321296510_n.jpg?tp=1&_nc_ht=scontent-hel3-1.cdninstagram.com&_nc_cat=110&_nc_ohc=AxruUt6Kj5sAX_UlLAc&ccb=7-4&oh=9dfc30dbdad9dfae75c0b048bf5bacec&oe=608CB371&_nc_sid=4efc9f&ig_cache_key=MjU0MDc4OTA3NjEzMzgyNzMzNQ%3D%3D.2-ccb7-4']"
"['https://scontent-hel3-1.cdninstagram.com/v/t51.2885-15/e35/c0.180.1440.1440a/s150x150/167210118_508104040574974_2247358268924980024_n.jpg?tp=1&_nc_ht=scontent-hel3-1.cdninstagram.com&_nc_cat=110&_nc_ohc=DKC2Sj0_VFwAX8RN41T&ccb=7-4&oh=7b70dc3dd59edcec53b7ccbee879a953&oe=608B47D2&_nc_sid=4efc9f&ig_cache_key=MjU0MDc4ODE1MzAwOTUxMjczNg%3D%3D.2.c-ccb7-4', 'https://scontent-hel3-1.cdninstagram.com/v/t51.2885-15/e35/c0.180.1440.1440a/s240x240/167210118_508104040574974_2247358268924980024_n.jpg?tp=1&_nc_ht=scontent-hel3-1.cdninstagram.com&_nc_cat=110&_nc_ohc=DKC2Sj0_VFwAX8RN41T&ccb=7-4&oh=aebd9a6c135a766dcbaf35a19822440e&oe=608D3FD8&_nc_sid=4efc9f&ig_cache_key=MjU0MDc4ODE1MzAwOTUxMjczNg%3D%3D.2.c-ccb7-4', 'https://scontent-hel3-1.cdninstagram.com/v/t51.2885-15/e35/c0.180.1440.1440a/s320x320/167210118_508104040574974_2247358268924980024_n.jpg?tp=1&_nc_ht=scontent-hel3-1.cdninstagram.com&_nc_cat=110&_nc_ohc=DKC2Sj0_VFwAX8RN41T&ccb=7-4&oh=84a72e8273381144030ada6d441828c0&oe=608B2B2A&_nc_sid=4efc9f&ig_cache_key=MjU0MDc4ODE1MzAwOTUxMjczNg%3D%3D.2.c-ccb7-4', 'https://scontent-hel3-1.cdninstagram.com/v/t51.2885-15/e35/c0.180.1440.1440a/s480x480/167210118_508104040574974_2247358268924980024_n.jpg?tp=1&_nc_ht=scontent-hel3-1.cdninstagram.com&_nc_cat=110&_nc_ohc=DKC2Sj0_VFwAX8RN41T&ccb=7-4&oh=44b542d1c626160a26dd00d35585b573&oe=608DE8EF&_nc_sid=4efc9f&ig_cache_key=MjU0MDc4ODE1MzAwOTUxMjczNg%3D%3D.2.c-ccb7-4', 'https://scontent-hel3-1.cdninstagram.com/v/t51.2885-15/sh0.08/e35/c0.180.1440.1440a/s640x640/167210118_508104040574974_2247358268924980024_n.jpg?tp=1&_nc_ht=scontent-hel3-1.cdninstagram.com&_nc_cat=110&_nc_ohc=DKC2Sj0_VFwAX8RN41T&ccb=7-4&oh=d18e712fc0dbc74664376bf2fba733e4&oe=608D34E2&_nc_sid=4efc9f&ig_cache_key=MjU0MDc4ODE1MzAwOTUxMjczNg%3D%3D.2.c-ccb7-4']"
"['https://scontent-hel3-1.cdninstagram.com/v/t51.2885-15/e35/c168.0.1104.1104a/s150x150/166346203_765890631027957_2340670397125857152_n.jpg?tp=1&_nc_ht=scontent-hel3-1.cdninstagram.com&_nc_cat=109&_nc_ohc=WZ6cUUQGrE0AX-yvxl-&ccb=7-4&oh=ebd0bdf4e78c39525326764321ddd929&oe=608C2846&_nc_sid=4efc9f&ig_cache_key=MjU0MDc3NzM0NDE5NTc0NjE0Mg%3D%3D.2.c-ccb7-4', 'https://scontent-hel3-1.cdninstagram.com/v/t51.2885-15/e35/c168.0.1104.1104a/s240x240/166346203_765890631027957_2340670397125857152_n.jpg?tp=1&_nc_ht=scontent-hel3-1.cdninstagram.com&_nc_cat=109&_nc_ohc=WZ6cUUQGrE0AX-yvxl-&ccb=7-4&oh=868f912791b8988895714a59247aa2ed&oe=608B2F44&_nc_sid=4efc9f&ig_cache_key=MjU0MDc3NzM0NDE5NTc0NjE0Mg%3D%3D.2.c-ccb7-4', 'https://scontent-hel3-1.cdninstagram.com/v/t51.2885-15/e35/c168.0.1104.1104a/s320x320/166346203_765890631027957_2340670397125857152_n.jpg?tp=1&_nc_ht=scontent-hel3-1.cdninstagram.com&_nc_cat=109&_nc_ohc=WZ6cUUQGrE0AX-yvxl-&ccb=7-4&oh=435685f6378db9b8494f939fe570ed2a&oe=608DF53E&_nc_sid=4efc9f&ig_cache_key=MjU0MDc3NzM0NDE5NTc0NjE0Mg%3D%3D.2.c-ccb7-4', 'https://scontent-hel3-1.cdninstagram.com/v/t51.2885-15/e35/c168.0.1104.1104a/s480x480/166346203_765890631027957_2340670397125857152_n.jpg?tp=1&_nc_ht=scontent-hel3-1.cdninstagram.com&_nc_cat=109&_nc_ohc=WZ6cUUQGrE0AX-yvxl-&ccb=7-4&oh=9278e3a06d61e1cc82aa1fa4fb72278a&oe=608D807B&_nc_sid=4efc9f&ig_cache_key=MjU0MDc3NzM0NDE5NTc0NjE0Mg%3D%3D.2.c-ccb7-4', 'https://scontent-hel3-1.cdninstagram.com/v/t51.2885-15/sh0.08/e35/c168.0.1104.1104a/s640x640/166346203_765890631027957_2340670397125857152_n.jpg?tp=1&_nc_ht=scontent-hel3-1.cdninstagram.com&_nc_cat=109&_nc_ohc=WZ6cUUQGrE0AX-yvxl-&ccb=7-4&oh=af274716f0f442a90d817af11655dbb7&oe=608B94F6&_nc_sid=4efc9f&ig_cache_key=MjU0MDc3NzM0NDE5NTc0NjE0Mg%3D%3D.2.c-ccb7-4']"
"['https://scontent-hel3-1.cdninstagram.com/v/t51.2885-15/e35/c31.0.1377.1377a/s150x150/166354227_288971339274952_7954137868297283329_n.jpg?tp=1&_nc_ht=scontent-hel3-1.cdninstagram.com&_nc_cat=104&_nc_ohc=JqtJkFYgNNQAX9Drbal&ccb=7-4&oh=db069c3d815b9daef92a5fba3c1e04d0&oe=608E396E&_nc_sid=4efc9f&ig_cache_key=MjU0MDczODIxMjkwNjYzNDI4Mw%3D%3D.2.c-ccb7-4', 'https://scontent-hel3-1.cdninstagram.com/v/t51.2885-15/e35/c31.0.1377.1377a/s240x240/166354227_288971339274952_7954137868297283329_n.jpg?tp=1&_nc_ht=scontent-hel3-1.cdninstagram.com&_nc_cat=104&_nc_ohc=JqtJkFYgNNQAX9Drbal&ccb=7-4&oh=7cf8573113c32c64b35996f534c0132b&oe=608ABAEC&_nc_sid=4efc9f&ig_cache_key=MjU0MDczODIxMjkwNjYzNDI4Mw%3D%3D.2.c-ccb7-4', 'https://scontent-hel3-1.cdninstagram.com/v/t51.2885-15/e35/c31.0.1377.1377a/s320x320/166354227_288971339274952_7954137868297283329_n.jpg?tp=1&_nc_ht=scontent-hel3-1.cdninstagram.com&_nc_cat=104&_nc_ohc=JqtJkFYgNNQAX9Drbal&ccb=7-4&oh=5b6c0e8e8066340e6f420c7d1b7ac43c&oe=608B3816&_nc_sid=4efc9f&ig_cache_key=MjU0MDczODIxMjkwNjYzNDI4Mw%3D%3D.2.c-ccb7-4', 'https://scontent-hel3-1.cdninstagram.com/v/t51.2885-15/e35/c31.0.1377.1377a/s480x480/166354227_288971339274952_7954137868297283329_n.jpg?tp=1&_nc_ht=scontent-hel3-1.cdninstagram.com&_nc_cat=104&_nc_ohc=JqtJkFYgNNQAX9Drbal&ccb=7-4&oh=6dad4c1e155d183edf2a5d31da91b6d3&oe=608BF353&_nc_sid=4efc9f&ig_cache_key=MjU0MDczODIxMjkwNjYzNDI4Mw%3D%3D.2.c-ccb7-4', 'https://scontent-hel3-1.cdninstagram.com/v/t51.2885-15/sh0.08/e35/c31.0.1377.1377a/s640x640/166354227_288971339274952_7954137868297283329_n.jpg?tp=1&_nc_ht=scontent-hel3-1.cdninstagram.com&_nc_cat=104&_nc_ohc=JqtJkFYgNNQAX9Drbal&ccb=7-4&oh=e6f43f203427ee99ded8f71d1f2a9545&oe=608AB8FB&_nc_sid=4efc9f&ig_cache_key=MjU0MDczODIxMjkwNjYzNDI4Mw%3D%3D.2.c-ccb7-4']"
