Heshtag,mualinksearch
"['https://scontent-hel3-1.cdninstagram.com/v/t51.2885-15/e35/s150x150/166232887_215827600328924_6337034072759808166_n.jpg?tp=1&_nc_ht=scontent-hel3-1.cdninstagram.com&_nc_cat=108&_nc_ohc=rXA28pLxSmUAX-pu2w5&ccb=7-4&oh=eade5176c0125a49279825d22f8ecfb7&oe=608D921C&_nc_sid=4efc9f&ig_cache_key=MjU0MDgzNTc3MTkzMTYwNDk2NA%3D%3D.2-ccb7-4', 'https://scontent-hel3-1.cdninstagram.com/v/t51.2885-15/e35/s240x240/166232887_215827600328924_6337034072759808166_n.jpg?tp=1&_nc_ht=scontent-hel3-1.cdninstagram.com&_nc_cat=108&_nc_ohc=rXA28pLxSmUAX-pu2w5&ccb=7-4&oh=484baa0a03f2bf991bc7448dbe4f764e&oe=608E481E&_nc_sid=4efc9f&ig_cache_key=MjU0MDgzNTc3MTkzMTYwNDk2NA%3D%3D.2-ccb7-4', 'https://scontent-hel3-1.cdninstagram.com/v/t51.2885-15/e35/s320x320/166232887_215827600328924_6337034072759808166_n.jpg?tp=1&_nc_ht=scontent-hel3-1.cdninstagram.com&_nc_cat=108&_nc_ohc=rXA28pLxSmUAX-pu2w5&ccb=7-4&oh=b613ba4019531340eb69704d1e27663d&oe=608C85E4&_nc_sid=4efc9f&ig_cache_key=MjU0MDgzNTc3MTkzMTYwNDk2NA%3D%3D.2-ccb7-4', 'https://scontent-hel3-1.cdninstagram.com/v/t51.2885-15/e35/s480x480/166232887_215827600328924_6337034072759808166_n.jpg?tp=1&_nc_ht=scontent-hel3-1.cdninstagram.com&_nc_cat=108&_nc_ohc=rXA28pLxSmUAX-pu2w5&ccb=7-4&oh=f2af0dbfd8fcd992b8ebee00b4998ff1&oe=608D69A5&_nc_sid=4efc9f&ig_cache_key=MjU0MDgzNTc3MTkzMTYwNDk2NA%3D%3D.2-ccb7-4', 'https://scontent-hel3-1.cdninstagram.com/v/t51.2885-15/sh0.08/e35/s640x640/166232887_215827600328924_6337034072759808166_n.jpg?tp=1&_nc_ht=scontent-hel3-1.cdninstagram.com&_nc_cat=108&_nc_ohc=rXA28pLxSmUAX-pu2w5&ccb=7-4&oh=d3f6b4266cd3c3d45481e165333f84c1&oe=608E1A1F&_nc_sid=4efc9f&ig_cache_key=MjU0MDgzNTc3MTkzMTYwNDk2NA%3D%3D.2-ccb7-4']"
"['https://scontent-hel3-1.cdninstagram.com/v/t51.2885-15/e35/s150x150/167115575_347287763379032_7673774995205078524_n.jpg?tp=1&_nc_ht=scontent-hel3-1.cdninstagram.com&_nc_cat=108&_nc_ohc=sSQWCqp46WMAX__6Csu&ccb=7-4&oh=68b5ab5fc11cfad82ec5f636ed75d259&oe=608D400C&_nc_sid=4efc9f&ig_cache_key=MjU0MDgzMDU4MjA0Mzk1OTM4NA%3D%3D.2-ccb7-4', 'https://scontent-hel3-1.cdninstagram.com/v/t51.2885-15/e35/s240x240/167115575_347287763379032_7673774995205078524_n.jpg?tp=1&_nc_ht=scontent-hel3-1.cdninstagram.com&_nc_cat=108&_nc_ohc=sSQWCqp46WMAX__6Csu&ccb=7-4&oh=d881dee9a163ffcf88e0170474494b08&oe=608DF68E&_nc_sid=4efc9f&ig_cache_key=MjU0MDgzMDU4MjA0Mzk1OTM4NA%3D%3D.2-ccb7-4', 'https://scontent-hel3-1.cdninstagram.com/v/t51.2885-15/e35/s320x320/167115575_347287763379032_7673774995205078524_n.jpg?tp=1&_nc_ht=scontent-hel3-1.cdninstagram.com&_nc_cat=108&_nc_ohc=sSQWCqp46WMAX__6Csu&ccb=7-4&oh=d7d7554eace04d12252982fd96c1b845&oe=608CE1F4&_nc_sid=4efc9f&ig_cache_key=MjU0MDgzMDU4MjA0Mzk1OTM4NA%3D%3D.2-ccb7-4', 'https://scontent-hel3-1.cdninstagram.com/v/t51.2885-15/e35/s480x480/167115575_347287763379032_7673774995205078524_n.jpg?tp=1&_nc_ht=scontent-hel3-1.cdninstagram.com&_nc_cat=108&_nc_ohc=sSQWCqp46WMAX__6Csu&ccb=7-4&oh=dacf5256d0565811e32c2086463c15f2&oe=608B4AB5&_nc_sid=4efc9f&ig_cache_key=MjU0MDgzMDU4MjA0Mzk1OTM4NA%3D%3D.2-ccb7-4', 'https://scontent-hel3-1.cdninstagram.com/v/t51.2885-15/sh0.08/e35/s640x640/167115575_347287763379032_7673774995205078524_n.jpg?tp=1&_nc_ht=scontent-hel3-1.cdninstagram.com&_nc_cat=108&_nc_ohc=sSQWCqp46WMAX__6Csu&ccb=7-4&oh=813039e2530b95222fe88691a5becdcd&oe=608AE90F&_nc_sid=4efc9f&ig_cache_key=MjU0MDgzMDU4MjA0Mzk1OTM4NA%3D%3D.2-ccb7-4']"
"['https://scontent-hel3-1.cdninstagram.com/v/t51.2885-15/e35/s150x150/166035717_1175936316176508_38170637355397749_n.jpg?tp=1&_nc_ht=scontent-hel3-1.cdninstagram.com&_nc_cat=100&_nc_ohc=aQnhBAxTxCsAX_U6_Fh&ccb=7-4&oh=2252086903abdfa492d00a3975d978ff&oe=608CF9BD&_nc_sid=4efc9f&ig_cache_key=MjU0MDgxNzkzNzI4MjIxMTM5Mg%3D%3D.2-ccb7-4', 'https://scontent-hel3-1.cdninstagram.com/v/t51.2885-15/e35/s240x240/166035717_1175936316176508_38170637355397749_n.jpg?tp=1&_nc_ht=scontent-hel3-1.cdninstagram.com&_nc_cat=100&_nc_ohc=aQnhBAxTxCsAX_U6_Fh&ccb=7-4&oh=5fc3a301eecda665b8d9b25303d2685a&oe=608D4EF7&_nc_sid=4efc9f&ig_cache_key=MjU0MDgxNzkzNzI4MjIxMTM5Mg%3D%3D.2-ccb7-4', 'https://scontent-hel3-1.cdninstagram.com/v/t51.2885-15/e35/s320x320/166035717_1175936316176508_38170637355397749_n.jpg?tp=1&_nc_ht=scontent-hel3-1.cdninstagram.com&_nc_cat=100&_nc_ohc=aQnhBAxTxCsAX_U6_Fh&ccb=7-4&oh=474a6c347170c5ea66a57ffacb1275c9&oe=608B7A4D&_nc_sid=4efc9f&ig_cache_key=MjU0MDgxNzkzNzI4MjIxMTM5Mg%3D%3D.2-ccb7-4', 'https://scontent-hel3-1.cdninstagram.com/v/t51.2885-15/e35/s480x480/166035717_1175936316176508_38170637355397749_n.jpg?tp=1&_nc_ht=scontent-hel3-1.cdninstagram.com&_nc_cat=100&_nc_ohc=aQnhBAxTxCsAX_U6_Fh&ccb=7-4&oh=ff9bb44c6311d44618085334844489eb&oe=608E4317&_nc_sid=4efc9f&ig_cache_key=MjU0MDgxNzkzNzI4MjIxMTM5Mg%3D%3D.2-ccb7-4', 'https://scontent-hel3-1.cdninstagram.com/v/t51.2885-15/sh0.08/e35/s640x640/166035717_1175936316176508_38170637355397749_n.jpg?tp=1&_nc_ht=scontent-hel3-1.cdninstagram.com&_nc_cat=100&_nc_ohc=aQnhBAxTxCsAX_U6_Fh&ccb=7-4&oh=16522bd678c898dcae314e5a6294e6fe&oe=608C869C&_nc_sid=4efc9f&ig_cache_key=MjU0MDgxNzkzNzI4MjIxMTM5Mg%3D%3D.2-ccb7-4']"
"['https://scontent-hel3-1.cdninstagram.com/v/t51.2885-15/e35/s150x150/166025837_150038210352699_5597643761898608148_n.jpg?tp=1&_nc_ht=scontent-hel3-1.cdninstagram.com&_nc_cat=103&_nc_ohc=FJWgT9uQieAAX8j1wNR&ccb=7-4&oh=9be209dff65d6133771426c338e19518&oe=6065B217&_nc_sid=4efc9f', 'https://scontent-hel3-1.cdninstagram.com/v/t51.2885-15/e35/s240x240/166025837_150038210352699_5597643761898608148_n.jpg?tp=1&_nc_ht=scontent-hel3-1.cdninstagram.com&_nc_cat=103&_nc_ohc=FJWgT9uQieAAX8j1wNR&ccb=7-4&oh=b115f066ab8b6c48c46676b93b080131&oe=60658091&_nc_sid=4efc9f', 'https://scontent-hel3-1.cdninstagram.com/v/t51.2885-15/e35/s320x320/166025837_150038210352699_5597643761898608148_n.jpg?tp=1&_nc_ht=scontent-hel3-1.cdninstagram.com&_nc_cat=103&_nc_ohc=FJWgT9uQieAAX8j1wNR&ccb=7-4&oh=8c84818cea684e95051cdf5da66d9db8&oe=60652AAF&_nc_sid=4efc9f', 'https://scontent-hel3-1.cdninstagram.com/v/t51.2885-15/e35/s480x480/166025837_150038210352699_5597643761898608148_n.jpg?tp=1&_nc_ht=scontent-hel3-1.cdninstagram.com&_nc_cat=103&_nc_ohc=FJWgT9uQieAAX8j1wNR&ccb=7-4&oh=52b1a8ccdfcb47e40ed059a2ed7c5ffc&oe=60653CEA&_nc_sid=4efc9f', 'https://scontent-hel3-1.cdninstagram.com/v/t51.2885-15/sh0.08/e35/s640x640/166025837_150038210352699_5597643761898608148_n.jpg?tp=1&_nc_ht=scontent-hel3-1.cdninstagram.com&_nc_cat=103&_nc_ohc=FJWgT9uQieAAX8j1wNR&ccb=7-4&oh=e90648ca34ca5befaebc6bb2f0fc05c4&oe=606551D4&_nc_sid=4efc9f']"
"['https://scontent-hel3-1.cdninstagram.com/v/t51.2885-15/e35/c0.180.1440.1440a/s150x150/166237115_115290567255802_5177785104017318684_n.jpg?tp=1&_nc_ht=scontent-hel3-1.cdninstagram.com&_nc_cat=110&_nc_ohc=uOqv2zSVp5YAX_l_4lr&ccb=7-4&oh=7c29ac80f8f9e6a2bbcb2f743c2de85b&oe=608DACA5&_nc_sid=4efc9f&ig_cache_key=MjU0MDgwNzI2NTM2OTY1Mjc4MA%3D%3D.2.c-ccb7-4', 'https://scontent-hel3-1.cdninstagram.com/v/t51.2885-15/e35/c0.180.1440.1440a/s240x240/166237115_115290567255802_5177785104017318684_n.jpg?tp=1&_nc_ht=scontent-hel3-1.cdninstagram.com&_nc_cat=110&_nc_ohc=uOqv2zSVp5YAX_l_4lr&ccb=7-4&oh=988be70c63eb93799a9f0f83d6fb21ae&oe=608C5923&_nc_sid=4efc9f&ig_cache_key=MjU0MDgwNzI2NTM2OTY1Mjc4MA%3D%3D.2.c-ccb7-4', 'https://scontent-hel3-1.cdninstagram.com/v/t51.2885-15/e35/c0.180.1440.1440a/s320x320/166237115_115290567255802_5177785104017318684_n.jpg?tp=1&_nc_ht=scontent-hel3-1.cdninstagram.com&_nc_cat=110&_nc_ohc=uOqv2zSVp5YAX_l_4lr&ccb=7-4&oh=705398a301bf99968a13ec01a9b5ea26&oe=608CA6DD&_nc_sid=4efc9f&ig_cache_key=MjU0MDgwNzI2NTM2OTY1Mjc4MA%3D%3D.2.c-ccb7-4', 'https://scontent-hel3-1.cdninstagram.com/v/t51.2885-15/e35/c0.180.1440.1440a/s480x480/166237115_115290567255802_5177785104017318684_n.jpg?tp=1&_nc_ht=scontent-hel3-1.cdninstagram.com&_nc_cat=110&_nc_ohc=uOqv2zSVp5YAX_l_4lr&ccb=7-4&oh=e7d69da4eb8ff9f298b4f8d93751f4ea&oe=608EA51C&_nc_sid=4efc9f&ig_cache_key=MjU0MDgwNzI2NTM2OTY1Mjc4MA%3D%3D.2.c-ccb7-4', 'https://scontent-hel3-1.cdninstagram.com/v/t51.2885-15/sh0.08/e35/c0.180.1440.1440a/s640x640/166237115_115290567255802_5177785104017318684_n.jpg?tp=1&_nc_ht=scontent-hel3-1.cdninstagram.com&_nc_cat=110&_nc_ohc=uOqv2zSVp5YAX_l_4lr&ccb=7-4&oh=088505943ae13249bbb566ce213aa362&oe=608E7715&_nc_sid=4efc9f&ig_cache_key=MjU0MDgwNzI2NTM2OTY1Mjc4MA%3D%3D.2.c-ccb7-4']"
"['https://scontent-hel3-1.cdninstagram.com/v/t51.2885-15/e15/c63.0.953.953a/s150x150/166399958_131581928909344_5144171565881103571_n.jpg?tp=1&_nc_ht=scontent-hel3-1.cdninstagram.com&_nc_cat=104&_nc_ohc=-1FoCaMGy4YAX_xQbe_&ccb=7-4&oh=8fac830d3e8783cbbd15d8ccc592b134&oe=608C34BE&_nc_sid=4efc9f&ig_cache_key=MjU0MDgwMzYyNzA0NzIzNDAyMw%3D%3D.2.c-ccb7-4', 'https://scontent-hel3-1.cdninstagram.com/v/t51.2885-15/e15/c63.0.953.953a/s240x240/166399958_131581928909344_5144171565881103571_n.jpg?tp=1&_nc_ht=scontent-hel3-1.cdninstagram.com&_nc_cat=104&_nc_ohc=-1FoCaMGy4YAX_xQbe_&ccb=7-4&oh=38d87c5f07a3d68fc3b92be83bb07933&oe=608B3BBC&_nc_sid=4efc9f&ig_cache_key=MjU0MDgwMzYyNzA0NzIzNDAyMw%3D%3D.2.c-ccb7-4', 'https://scontent-hel3-1.cdninstagram.com/v/t51.2885-15/e15/c63.0.953.953a/s320x320/166399958_131581928909344_5144171565881103571_n.jpg?tp=1&_nc_ht=scontent-hel3-1.cdninstagram.com&_nc_cat=104&_nc_ohc=-1FoCaMGy4YAX_xQbe_&ccb=7-4&oh=e942035e6450d3f7b0f80dc6d870550a&oe=608ABCC6&_nc_sid=4efc9f&ig_cache_key=MjU0MDgwMzYyNzA0NzIzNDAyMw%3D%3D.2.c-ccb7-4', 'https://scontent-hel3-1.cdninstagram.com/v/t51.2885-15/e15/c63.0.953.953a/s480x480/166399958_131581928909344_5144171565881103571_n.jpg?tp=1&_nc_ht=scontent-hel3-1.cdninstagram.com&_nc_cat=104&_nc_ohc=-1FoCaMGy4YAX_xQbe_&ccb=7-4&oh=4ac17e9f13629ce9d814a7221db06c2a&oe=608E6883&_nc_sid=4efc9f&ig_cache_key=MjU0MDgwMzYyNzA0NzIzNDAyMw%3D%3D.2.c-ccb7-4', 'https://scontent-hel3-1.cdninstagram.com/v/t51.2885-15/e15/c63.0.953.953a/s640x640/166399958_131581928909344_5144171565881103571_n.jpg?tp=1&_nc_ht=scontent-hel3-1.cdninstagram.com&_nc_cat=104&_nc_ohc=-1FoCaMGy4YAX_xQbe_&ccb=7-4&oh=627fa848c7c7deef6598811939d4d9f4&oe=608E437F&_nc_sid=4efc9f&ig_cache_key=MjU0MDgwMzYyNzA0NzIzNDAyMw%3D%3D.2.c-ccb7-4']"
"['https://scontent-hel3-1.cdninstagram.com/v/t51.2885-15/e35/c0.135.1080.1080a/s150x150/165845057_268105124968937_286855749810977821_n.jpg?tp=1&_nc_ht=scontent-hel3-1.cdninstagram.com&_nc_cat=105&_nc_ohc=13Xvrg2dXRQAX9AX27i&ccb=7-4&oh=f43c91955c943eae27470deb53c4a579&oe=608DE545&_nc_sid=4efc9f&ig_cache_key=MjU0MDgwMzAxMDEzOTUzMjYwMQ%3D%3D.2.c-ccb7-4', 'https://scontent-hel3-1.cdninstagram.com/v/t51.2885-15/e35/c0.135.1080.1080a/s240x240/165845057_268105124968937_286855749810977821_n.jpg?tp=1&_nc_ht=scontent-hel3-1.cdninstagram.com&_nc_cat=105&_nc_ohc=13Xvrg2dXRQAX9AX27i&ccb=7-4&oh=d84e3491f8a8eb2ba81059913e727926&oe=608C970F&_nc_sid=4efc9f&ig_cache_key=MjU0MDgwMzAxMDEzOTUzMjYwMQ%3D%3D.2.c-ccb7-4', 'https://scontent-hel3-1.cdninstagram.com/v/t51.2885-15/e35/c0.135.1080.1080a/s320x320/165845057_268105124968937_286855749810977821_n.jpg?tp=1&_nc_ht=scontent-hel3-1.cdninstagram.com&_nc_cat=105&_nc_ohc=13Xvrg2dXRQAX9AX27i&ccb=7-4&oh=a8acecf9abcf8787414d05f44c9c00d3&oe=608E9735&_nc_sid=4efc9f&ig_cache_key=MjU0MDgwMzAxMDEzOTUzMjYwMQ%3D%3D.2.c-ccb7-4', 'https://scontent-hel3-1.cdninstagram.com/v/t51.2885-15/e35/c0.135.1080.1080a/s480x480/165845057_268105124968937_286855749810977821_n.jpg?tp=1&_nc_ht=scontent-hel3-1.cdninstagram.com&_nc_cat=105&_nc_ohc=13Xvrg2dXRQAX9AX27i&ccb=7-4&oh=e778e234b0a4ee061d6f626cba0fa0bc&oe=608E5C6F&_nc_sid=4efc9f&ig_cache_key=MjU0MDgwMzAxMDEzOTUzMjYwMQ%3D%3D.2.c-ccb7-4', 'https://scontent-hel3-1.cdninstagram.com/v/t51.2885-15/sh0.08/e35/c0.135.1080.1080a/s640x640/165845057_268105124968937_286855749810977821_n.jpg?tp=1&_nc_ht=scontent-hel3-1.cdninstagram.com&_nc_cat=105&_nc_ohc=13Xvrg2dXRQAX9AX27i&ccb=7-4&oh=7110e27cfdf455dbf29b9cf925f9dd51&oe=608C7210&_nc_sid=4efc9f&ig_cache_key=MjU0MDgwMzAxMDEzOTUzMjYwMQ%3D%3D.2.c-ccb7-4']"
"['https://scontent-hel3-1.cdninstagram.com/v/t51.2885-15/e35/c0.135.1080.1080a/s150x150/165957928_1377184889319080_7846880459775137700_n.jpg?tp=1&_nc_ht=scontent-hel3-1.cdninstagram.com&_nc_cat=108&_nc_ohc=4Bd_TzsVoI0AX8aAXjq&ccb=7-4&oh=1483e493e7fce6fe0ae92176cc765fea&oe=608AF5CA&_nc_sid=4efc9f&ig_cache_key=MjU0MDgwMTc3Njk1NTY0MTY2NQ%3D%3D.2.c-ccb7-4', 'https://scontent-hel3-1.cdninstagram.com/v/t51.2885-15/e35/c0.135.1080.1080a/s240x240/165957928_1377184889319080_7846880459775137700_n.jpg?tp=1&_nc_ht=scontent-hel3-1.cdninstagram.com&_nc_cat=108&_nc_ohc=4Bd_TzsVoI0AX8aAXjq&ccb=7-4&oh=6e33a958a505eabe69e5954c2ad0391d&oe=608E5B82&_nc_sid=4efc9f&ig_cache_key=MjU0MDgwMTc3Njk1NTY0MTY2NQ%3D%3D.2.c-ccb7-4', 'https://scontent-hel3-1.cdninstagram.com/v/t51.2885-15/e35/c0.135.1080.1080a/s320x320/165957928_1377184889319080_7846880459775137700_n.jpg?tp=1&_nc_ht=scontent-hel3-1.cdninstagram.com&_nc_cat=108&_nc_ohc=4Bd_TzsVoI0AX8aAXjq&ccb=7-4&oh=866d52f85f56a1356931bee873308789&oe=608B9EDF&_nc_sid=4efc9f&ig_cache_key=MjU0MDgwMTc3Njk1NTY0MTY2NQ%3D%3D.2.c-ccb7-4', 'https://scontent-hel3-1.cdninstagram.com/v/t51.2885-15/e35/c0.135.1080.1080a/s480x480/165957928_1377184889319080_7846880459775137700_n.jpg?tp=1&_nc_ht=scontent-hel3-1.cdninstagram.com&_nc_cat=108&_nc_ohc=4Bd_TzsVoI0AX8aAXjq&ccb=7-4&oh=c6f7beaef3972901054be9d1cea64d83&oe=608E7B9D&_nc_sid=4efc9f&ig_cache_key=MjU0MDgwMTc3Njk1NTY0MTY2NQ%3D%3D.2.c-ccb7-4', 'https://scontent-hel3-1.cdninstagram.com/v/t51.2885-15/sh0.08/e35/c0.135.1080.1080a/s640x640/165957928_1377184889319080_7846880459775137700_n.jpg?tp=1&_nc_ht=scontent-hel3-1.cdninstagram.com&_nc_cat=108&_nc_ohc=4Bd_TzsVoI0AX8aAXjq&ccb=7-4&oh=e3a060b1f0e546859935e2f984485f96&oe=608E9B27&_nc_sid=4efc9f&ig_cache_key=MjU0MDgwMTc3Njk1NTY0MTY2NQ%3D%3D.2.c-ccb7-4']"
"['https://scontent-hel3-1.cdninstagram.com/v/t51.2885-15/e35/c0.178.1440.1440a/s150x150/166315877_956520988221773_677939906606302942_n.jpg?tp=1&_nc_ht=scontent-hel3-1.cdninstagram.com&_nc_cat=105&_nc_ohc=6NVNTmeJahYAX-d6Rct&ccb=7-4&oh=357a695ab1209c6f0509dc1b88feaf46&oe=608E8C37&_nc_sid=4efc9f&ig_cache_key=MjU0MDc5OTM2NjA2MjMxODEzOA%3D%3D.2.c-ccb7-4', 'https://scontent-hel3-1.cdninstagram.com/v/t51.2885-15/e35/c0.178.1440.1440a/s240x240/166315877_956520988221773_677939906606302942_n.jpg?tp=1&_nc_ht=scontent-hel3-1.cdninstagram.com&_nc_cat=105&_nc_ohc=6NVNTmeJahYAX-d6Rct&ccb=7-4&oh=df3f1f024fa8e8209191679d59da8782&oe=608AC8FD&_nc_sid=4efc9f&ig_cache_key=MjU0MDc5OTM2NjA2MjMxODEzOA%3D%3D.2.c-ccb7-4', 'https://scontent-hel3-1.cdninstagram.com/v/t51.2885-15/e35/c0.178.1440.1440a/s320x320/166315877_956520988221773_677939906606302942_n.jpg?tp=1&_nc_ht=scontent-hel3-1.cdninstagram.com&_nc_cat=105&_nc_ohc=6NVNTmeJahYAX-d6Rct&ccb=7-4&oh=3f1412c85994827dda28c1d2be4c22fe&oe=608D94C7&_nc_sid=4efc9f&ig_cache_key=MjU0MDc5OTM2NjA2MjMxODEzOA%3D%3D.2.c-ccb7-4', 'https://scontent-hel3-1.cdninstagram.com/v/t51.2885-15/e35/c0.178.1440.1440a/s480x480/166315877_956520988221773_677939906606302942_n.jpg?tp=1&_nc_ht=scontent-hel3-1.cdninstagram.com&_nc_cat=105&_nc_ohc=6NVNTmeJahYAX-d6Rct&ccb=7-4&oh=1f1f487526898eebfa653f37f41cc4cf&oe=608D429D&_nc_sid=4efc9f&ig_cache_key=MjU0MDc5OTM2NjA2MjMxODEzOA%3D%3D.2.c-ccb7-4', 'https://scontent-hel3-1.cdninstagram.com/v/t51.2885-15/sh0.08/e35/c0.178.1440.1440a/s640x640/166315877_956520988221773_677939906606302942_n.jpg?tp=1&_nc_ht=scontent-hel3-1.cdninstagram.com&_nc_cat=105&_nc_ohc=6NVNTmeJahYAX-d6Rct&ccb=7-4&oh=61cb1d482e3b937a3395dee5c8536620&oe=608C0D7E&_nc_sid=4efc9f&ig_cache_key=MjU0MDc5OTM2NjA2MjMxODEzOA%3D%3D.2.c-ccb7-4']"
"['https://scontent-hel3-1.cdninstagram.com/v/t51.2885-15/e35/c0.134.1072.1072a/s150x150/166367329_1186385948461045_483952323544500032_n.jpg?tp=1&_nc_ht=scontent-hel3-1.cdninstagram.com&_nc_cat=101&_nc_ohc=UjyO8X7aujAAX9F76lV&ccb=7-4&oh=36a2b92756bd6ad17934279bb8a6979a&oe=608BD6B6&_nc_sid=4efc9f&ig_cache_key=MjU0MDc5ODg3MzU5MDA0OTcyOQ%3D%3D.2.c-ccb7-4', 'https://scontent-hel3-1.cdninstagram.com/v/t51.2885-15/e35/c0.134.1072.1072a/s240x240/166367329_1186385948461045_483952323544500032_n.jpg?tp=1&_nc_ht=scontent-hel3-1.cdninstagram.com&_nc_cat=101&_nc_ohc=UjyO8X7aujAAX9F76lV&ccb=7-4&oh=b65b9782e6936f97073849d0aef93db0&oe=608CE5B4&_nc_sid=4efc9f&ig_cache_key=MjU0MDc5ODg3MzU5MDA0OTcyOQ%3D%3D.2.c-ccb7-4', 'https://scontent-hel3-1.cdninstagram.com/v/t51.2885-15/e35/c0.134.1072.1072a/s320x320/166367329_1186385948461045_483952323544500032_n.jpg?tp=1&_nc_ht=scontent-hel3-1.cdninstagram.com&_nc_cat=101&_nc_ohc=UjyO8X7aujAAX9F76lV&ccb=7-4&oh=5c9cfe6246251c68cb56c104c485b681&oe=608D8C4E&_nc_sid=4efc9f&ig_cache_key=MjU0MDc5ODg3MzU5MDA0OTcyOQ%3D%3D.2.c-ccb7-4', 'https://scontent-hel3-1.cdninstagram.com/v/t51.2885-15/e35/c0.134.1072.1072a/s480x480/166367329_1186385948461045_483952323544500032_n.jpg?tp=1&_nc_ht=scontent-hel3-1.cdninstagram.com&_nc_cat=101&_nc_ohc=UjyO8X7aujAAX9F76lV&ccb=7-4&oh=0d9a7971ea6b49a46ed4a17ca291e93d&oe=608BC88B&_nc_sid=4efc9f&ig_cache_key=MjU0MDc5ODg3MzU5MDA0OTcyOQ%3D%3D.2.c-ccb7-4', 'https://scontent-hel3-1.cdninstagram.com/v/t51.2885-15/sh0.08/e35/c0.134.1072.1072a/s640x640/166367329_1186385948461045_483952323544500032_n.jpg?tp=1&_nc_ht=scontent-hel3-1.cdninstagram.com&_nc_cat=101&_nc_ohc=UjyO8X7aujAAX9F76lV&ccb=7-4&oh=250ce7e50aa3fa5a99899cf544c2f1ea&oe=608AEB86&_nc_sid=4efc9f&ig_cache_key=MjU0MDc5ODg3MzU5MDA0OTcyOQ%3D%3D.2.c-ccb7-4']"
