Heshtag,muaunderdogs
"['https://scontent-hel3-1.cdninstagram.com/v/t51.2885-15/e35/c0.180.1440.1440a/s150x150/165975294_205414881342708_1151942465254454063_n.jpg?tp=1&_nc_ht=scontent-hel3-1.cdninstagram.com&_nc_cat=100&_nc_ohc=oRgjDYeuIaMAX9bRXhd&ccb=7-4&oh=a6282b71b759c3f8b4d27e392840b36e&oe=608E1143&_nc_sid=4efc9f&ig_cache_key=MjU0MDgzMTU1NjQyOTQ0ODY2NQ%3D%3D.2.c-ccb7-4', 'https://scontent-hel3-1.cdninstagram.com/v/t51.2885-15/e35/c0.180.1440.1440a/s240x240/165975294_205414881342708_1151942465254454063_n.jpg?tp=1&_nc_ht=scontent-hel3-1.cdninstagram.com&_nc_cat=100&_nc_ohc=oRgjDYeuIaMAX9bRXhd&ccb=7-4&oh=c0dc08285ea07a71e314acaee7944994&oe=608B25C5&_nc_sid=4efc9f&ig_cache_key=MjU0MDgzMTU1NjQyOTQ0ODY2NQ%3D%3D.2.c-ccb7-4', 'https://scontent-hel3-1.cdninstagram.com/v/t51.2885-15/e35/c0.180.1440.1440a/s320x320/165975294_205414881342708_1151942465254454063_n.jpg?tp=1&_nc_ht=scontent-hel3-1.cdninstagram.com&_nc_cat=100&_nc_ohc=oRgjDYeuIaMAX9bRXhd&ccb=7-4&oh=f0e678537319d9901b205cea281d1fcd&oe=608C383B&_nc_sid=4efc9f&ig_cache_key=MjU0MDgzMTU1NjQyOTQ0ODY2NQ%3D%3D.2.c-ccb7-4', 'https://scontent-hel3-1.cdninstagram.com/v/t51.2885-15/e35/c0.180.1440.1440a/s480x480/165975294_205414881342708_1151942465254454063_n.jpg?tp=1&_nc_ht=scontent-hel3-1.cdninstagram.com&_nc_cat=100&_nc_ohc=oRgjDYeuIaMAX9bRXhd&ccb=7-4&oh=23514f22cdcbb60171e6822260419738&oe=608CF7FE&_nc_sid=4efc9f&ig_cache_key=MjU0MDgzMTU1NjQyOTQ0ODY2NQ%3D%3D.2.c-ccb7-4', 'https://scontent-hel3-1.cdninstagram.com/v/t51.2885-15/sh0.08/e35/c0.180.1440.1440a/s640x640/165975294_205414881342708_1151942465254454063_n.jpg?tp=1&_nc_ht=scontent-hel3-1.cdninstagram.com&_nc_cat=100&_nc_ohc=oRgjDYeuIaMAX9bRXhd&ccb=7-4&oh=0360bda8912830101827e575a3ee6acd&oe=608E48F3&_nc_sid=4efc9f&ig_cache_key=MjU0MDgzMTU1NjQyOTQ0ODY2NQ%3D%3D.2.c-ccb7-4']"
"['https://scontent-hel3-1.cdninstagram.com/v/t51.2885-15/e35/c0.84.720.720a/s150x150/165990214_284753956388951_8943224542692260328_n.jpg?tp=1&_nc_ht=scontent-hel3-1.cdninstagram.com&_nc_cat=111&_nc_ohc=MM5aaC06GMwAX97-Dqp&ccb=7-4&oh=843ac6647319e57774cd8323b983c878&oe=608C1A60&_nc_sid=4efc9f&ig_cache_key=MjU0MDgyOTg1NTAwMjM1NTk1MQ%3D%3D.2.c-ccb7-4', 'https://scontent-hel3-1.cdninstagram.com/v/t51.2885-15/e35/c0.84.720.720a/s240x240/165990214_284753956388951_8943224542692260328_n.jpg?tp=1&_nc_ht=scontent-hel3-1.cdninstagram.com&_nc_cat=111&_nc_ohc=MM5aaC06GMwAX97-Dqp&ccb=7-4&oh=1f5a35e49b9f0e13cafa5129976cbd3e&oe=608B845A&_nc_sid=4efc9f&ig_cache_key=MjU0MDgyOTg1NTAwMjM1NTk1MQ%3D%3D.2.c-ccb7-4', 'https://scontent-hel3-1.cdninstagram.com/v/t51.2885-15/e35/c0.84.720.720a/s320x320/165990214_284753956388951_8943224542692260328_n.jpg?tp=1&_nc_ht=scontent-hel3-1.cdninstagram.com&_nc_cat=111&_nc_ohc=MM5aaC06GMwAX97-Dqp&ccb=7-4&oh=432dafd0e790d9b0347aefcd767174b6&oe=608B2928&_nc_sid=4efc9f&ig_cache_key=MjU0MDgyOTg1NTAwMjM1NTk1MQ%3D%3D.2.c-ccb7-4', 'https://scontent-hel3-1.cdninstagram.com/v/t51.2885-15/e35/c0.84.720.720a/s480x480/165990214_284753956388951_8943224542692260328_n.jpg?tp=1&_nc_ht=scontent-hel3-1.cdninstagram.com&_nc_cat=111&_nc_ohc=MM5aaC06GMwAX97-Dqp&ccb=7-4&oh=e58f3c6bf60f6a750252b607da757f03&oe=608CFBE1&_nc_sid=4efc9f&ig_cache_key=MjU0MDgyOTg1NTAwMjM1NTk1MQ%3D%3D.2.c-ccb7-4', 'https://scontent-hel3-1.cdninstagram.com/v/t51.2885-15/sh0.08/e35/c0.84.720.720a/s640x640/165990214_284753956388951_8943224542692260328_n.jpg?tp=1&_nc_ht=scontent-hel3-1.cdninstagram.com&_nc_cat=111&_nc_ohc=MM5aaC06GMwAX97-Dqp&ccb=7-4&oh=f81b04373d5dc4c78cef6e5dee0b102d&oe=608D2F6C&_nc_sid=4efc9f&ig_cache_key=MjU0MDgyOTg1NTAwMjM1NTk1MQ%3D%3D.2.c-ccb7-4']"
"['https://scontent-hel3-1.cdninstagram.com/v/t51.2885-15/e35/s150x150/166456451_269155408219031_9040317405352459954_n.jpg?tp=1&_nc_ht=scontent-hel3-1.cdninstagram.com&_nc_cat=111&_nc_ohc=6TWI7P8nXGcAX8KPnhw&ccb=7-4&oh=ad210399b394852c75e2f71abf778285&oe=608D3303&_nc_sid=4efc9f&ig_cache_key=MjU0MDgyNzAzOTI5NzkxMDQzOA%3D%3D.2-ccb7-4', 'https://scontent-hel3-1.cdninstagram.com/v/t51.2885-15/e35/s240x240/166456451_269155408219031_9040317405352459954_n.jpg?tp=1&_nc_ht=scontent-hel3-1.cdninstagram.com&_nc_cat=111&_nc_ohc=6TWI7P8nXGcAX8KPnhw&ccb=7-4&oh=2785cc8784f1d8979ed44b0754f5e42e&oe=608BA485&_nc_sid=4efc9f&ig_cache_key=MjU0MDgyNzAzOTI5NzkxMDQzOA%3D%3D.2-ccb7-4', 'https://scontent-hel3-1.cdninstagram.com/v/t51.2885-15/e35/s320x320/166456451_269155408219031_9040317405352459954_n.jpg?tp=1&_nc_ht=scontent-hel3-1.cdninstagram.com&_nc_cat=111&_nc_ohc=6TWI7P8nXGcAX8KPnhw&ccb=7-4&oh=80331e754089189c45f49a7918d43809&oe=608D21FB&_nc_sid=4efc9f&ig_cache_key=MjU0MDgyNzAzOTI5NzkxMDQzOA%3D%3D.2-ccb7-4', 'https://scontent-hel3-1.cdninstagram.com/v/t51.2885-15/e35/s480x480/166456451_269155408219031_9040317405352459954_n.jpg?tp=1&_nc_ht=scontent-hel3-1.cdninstagram.com&_nc_cat=111&_nc_ohc=6TWI7P8nXGcAX8KPnhw&ccb=7-4&oh=8a90608b9c08a8d48f0cb756ff11caa9&oe=608AD63E&_nc_sid=4efc9f&ig_cache_key=MjU0MDgyNzAzOTI5NzkxMDQzOA%3D%3D.2-ccb7-4', 'https://scontent-hel3-1.cdninstagram.com/v/t51.2885-15/sh0.08/e35/s640x640/166456451_269155408219031_9040317405352459954_n.jpg?tp=1&_nc_ht=scontent-hel3-1.cdninstagram.com&_nc_cat=111&_nc_ohc=6TWI7P8nXGcAX8KPnhw&ccb=7-4&oh=76871e93483d82a14d88fb9e29029215&oe=608C6308&_nc_sid=4efc9f&ig_cache_key=MjU0MDgyNzAzOTI5NzkxMDQzOA%3D%3D.2-ccb7-4']"
"['https://scontent-hel3-1.cdninstagram.com/v/t51.2885-15/e35/s150x150/166088615_808025136780759_7980848231401608885_n.jpg?tp=1&_nc_ht=scontent-hel3-1.cdninstagram.com&_nc_cat=103&_nc_ohc=6d4PSvIyw_8AX9XAvAF&ccb=7-4&oh=6731d9e6142c8890b5e89c5dae942f65&oe=608CFBC8&_nc_sid=4efc9f&ig_cache_key=MjU0MDgyNTk2NDc5NDA5NDc5NQ%3D%3D.2-ccb7-4', 'https://scontent-hel3-1.cdninstagram.com/v/t51.2885-15/e35/s240x240/166088615_808025136780759_7980848231401608885_n.jpg?tp=1&_nc_ht=scontent-hel3-1.cdninstagram.com&_nc_cat=103&_nc_ohc=6d4PSvIyw_8AX9XAvAF&ccb=7-4&oh=034e670e62b607ef5ecbbcc8cbecd19b&oe=608E8FC2&_nc_sid=4efc9f&ig_cache_key=MjU0MDgyNTk2NDc5NDA5NDc5NQ%3D%3D.2-ccb7-4', 'https://scontent-hel3-1.cdninstagram.com/v/t51.2885-15/e35/s320x320/166088615_808025136780759_7980848231401608885_n.jpg?tp=1&_nc_ht=scontent-hel3-1.cdninstagram.com&_nc_cat=103&_nc_ohc=6d4PSvIyw_8AX9XAvAF&ccb=7-4&oh=81346c2363c8171df6ddb9a68f5237cc&oe=608DAD40&_nc_sid=4efc9f&ig_cache_key=MjU0MDgyNTk2NDc5NDA5NDc5NQ%3D%3D.2-ccb7-4', 'https://scontent-hel3-1.cdninstagram.com/v/t51.2885-15/e35/s480x480/166088615_808025136780759_7980848231401608885_n.jpg?tp=1&_nc_ht=scontent-hel3-1.cdninstagram.com&_nc_cat=103&_nc_ohc=6d4PSvIyw_8AX9XAvAF&ccb=7-4&oh=d6eac2a83a2d23ffcde1a9317c5c6a65&oe=608B8EF9&_nc_sid=4efc9f&ig_cache_key=MjU0MDgyNTk2NDc5NDA5NDc5NQ%3D%3D.2-ccb7-4', 'https://scontent-hel3-1.cdninstagram.com/v/t51.2885-15/sh0.08/e35/s640x640/166088615_808025136780759_7980848231401608885_n.jpg?tp=1&_nc_ht=scontent-hel3-1.cdninstagram.com&_nc_cat=103&_nc_ohc=6d4PSvIyw_8AX9XAvAF&ccb=7-4&oh=7dc7f3c0b5c853fd20ff525a26c14e73&oe=608B9BC3&_nc_sid=4efc9f&ig_cache_key=MjU0MDgyNTk2NDc5NDA5NDc5NQ%3D%3D.2-ccb7-4']"
"['https://scontent-hel3-1.cdninstagram.com/v/t51.2885-15/e35/c0.180.1440.1440a/s150x150/166259482_301921267940521_7822024787780770740_n.jpg?tp=1&_nc_ht=scontent-hel3-1.cdninstagram.com&_nc_cat=101&_nc_ohc=mPhcsCpmFAAAX8_fWh6&ccb=7-4&oh=4586ce6aebd35a4204a0f7112412c82a&oe=608D72BC&_nc_sid=4efc9f&ig_cache_key=MjU0MDgyMjEyNTYwNTg5MzExNA%3D%3D.2.c-ccb7-4', 'https://scontent-hel3-1.cdninstagram.com/v/t51.2885-15/e35/c0.180.1440.1440a/s240x240/166259482_301921267940521_7822024787780770740_n.jpg?tp=1&_nc_ht=scontent-hel3-1.cdninstagram.com&_nc_cat=101&_nc_ohc=mPhcsCpmFAAAX8_fWh6&ccb=7-4&oh=2ee26596fb1ee5477bf76e5c1123bd16&oe=608CC03E&_nc_sid=4efc9f&ig_cache_key=MjU0MDgyMjEyNTYwNTg5MzExNA%3D%3D.2.c-ccb7-4', 'https://scontent-hel3-1.cdninstagram.com/v/t51.2885-15/e35/c0.180.1440.1440a/s320x320/166259482_301921267940521_7822024787780770740_n.jpg?tp=1&_nc_ht=scontent-hel3-1.cdninstagram.com&_nc_cat=101&_nc_ohc=mPhcsCpmFAAAX8_fWh6&ccb=7-4&oh=c231e53573814aca1da95a3426858dd9&oe=608DBC44&_nc_sid=4efc9f&ig_cache_key=MjU0MDgyMjEyNTYwNTg5MzExNA%3D%3D.2.c-ccb7-4', 'https://scontent-hel3-1.cdninstagram.com/v/t51.2885-15/e35/c0.180.1440.1440a/s480x480/166259482_301921267940521_7822024787780770740_n.jpg?tp=1&_nc_ht=scontent-hel3-1.cdninstagram.com&_nc_cat=101&_nc_ohc=mPhcsCpmFAAAX8_fWh6&ccb=7-4&oh=c2bc2b9410e20aced8306610026ffa8f&oe=608E3E85&_nc_sid=4efc9f&ig_cache_key=MjU0MDgyMjEyNTYwNTg5MzExNA%3D%3D.2.c-ccb7-4', 'https://scontent-hel3-1.cdninstagram.com/v/t51.2885-15/sh0.08/e35/c0.180.1440.1440a/s640x640/166259482_301921267940521_7822024787780770740_n.jpg?tp=1&_nc_ht=scontent-hel3-1.cdninstagram.com&_nc_cat=101&_nc_ohc=mPhcsCpmFAAAX8_fWh6&ccb=7-4&oh=543a93abcc4e3ce718e53ea961f122d2&oe=608DE10C&_nc_sid=4efc9f&ig_cache_key=MjU0MDgyMjEyNTYwNTg5MzExNA%3D%3D.2.c-ccb7-4']"
"['https://scontent-hel3-1.cdninstagram.com/v/t51.2885-15/e35/s150x150/166424970_445372966534357_3042160231829241511_n.jpg?tp=1&_nc_ht=scontent-hel3-1.cdninstagram.com&_nc_cat=101&_nc_ohc=L9ySrgZZzA0AX-P9rBh&ccb=7-4&oh=0ee54071553941c0fc07151b2979acfd&oe=60656A15&_nc_sid=4efc9f', 'https://scontent-hel3-1.cdninstagram.com/v/t51.2885-15/e35/s240x240/166424970_445372966534357_3042160231829241511_n.jpg?tp=1&_nc_ht=scontent-hel3-1.cdninstagram.com&_nc_cat=101&_nc_ohc=L9ySrgZZzA0AX-P9rBh&ccb=7-4&oh=ffa0bde66084e4376c5958acf60df4ba&oe=6065A493&_nc_sid=4efc9f', 'https://scontent-hel3-1.cdninstagram.com/v/t51.2885-15/e35/s320x320/166424970_445372966534357_3042160231829241511_n.jpg?tp=1&_nc_ht=scontent-hel3-1.cdninstagram.com&_nc_cat=101&_nc_ohc=L9ySrgZZzA0AX-P9rBh&ccb=7-4&oh=87ad5ca2e5996d8a2c598c1dab7be8a1&oe=606541AD&_nc_sid=4efc9f', 'https://scontent-hel3-1.cdninstagram.com/v/t51.2885-15/e35/s480x480/166424970_445372966534357_3042160231829241511_n.jpg?tp=1&_nc_ht=scontent-hel3-1.cdninstagram.com&_nc_cat=101&_nc_ohc=L9ySrgZZzA0AX-P9rBh&ccb=7-4&oh=05c73009ac2e4d6aacec264648050c48&oe=606536EC&_nc_sid=4efc9f', 'https://scontent-hel3-1.cdninstagram.com/v/t51.2885-15/e35/166424970_445372966534357_3042160231829241511_n.jpg?tp=1&_nc_ht=scontent-hel3-1.cdninstagram.com&_nc_cat=101&_nc_ohc=L9ySrgZZzA0AX-P9rBh&ccb=7-4&oh=150133c16d4a9488309cd60c7da98a8e&oe=6065342C&_nc_sid=4efc9f']"
"['https://scontent-hel3-1.cdninstagram.com/v/t51.2885-15/e35/s150x150/166600293_467880900957208_6337362320686503332_n.jpg?tp=1&_nc_ht=scontent-hel3-1.cdninstagram.com&_nc_cat=104&_nc_ohc=RfKQCPySc6wAX-WhQAw&ccb=7-4&oh=fc0c2546ffb6019d5ac49891225720e2&oe=608DF5FE&_nc_sid=4efc9f&ig_cache_key=MjU0MDgyMTcxNzA1NTQ5NDY3Mg%3D%3D.2-ccb7-4', 'https://scontent-hel3-1.cdninstagram.com/v/t51.2885-15/e35/s240x240/166600293_467880900957208_6337362320686503332_n.jpg?tp=1&_nc_ht=scontent-hel3-1.cdninstagram.com&_nc_cat=104&_nc_ohc=RfKQCPySc6wAX-WhQAw&ccb=7-4&oh=b8076fa079aea3213acf5a9b8eb3d9e0&oe=608CADFC&_nc_sid=4efc9f&ig_cache_key=MjU0MDgyMTcxNzA1NTQ5NDY3Mg%3D%3D.2-ccb7-4', 'https://scontent-hel3-1.cdninstagram.com/v/t51.2885-15/e35/s320x320/166600293_467880900957208_6337362320686503332_n.jpg?tp=1&_nc_ht=scontent-hel3-1.cdninstagram.com&_nc_cat=104&_nc_ohc=RfKQCPySc6wAX-WhQAw&ccb=7-4&oh=1d3382464524be7aa269687452e5bbb9&oe=608C0706&_nc_sid=4efc9f&ig_cache_key=MjU0MDgyMTcxNzA1NTQ5NDY3Mg%3D%3D.2-ccb7-4', 'https://scontent-hel3-1.cdninstagram.com/v/t51.2885-15/e35/s480x480/166600293_467880900957208_6337362320686503332_n.jpg?tp=1&_nc_ht=scontent-hel3-1.cdninstagram.com&_nc_cat=104&_nc_ohc=RfKQCPySc6wAX-WhQAw&ccb=7-4&oh=4a73f0a89f90b2dd9f3068e8f5a5a11e&oe=608D4543&_nc_sid=4efc9f&ig_cache_key=MjU0MDgyMTcxNzA1NTQ5NDY3Mg%3D%3D.2-ccb7-4', 'https://scontent-hel3-1.cdninstagram.com/v/t51.2885-15/sh0.08/e35/s640x640/166600293_467880900957208_6337362320686503332_n.jpg?tp=1&_nc_ht=scontent-hel3-1.cdninstagram.com&_nc_cat=104&_nc_ohc=RfKQCPySc6wAX-WhQAw&ccb=7-4&oh=9c21b2032293dfde60e807ec17e8d1b9&oe=608D85F9&_nc_sid=4efc9f&ig_cache_key=MjU0MDgyMTcxNzA1NTQ5NDY3Mg%3D%3D.2-ccb7-4']"
"['https://scontent-hel3-1.cdninstagram.com/v/t51.2885-15/e35/s150x150/166145959_249642113396483_7514545034872276941_n.jpg?tp=1&_nc_ht=scontent-hel3-1.cdninstagram.com&_nc_cat=111&_nc_ohc=oRiWb9tIOF8AX-bt5da&ccb=7-4&oh=cce2a7bea6492914abf56b31a4a3a006&oe=608BD5AD&_nc_sid=4efc9f&ig_cache_key=MjU0MDgxODg5OTU2MjQzNzcxOA%3D%3D.2-ccb7-4', 'https://scontent-hel3-1.cdninstagram.com/v/t51.2885-15/e35/s240x240/166145959_249642113396483_7514545034872276941_n.jpg?tp=1&_nc_ht=scontent-hel3-1.cdninstagram.com&_nc_cat=111&_nc_ohc=oRiWb9tIOF8AX-bt5da&ccb=7-4&oh=298b9d6703ba4e919c59b86a6803df49&oe=608C1EAB&_nc_sid=4efc9f&ig_cache_key=MjU0MDgxODg5OTU2MjQzNzcxOA%3D%3D.2-ccb7-4', 'https://scontent-hel3-1.cdninstagram.com/v/t51.2885-15/e35/s320x320/166145959_249642113396483_7514545034872276941_n.jpg?tp=1&_nc_ht=scontent-hel3-1.cdninstagram.com&_nc_cat=111&_nc_ohc=oRiWb9tIOF8AX-bt5da&ccb=7-4&oh=2c9d2adfb9654455bf22cf88e4661505&oe=608CBD55&_nc_sid=4efc9f&ig_cache_key=MjU0MDgxODg5OTU2MjQzNzcxOA%3D%3D.2-ccb7-4', 'https://scontent-hel3-1.cdninstagram.com/v/t51.2885-15/e35/s480x480/166145959_249642113396483_7514545034872276941_n.jpg?tp=1&_nc_ht=scontent-hel3-1.cdninstagram.com&_nc_cat=111&_nc_ohc=oRiWb9tIOF8AX-bt5da&ccb=7-4&oh=bd7a80cb71a0193ca7ee0fdcda06759a&oe=608BA394&_nc_sid=4efc9f&ig_cache_key=MjU0MDgxODg5OTU2MjQzNzcxOA%3D%3D.2-ccb7-4', 'https://scontent-hel3-1.cdninstagram.com/v/t51.2885-15/sh0.08/e35/s640x640/166145959_249642113396483_7514545034872276941_n.jpg?tp=1&_nc_ht=scontent-hel3-1.cdninstagram.com&_nc_cat=111&_nc_ohc=oRiWb9tIOF8AX-bt5da&ccb=7-4&oh=f8757b1eb35b1923e9ed70602bea2e92&oe=608E94AA&_nc_sid=4efc9f&ig_cache_key=MjU0MDgxODg5OTU2MjQzNzcxOA%3D%3D.2-ccb7-4']"
"['https://scontent-hel3-1.cdninstagram.com/v/t51.2885-15/e15/c0.80.640.640a/s150x150/166454141_244348414040782_2220822612503314893_n.jpg?tp=1&_nc_ht=scontent-hel3-1.cdninstagram.com&_nc_cat=110&_nc_ohc=BJxWUqpHuCoAX-LihRq&ccb=7-4&oh=af04280cdd83191c5f898d5d68215a59&oe=6065436B&_nc_sid=4efc9f', 'https://scontent-hel3-1.cdninstagram.com/v/t51.2885-15/e15/c0.80.640.640a/s240x240/166454141_244348414040782_2220822612503314893_n.jpg?tp=1&_nc_ht=scontent-hel3-1.cdninstagram.com&_nc_cat=110&_nc_ohc=BJxWUqpHuCoAX-LihRq&ccb=7-4&oh=b774e96ffe2985f86c64add865e01b23&oe=6065A56D&_nc_sid=4efc9f', 'https://scontent-hel3-1.cdninstagram.com/v/t51.2885-15/e15/c0.80.640.640a/s320x320/166454141_244348414040782_2220822612503314893_n.jpg?tp=1&_nc_ht=scontent-hel3-1.cdninstagram.com&_nc_cat=110&_nc_ohc=BJxWUqpHuCoAX-LihRq&ccb=7-4&oh=c3f37860c0bd79d1bdc29ccac1fe3850&oe=60652413&_nc_sid=4efc9f', 'https://scontent-hel3-1.cdninstagram.com/v/t51.2885-15/e15/c0.80.640.640a/s480x480/166454141_244348414040782_2220822612503314893_n.jpg?tp=1&_nc_ht=scontent-hel3-1.cdninstagram.com&_nc_cat=110&_nc_ohc=BJxWUqpHuCoAX-LihRq&ccb=7-4&oh=4249158f974bae57709816931fbd95c7&oe=60654A56&_nc_sid=4efc9f', 'https://scontent-hel3-1.cdninstagram.com/v/t51.2885-15/e15/c0.80.640.640a/166454141_244348414040782_2220822612503314893_n.jpg?tp=1&_nc_ht=scontent-hel3-1.cdninstagram.com&_nc_cat=110&_nc_ohc=BJxWUqpHuCoAX-LihRq&ccb=7-4&oh=b57123e0c07d465920932f38a2e325d1&oe=6065B286&_nc_sid=4efc9f']"
"['https://scontent-hel3-1.cdninstagram.com/v/t51.2885-15/e35/c0.180.1440.1440a/s150x150/165947971_151627256840123_1595093263998370582_n.jpg?tp=1&_nc_ht=scontent-hel3-1.cdninstagram.com&_nc_cat=111&_nc_ohc=tiwVKrXEYQ0AX_OtkWe&ccb=7-4&oh=af595497f57c60a99b1382dae849e590&oe=608ADAB7&_nc_sid=4efc9f&ig_cache_key=MjU0MDgxNzkxNzIxNjY1MjI5OQ%3D%3D.2.c-ccb7-4', 'https://scontent-hel3-1.cdninstagram.com/v/t51.2885-15/e35/c0.180.1440.1440a/s240x240/165947971_151627256840123_1595093263998370582_n.jpg?tp=1&_nc_ht=scontent-hel3-1.cdninstagram.com&_nc_cat=111&_nc_ohc=tiwVKrXEYQ0AX_OtkWe&ccb=7-4&oh=262175ec5bef664497199dcfc6b69dc7&oe=608AE631&_nc_sid=4efc9f&ig_cache_key=MjU0MDgxNzkxNzIxNjY1MjI5OQ%3D%3D.2.c-ccb7-4', 'https://scontent-hel3-1.cdninstagram.com/v/t51.2885-15/e35/c0.180.1440.1440a/s320x320/165947971_151627256840123_1595093263998370582_n.jpg?tp=1&_nc_ht=scontent-hel3-1.cdninstagram.com&_nc_cat=111&_nc_ohc=tiwVKrXEYQ0AX_OtkWe&ccb=7-4&oh=b3960928b8a535d6c54fa369114371ae&oe=608C2CCF&_nc_sid=4efc9f&ig_cache_key=MjU0MDgxNzkxNzIxNjY1MjI5OQ%3D%3D.2.c-ccb7-4', 'https://scontent-hel3-1.cdninstagram.com/v/t51.2885-15/e35/c0.180.1440.1440a/s480x480/165947971_151627256840123_1595093263998370582_n.jpg?tp=1&_nc_ht=scontent-hel3-1.cdninstagram.com&_nc_cat=111&_nc_ohc=tiwVKrXEYQ0AX_OtkWe&ccb=7-4&oh=b044bca3e20183e13a3dff2d80232c0d&oe=608CE78A&_nc_sid=4efc9f&ig_cache_key=MjU0MDgxNzkxNzIxNjY1MjI5OQ%3D%3D.2.c-ccb7-4', 'https://scontent-hel3-1.cdninstagram.com/v/t51.2885-15/sh0.08/e35/c0.180.1440.1440a/s640x640/165947971_151627256840123_1595093263998370582_n.jpg?tp=1&_nc_ht=scontent-hel3-1.cdninstagram.com&_nc_cat=111&_nc_ohc=tiwVKrXEYQ0AX_OtkWe&ccb=7-4&oh=b46d21cf43aa2dbfe473c0bf250ce9f2&oe=608C2387&_nc_sid=4efc9f&ig_cache_key=MjU0MDgxNzkxNzIxNjY1MjI5OQ%3D%3D.2.c-ccb7-4']"
