Heshtag,sharp_mag
"['https://scontent-hel3-1.cdninstagram.com/v/t51.2885-15/e35/c0.180.1440.1440a/s150x150/166011565_298198828320922_5962065936410047967_n.jpg?tp=1&_nc_ht=scontent-hel3-1.cdninstagram.com&_nc_cat=110&_nc_ohc=vLyvKS7_gZQAX8W11KH&ccb=7-4&oh=aa397f0ddb940e167d3fb868654d4908&oe=608B7F6C&_nc_sid=4efc9f&ig_cache_key=MjU0MDMzNTQ0MzI5MDc5MzMyNA%3D%3D.2.c-ccb7-4', 'https://scontent-hel3-1.cdninstagram.com/v/t51.2885-15/e35/c0.180.1440.1440a/s240x240/166011565_298198828320922_5962065936410047967_n.jpg?tp=1&_nc_ht=scontent-hel3-1.cdninstagram.com&_nc_cat=110&_nc_ohc=vLyvKS7_gZQAX8W11KH&ccb=7-4&oh=6d68184ddcf63cb1900a0f19595e3f20&oe=608AF16E&_nc_sid=4efc9f&ig_cache_key=MjU0MDMzNTQ0MzI5MDc5MzMyNA%3D%3D.2.c-ccb7-4', 'https://scontent-hel3-1.cdninstagram.com/v/t51.2885-15/e35/c0.180.1440.1440a/s320x320/166011565_298198828320922_5962065936410047967_n.jpg?tp=1&_nc_ht=scontent-hel3-1.cdninstagram.com&_nc_cat=110&_nc_ohc=vLyvKS7_gZQAX8W11KH&ccb=7-4&oh=151e195724946be679ef049a8d222973&oe=608E4914&_nc_sid=4efc9f&ig_cache_key=MjU0MDMzNTQ0MzI5MDc5MzMyNA%3D%3D.2.c-ccb7-4', 'https://scontent-hel3-1.cdninstagram.com/v/t51.2885-15/e35/c0.180.1440.1440a/s480x480/166011565_298198828320922_5962065936410047967_n.jpg?tp=1&_nc_ht=scontent-hel3-1.cdninstagram.com&_nc_cat=110&_nc_ohc=vLyvKS7_gZQAX8W11KH&ccb=7-4&oh=5ba3f7e32c23ec10f77bc24eb6e1a955&oe=608DCB55&_nc_sid=4efc9f&ig_cache_key=MjU0MDMzNTQ0MzI5MDc5MzMyNA%3D%3D.2.c-ccb7-4', 'https://scontent-hel3-1.cdninstagram.com/v/t51.2885-15/sh0.08/e35/c0.180.1440.1440a/s640x640/166011565_298198828320922_5962065936410047967_n.jpg?tp=1&_nc_ht=scontent-hel3-1.cdninstagram.com&_nc_cat=110&_nc_ohc=vLyvKS7_gZQAX8W11KH&ccb=7-4&oh=915168441c41067deed8680bcb219637&oe=608BF5DC&_nc_sid=4efc9f&ig_cache_key=MjU0MDMzNTQ0MzI5MDc5MzMyNA%3D%3D.2.c-ccb7-4']"
"['https://scontent-hel3-1.cdninstagram.com/v/t51.2885-15/e35/c0.90.720.720a/s150x150/166469739_457626878646444_4484439083349991959_n.jpg?tp=1&_nc_ht=scontent-hel3-1.cdninstagram.com&_nc_cat=100&_nc_ohc=gKELiuhXWx0AX_2Mz6X&ccb=7-4&oh=3591da0501ef542ac1778ba319037b8b&oe=606579AD&_nc_sid=4efc9f', 'https://scontent-hel3-1.cdninstagram.com/v/t51.2885-15/e35/c0.90.720.720a/s240x240/166469739_457626878646444_4484439083349991959_n.jpg?tp=1&_nc_ht=scontent-hel3-1.cdninstagram.com&_nc_cat=100&_nc_ohc=gKELiuhXWx0AX_2Mz6X&ccb=7-4&oh=552a7083ae0eac78dc8da963ceaeab84&oe=606557EB&_nc_sid=4efc9f', 'https://scontent-hel3-1.cdninstagram.com/v/t51.2885-15/e35/c0.90.720.720a/s320x320/166469739_457626878646444_4484439083349991959_n.jpg?tp=1&_nc_ht=scontent-hel3-1.cdninstagram.com&_nc_cat=100&_nc_ohc=gKELiuhXWx0AX_2Mz6X&ccb=7-4&oh=5b9808dbebe7595e07fd99cb4b8534fd&oe=6065AE95&_nc_sid=4efc9f', 'https://scontent-hel3-1.cdninstagram.com/v/t51.2885-15/e35/c0.90.720.720a/s480x480/166469739_457626878646444_4484439083349991959_n.jpg?tp=1&_nc_ht=scontent-hel3-1.cdninstagram.com&_nc_cat=100&_nc_ohc=gKELiuhXWx0AX_2Mz6X&ccb=7-4&oh=87864f8e4d3c829732362dcdf7b4523d&oe=60659454&_nc_sid=4efc9f', 'https://scontent-hel3-1.cdninstagram.com/v/t51.2885-15/sh0.08/e35/c0.90.720.720a/s640x640/166469739_457626878646444_4484439083349991959_n.jpg?tp=1&_nc_ht=scontent-hel3-1.cdninstagram.com&_nc_cat=100&_nc_ohc=gKELiuhXWx0AX_2Mz6X&ccb=7-4&oh=385d37577c2a084086d583cf652bf27c&oe=60657019&_nc_sid=4efc9f']"
"['https://scontent-hel3-1.cdninstagram.com/v/t51.2885-15/e35/c0.28.1080.1080a/s150x150/166439108_1630037084052776_4384895878729388042_n.jpg?tp=1&_nc_ht=scontent-hel3-1.cdninstagram.com&_nc_cat=108&_nc_ohc=d-0e1PC_BkYAX_BRv6J&ccb=7-4&oh=bbbd995b5321ad838f39717b2dc6bb8e&oe=608BC9BC&_nc_sid=4efc9f&ig_cache_key=MjU0MDAyNDQ0NjkwNjExNDkxMQ%3D%3D.2.c-ccb7-4', 'https://scontent-hel3-1.cdninstagram.com/v/t51.2885-15/e35/c0.28.1080.1080a/s240x240/166439108_1630037084052776_4384895878729388042_n.jpg?tp=1&_nc_ht=scontent-hel3-1.cdninstagram.com&_nc_cat=108&_nc_ohc=d-0e1PC_BkYAX_BRv6J&ccb=7-4&oh=03e14c62fb158f2daf081ab66268f4eb&oe=608D6FF4&_nc_sid=4efc9f&ig_cache_key=MjU0MDAyNDQ0NjkwNjExNDkxMQ%3D%3D.2.c-ccb7-4', 'https://scontent-hel3-1.cdninstagram.com/v/t51.2885-15/e35/c0.28.1080.1080a/s320x320/166439108_1630037084052776_4384895878729388042_n.jpg?tp=1&_nc_ht=scontent-hel3-1.cdninstagram.com&_nc_cat=108&_nc_ohc=d-0e1PC_BkYAX_BRv6J&ccb=7-4&oh=b237a058d86bc1f830485eab9a91a477&oe=608BB7AD&_nc_sid=4efc9f&ig_cache_key=MjU0MDAyNDQ0NjkwNjExNDkxMQ%3D%3D.2.c-ccb7-4', 'https://scontent-hel3-1.cdninstagram.com/v/t51.2885-15/e35/c0.28.1080.1080a/s480x480/166439108_1630037084052776_4384895878729388042_n.jpg?tp=1&_nc_ht=scontent-hel3-1.cdninstagram.com&_nc_cat=108&_nc_ohc=d-0e1PC_BkYAX_BRv6J&ccb=7-4&oh=f89bd6f2155ecd4b4167c2a82339f6be&oe=608CDEEF&_nc_sid=4efc9f&ig_cache_key=MjU0MDAyNDQ0NjkwNjExNDkxMQ%3D%3D.2.c-ccb7-4', 'https://scontent-hel3-1.cdninstagram.com/v/t51.2885-15/sh0.08/e35/c0.28.1080.1080a/s640x640/166439108_1630037084052776_4384895878729388042_n.jpg?tp=1&_nc_ht=scontent-hel3-1.cdninstagram.com&_nc_cat=108&_nc_ohc=d-0e1PC_BkYAX_BRv6J&ccb=7-4&oh=e394ae84e35d9b4f947fafa72f235936&oe=608DBB63&_nc_sid=4efc9f&ig_cache_key=MjU0MDAyNDQ0NjkwNjExNDkxMQ%3D%3D.2.c-ccb7-4']"
"['https://scontent-hel3-1.cdninstagram.com/v/t51.2885-15/e35/c0.180.1440.1440a/s150x150/165218564_778985489720284_3813788689115772089_n.jpg?tp=1&_nc_ht=scontent-hel3-1.cdninstagram.com&_nc_cat=104&_nc_ohc=gZHH31V2k1QAX8Ngres&ccb=7-4&oh=ff4f0304233208580b3230e8a09654d7&oe=608BBE42&_nc_sid=4efc9f&ig_cache_key=MjUzOTUxNTAzNDkxMTMzNjAxMw%3D%3D.2.c-ccb7-4', 'https://scontent-hel3-1.cdninstagram.com/v/t51.2885-15/e35/c0.180.1440.1440a/s240x240/165218564_778985489720284_3813788689115772089_n.jpg?tp=1&_nc_ht=scontent-hel3-1.cdninstagram.com&_nc_cat=104&_nc_ohc=gZHH31V2k1QAX8Ngres&ccb=7-4&oh=ab55bc982f0bf61b723ec75d75fd2ad8&oe=608E8CC8&_nc_sid=4efc9f&ig_cache_key=MjUzOTUxNTAzNDkxMTMzNjAxMw%3D%3D.2.c-ccb7-4', 'https://scontent-hel3-1.cdninstagram.com/v/t51.2885-15/e35/c0.180.1440.1440a/s320x320/165218564_778985489720284_3813788689115772089_n.jpg?tp=1&_nc_ht=scontent-hel3-1.cdninstagram.com&_nc_cat=104&_nc_ohc=gZHH31V2k1QAX8Ngres&ccb=7-4&oh=c4d92936d1b9a9b2b491cbf95ebcd1c6&oe=608B3DBA&_nc_sid=4efc9f&ig_cache_key=MjUzOTUxNTAzNDkxMTMzNjAxMw%3D%3D.2.c-ccb7-4', 'https://scontent-hel3-1.cdninstagram.com/v/t51.2885-15/e35/c0.180.1440.1440a/s480x480/165218564_778985489720284_3813788689115772089_n.jpg?tp=1&_nc_ht=scontent-hel3-1.cdninstagram.com&_nc_cat=104&_nc_ohc=gZHH31V2k1QAX8Ngres&ccb=7-4&oh=7fd62a0011b246e14f176d00f033eb81&oe=608BA4FF&_nc_sid=4efc9f&ig_cache_key=MjUzOTUxNTAzNDkxMTMzNjAxMw%3D%3D.2.c-ccb7-4', 'https://scontent-hel3-1.cdninstagram.com/v/t51.2885-15/sh0.08/e35/c0.180.1440.1440a/s640x640/165218564_778985489720284_3813788689115772089_n.jpg?tp=1&_nc_ht=scontent-hel3-1.cdninstagram.com&_nc_cat=104&_nc_ohc=gZHH31V2k1QAX8Ngres&ccb=7-4&oh=1faf7db1d37de7a392c76c45b0cf56e6&oe=608DC1F2&_nc_sid=4efc9f&ig_cache_key=MjUzOTUxNTAzNDkxMTMzNjAxMw%3D%3D.2.c-ccb7-4']"
"['https://scontent-hel3-1.cdninstagram.com/v/t51.2885-15/e35/c0.90.720.720a/s150x150/165257535_132640198804505_7807949046966090332_n.jpg?tp=1&_nc_ht=scontent-hel3-1.cdninstagram.com&_nc_cat=105&_nc_ohc=Dp5TQlTi00UAX_hurrk&ccb=7-4&oh=b6928245f8263825a1ef417b467fafc1&oe=60659FD2&_nc_sid=4efc9f', 'https://scontent-hel3-1.cdninstagram.com/v/t51.2885-15/e35/c0.90.720.720a/s240x240/165257535_132640198804505_7807949046966090332_n.jpg?tp=1&_nc_ht=scontent-hel3-1.cdninstagram.com&_nc_cat=105&_nc_ohc=Dp5TQlTi00UAX_hurrk&ccb=7-4&oh=1bf340d18ea4dedbe6697198df45b143&oe=60653818&_nc_sid=4efc9f', 'https://scontent-hel3-1.cdninstagram.com/v/t51.2885-15/e35/c0.90.720.720a/s320x320/165257535_132640198804505_7807949046966090332_n.jpg?tp=1&_nc_ht=scontent-hel3-1.cdninstagram.com&_nc_cat=105&_nc_ohc=Dp5TQlTi00UAX_hurrk&ccb=7-4&oh=ca96be0f4ed4a827168ca084ac8b98c3&oe=6065BE6A&_nc_sid=4efc9f', 'https://scontent-hel3-1.cdninstagram.com/v/t51.2885-15/e35/c0.90.720.720a/s480x480/165257535_132640198804505_7807949046966090332_n.jpg?tp=1&_nc_ht=scontent-hel3-1.cdninstagram.com&_nc_cat=105&_nc_ohc=Dp5TQlTi00UAX_hurrk&ccb=7-4&oh=ba7335648f949fe6068afd16a7de0930&oe=606593AF&_nc_sid=4efc9f', 'https://scontent-hel3-1.cdninstagram.com/v/t51.2885-15/sh0.08/e35/c0.90.720.720a/s640x640/165257535_132640198804505_7807949046966090332_n.jpg?tp=1&_nc_ht=scontent-hel3-1.cdninstagram.com&_nc_cat=105&_nc_ohc=Dp5TQlTi00UAX_hurrk&ccb=7-4&oh=2de8993f459cf67e6ece0c385a9878f9&oe=60653766&_nc_sid=4efc9f']"
"['https://scontent-hel3-1.cdninstagram.com/v/t51.2885-15/e35/c0.180.1440.1440a/s150x150/165312899_433019391332773_1058908349002423454_n.jpg?tp=1&_nc_ht=scontent-hel3-1.cdninstagram.com&_nc_cat=101&_nc_ohc=X0mjGBXGtYMAX-dAgf8&ccb=7-4&oh=69c9ce943d28636e0dd538d2aced4372&oe=608B960F&_nc_sid=4efc9f&ig_cache_key=MjUzOTI4NjIyNDkyNDI3Nzg5OQ%3D%3D.2.c-ccb7-4', 'https://scontent-hel3-1.cdninstagram.com/v/t51.2885-15/e35/c0.180.1440.1440a/s240x240/165312899_433019391332773_1058908349002423454_n.jpg?tp=1&_nc_ht=scontent-hel3-1.cdninstagram.com&_nc_cat=101&_nc_ohc=X0mjGBXGtYMAX-dAgf8&ccb=7-4&oh=304b6f2341b88de571fc6e89398e94d0&oe=608C0789&_nc_sid=4efc9f&ig_cache_key=MjUzOTI4NjIyNDkyNDI3Nzg5OQ%3D%3D.2.c-ccb7-4', 'https://scontent-hel3-1.cdninstagram.com/v/t51.2885-15/e35/c0.180.1440.1440a/s320x320/165312899_433019391332773_1058908349002423454_n.jpg?tp=1&_nc_ht=scontent-hel3-1.cdninstagram.com&_nc_cat=101&_nc_ohc=X0mjGBXGtYMAX-dAgf8&ccb=7-4&oh=4a8b9c02082c0f5a63d8c8e70646fc29&oe=608B2E77&_nc_sid=4efc9f&ig_cache_key=MjUzOTI4NjIyNDkyNDI3Nzg5OQ%3D%3D.2.c-ccb7-4', 'https://scontent-hel3-1.cdninstagram.com/v/t51.2885-15/e35/c0.180.1440.1440a/s480x480/165312899_433019391332773_1058908349002423454_n.jpg?tp=1&_nc_ht=scontent-hel3-1.cdninstagram.com&_nc_cat=101&_nc_ohc=X0mjGBXGtYMAX-dAgf8&ccb=7-4&oh=63368c4d6a8d183cc529e5c9228b6595&oe=608D0F32&_nc_sid=4efc9f&ig_cache_key=MjUzOTI4NjIyNDkyNDI3Nzg5OQ%3D%3D.2.c-ccb7-4', 'https://scontent-hel3-1.cdninstagram.com/v/t51.2885-15/sh0.08/e35/c0.180.1440.1440a/s640x640/165312899_433019391332773_1058908349002423454_n.jpg?tp=1&_nc_ht=scontent-hel3-1.cdninstagram.com&_nc_cat=101&_nc_ohc=X0mjGBXGtYMAX-dAgf8&ccb=7-4&oh=f9b41e261d86b337ea8d24ec4c59d309&oe=608B19BF&_nc_sid=4efc9f&ig_cache_key=MjUzOTI4NjIyNDkyNDI3Nzg5OQ%3D%3D.2.c-ccb7-4']"
"['https://scontent-hel3-1.cdninstagram.com/v/t51.2885-15/e35/c0.176.1405.1405a/s150x150/165711982_131080055634960_4352673054056721278_n.jpg?tp=1&_nc_ht=scontent-hel3-1.cdninstagram.com&_nc_cat=100&_nc_ohc=7K-yn46h8SIAX_LRTuZ&ccb=7-4&oh=90819bb73b9ae65e4df4f5698584daac&oe=608DF6EF&_nc_sid=4efc9f&ig_cache_key=MjUzOTA5MDQyOTIwNzg2MjMyNw%3D%3D.2.c-ccb7-4', 'https://scontent-hel3-1.cdninstagram.com/v/t51.2885-15/e35/c0.176.1405.1405a/s240x240/165711982_131080055634960_4352673054056721278_n.jpg?tp=1&_nc_ht=scontent-hel3-1.cdninstagram.com&_nc_cat=100&_nc_ohc=7K-yn46h8SIAX_LRTuZ&ccb=7-4&oh=ae4b28af116b1c8512f0a8262614aa3e&oe=608AE569&_nc_sid=4efc9f&ig_cache_key=MjUzOTA5MDQyOTIwNzg2MjMyNw%3D%3D.2.c-ccb7-4', 'https://scontent-hel3-1.cdninstagram.com/v/t51.2885-15/e35/c0.176.1405.1405a/s320x320/165711982_131080055634960_4352673054056721278_n.jpg?tp=1&_nc_ht=scontent-hel3-1.cdninstagram.com&_nc_cat=100&_nc_ohc=7K-yn46h8SIAX_LRTuZ&ccb=7-4&oh=870caa0768522c02fbea89e34ede34e6&oe=608C4B17&_nc_sid=4efc9f&ig_cache_key=MjUzOTA5MDQyOTIwNzg2MjMyNw%3D%3D.2.c-ccb7-4', 'https://scontent-hel3-1.cdninstagram.com/v/t51.2885-15/e35/c0.176.1405.1405a/s480x480/165711982_131080055634960_4352673054056721278_n.jpg?tp=1&_nc_ht=scontent-hel3-1.cdninstagram.com&_nc_cat=100&_nc_ohc=7K-yn46h8SIAX_LRTuZ&ccb=7-4&oh=a88de4a099e8a71994d671fe6b9a6efe&oe=608E9D52&_nc_sid=4efc9f&ig_cache_key=MjUzOTA5MDQyOTIwNzg2MjMyNw%3D%3D.2.c-ccb7-4', 'https://scontent-hel3-1.cdninstagram.com/v/t51.2885-15/sh0.08/e35/c0.176.1405.1405a/s640x640/165711982_131080055634960_4352673054056721278_n.jpg?tp=1&_nc_ht=scontent-hel3-1.cdninstagram.com&_nc_cat=100&_nc_ohc=7K-yn46h8SIAX_LRTuZ&ccb=7-4&oh=f7e5b2658d9607a4e5066b239564493f&oe=608E9E5F&_nc_sid=4efc9f&ig_cache_key=MjUzOTA5MDQyOTIwNzg2MjMyNw%3D%3D.2.c-ccb7-4']"
"['https://scontent-hel3-1.cdninstagram.com/v/t51.2885-15/e35/s150x150/165709748_208801557686910_7326341900769011086_n.jpg?tp=1&_nc_ht=scontent-hel3-1.cdninstagram.com&_nc_cat=106&_nc_ohc=PYJ4BjH7JZMAX_kRnwv&ccb=7-4&oh=01ebc9ed020339b2fda8e4dc67bdc011&oe=608C4F00&_nc_sid=4efc9f&ig_cache_key=MjUzODg4ODU0NTE4NjU3NjM2MA%3D%3D.2-ccb7-4', 'https://scontent-hel3-1.cdninstagram.com/v/t51.2885-15/e35/s240x240/165709748_208801557686910_7326341900769011086_n.jpg?tp=1&_nc_ht=scontent-hel3-1.cdninstagram.com&_nc_cat=106&_nc_ohc=PYJ4BjH7JZMAX_kRnwv&ccb=7-4&oh=fb8550a028e3ed6f3c4fb8863c9dd2b7&oe=608DD17A&_nc_sid=4efc9f&ig_cache_key=MjUzODg4ODU0NTE4NjU3NjM2MA%3D%3D.2-ccb7-4', 'https://scontent-hel3-1.cdninstagram.com/v/t51.2885-15/e35/s320x320/165709748_208801557686910_7326341900769011086_n.jpg?tp=1&_nc_ht=scontent-hel3-1.cdninstagram.com&_nc_cat=106&_nc_ohc=PYJ4BjH7JZMAX_kRnwv&ccb=7-4&oh=08739c8a692c0911c2a1e32969f25a6f&oe=608D2D08&_nc_sid=4efc9f&ig_cache_key=MjUzODg4ODU0NTE4NjU3NjM2MA%3D%3D.2-ccb7-4', 'https://scontent-hel3-1.cdninstagram.com/v/t51.2885-15/e35/s480x480/165709748_208801557686910_7326341900769011086_n.jpg?tp=1&_nc_ht=scontent-hel3-1.cdninstagram.com&_nc_cat=106&_nc_ohc=PYJ4BjH7JZMAX_kRnwv&ccb=7-4&oh=63a01a515c263effb1b1bd9839af1c69&oe=608D0AC1&_nc_sid=4efc9f&ig_cache_key=MjUzODg4ODU0NTE4NjU3NjM2MA%3D%3D.2-ccb7-4', 'https://scontent-hel3-1.cdninstagram.com/v/t51.2885-15/sh0.08/e35/s640x640/165709748_208801557686910_7326341900769011086_n.jpg?tp=1&_nc_ht=scontent-hel3-1.cdninstagram.com&_nc_cat=106&_nc_ohc=PYJ4BjH7JZMAX_kRnwv&ccb=7-4&oh=f7722e9a38cf63164ccff3538a8639e9&oe=608C5A7B&_nc_sid=4efc9f&ig_cache_key=MjUzODg4ODU0NTE4NjU3NjM2MA%3D%3D.2-ccb7-4']"
"['https://scontent-hel3-1.cdninstagram.com/v/t51.2885-15/e35/c0.98.1080.1080a/s150x150/164908734_2948754558688907_7686389232557567632_n.jpg?tp=1&_nc_ht=scontent-hel3-1.cdninstagram.com&_nc_cat=111&_nc_ohc=EEhVXiZ5x2wAX9j7XfO&ccb=7-4&oh=578762c0485b094f9bb4772f8ba33042&oe=608C1CF4&_nc_sid=4efc9f&ig_cache_key=MjUzODY3MzAyNzI5MTAzNDY3MA%3D%3D.2.c-ccb7-4', 'https://scontent-hel3-1.cdninstagram.com/v/t51.2885-15/e35/c0.98.1080.1080a/s240x240/164908734_2948754558688907_7686389232557567632_n.jpg?tp=1&_nc_ht=scontent-hel3-1.cdninstagram.com&_nc_cat=111&_nc_ohc=EEhVXiZ5x2wAX9j7XfO&ccb=7-4&oh=b24610882e087c1a1b9e3b1bab5db735&oe=608D8CBC&_nc_sid=4efc9f&ig_cache_key=MjUzODY3MzAyNzI5MTAzNDY3MA%3D%3D.2.c-ccb7-4', 'https://scontent-hel3-1.cdninstagram.com/v/t51.2885-15/e35/c0.98.1080.1080a/s320x320/164908734_2948754558688907_7686389232557567632_n.jpg?tp=1&_nc_ht=scontent-hel3-1.cdninstagram.com&_nc_cat=111&_nc_ohc=EEhVXiZ5x2wAX9j7XfO&ccb=7-4&oh=57ee4d734016410d55dbb977458e9b69&oe=608DEDE5&_nc_sid=4efc9f&ig_cache_key=MjUzODY3MzAyNzI5MTAzNDY3MA%3D%3D.2.c-ccb7-4', 'https://scontent-hel3-1.cdninstagram.com/v/t51.2885-15/e35/c0.98.1080.1080a/s480x480/164908734_2948754558688907_7686389232557567632_n.jpg?tp=1&_nc_ht=scontent-hel3-1.cdninstagram.com&_nc_cat=111&_nc_ohc=EEhVXiZ5x2wAX9j7XfO&ccb=7-4&oh=1df40a07ca471f82e42e0ebdb80b629c&oe=608E9EA7&_nc_sid=4efc9f&ig_cache_key=MjUzODY3MzAyNzI5MTAzNDY3MA%3D%3D.2.c-ccb7-4', 'https://scontent-hel3-1.cdninstagram.com/v/t51.2885-15/sh0.08/e35/c0.98.1080.1080a/s640x640/164908734_2948754558688907_7686389232557567632_n.jpg?tp=1&_nc_ht=scontent-hel3-1.cdninstagram.com&_nc_cat=111&_nc_ohc=EEhVXiZ5x2wAX9j7XfO&ccb=7-4&oh=8124b2a6a68bde95165970fecb614186&oe=608C08AB&_nc_sid=4efc9f&ig_cache_key=MjUzODY3MzAyNzI5MTAzNDY3MA%3D%3D.2.c-ccb7-4']"
"['https://scontent-hel3-1.cdninstagram.com/v/t51.2885-15/e35/c0.180.1440.1440a/s150x150/165334923_183280180099989_5548835888725264520_n.jpg?tp=1&_nc_ht=scontent-hel3-1.cdninstagram.com&_nc_cat=109&_nc_ohc=2wwK442SY8QAX8PR5AR&ccb=7-4&oh=2a6188bfa13254f0cdb0c222ba097b63&oe=608D0D8A&_nc_sid=4efc9f&ig_cache_key=MjUzODU4OTk0OTc0ODIxMjUxMA%3D%3D.2.c-ccb7-4', 'https://scontent-hel3-1.cdninstagram.com/v/t51.2885-15/e35/c0.180.1440.1440a/s240x240/165334923_183280180099989_5548835888725264520_n.jpg?tp=1&_nc_ht=scontent-hel3-1.cdninstagram.com&_nc_cat=109&_nc_ohc=2wwK442SY8QAX8PR5AR&ccb=7-4&oh=0332ada5a9d2b4ec584cd3e2aa1d0167&oe=608DE990&_nc_sid=4efc9f&ig_cache_key=MjUzODU4OTk0OTc0ODIxMjUxMA%3D%3D.2.c-ccb7-4', 'https://scontent-hel3-1.cdninstagram.com/v/t51.2885-15/e35/c0.180.1440.1440a/s320x320/165334923_183280180099989_5548835888725264520_n.jpg?tp=1&_nc_ht=scontent-hel3-1.cdninstagram.com&_nc_cat=109&_nc_ohc=2wwK442SY8QAX8PR5AR&ccb=7-4&oh=6b62e6481679499f5966b1cc8bd6a93a&oe=608CC5F2&_nc_sid=4efc9f&ig_cache_key=MjUzODU4OTk0OTc0ODIxMjUxMA%3D%3D.2.c-ccb7-4', 'https://scontent-hel3-1.cdninstagram.com/v/t51.2885-15/e35/c0.180.1440.1440a/s480x480/165334923_183280180099989_5548835888725264520_n.jpg?tp=1&_nc_ht=scontent-hel3-1.cdninstagram.com&_nc_cat=109&_nc_ohc=2wwK442SY8QAX8PR5AR&ccb=7-4&oh=298ad1280ad5e403c299fdd21b2ea655&oe=608D4137&_nc_sid=4efc9f&ig_cache_key=MjUzODU4OTk0OTc0ODIxMjUxMA%3D%3D.2.c-ccb7-4', 'https://scontent-hel3-1.cdninstagram.com/v/t51.2885-15/sh0.08/e35/c0.180.1440.1440a/s640x640/165334923_183280180099989_5548835888725264520_n.jpg?tp=1&_nc_ht=scontent-hel3-1.cdninstagram.com&_nc_cat=109&_nc_ohc=2wwK442SY8QAX8PR5AR&ccb=7-4&oh=2a9ea22312890f42fd7091172377a6df&oe=608B9D3A&_nc_sid=4efc9f&ig_cache_key=MjUzODU4OTk0OTc0ODIxMjUxMA%3D%3D.2.c-ccb7-4']"
