Heshtag,theartistedit
"['https://scontent-hel3-1.cdninstagram.com/v/t51.2885-15/e35/c0.80.640.640a/s150x150/166022104_441902623563103_6081880161026635932_n.jpg?tp=1&_nc_ht=scontent-hel3-1.cdninstagram.com&_nc_cat=107&_nc_ohc=Holi-cR8z3UAX97J3l0&ccb=7-4&oh=8502a5fe1f3327a9c29b75ff7f881c95&oe=60659CEB&_nc_sid=4efc9f', 'https://scontent-hel3-1.cdninstagram.com/v/t51.2885-15/e35/c0.80.640.640a/s240x240/166022104_441902623563103_6081880161026635932_n.jpg?tp=1&_nc_ht=scontent-hel3-1.cdninstagram.com&_nc_cat=107&_nc_ohc=Holi-cR8z3UAX97J3l0&ccb=7-4&oh=afa69153cf5c4e1e9866f7f3014d3808&oe=6065726D&_nc_sid=4efc9f', 'https://scontent-hel3-1.cdninstagram.com/v/t51.2885-15/e35/c0.80.640.640a/s320x320/166022104_441902623563103_6081880161026635932_n.jpg?tp=1&_nc_ht=scontent-hel3-1.cdninstagram.com&_nc_cat=107&_nc_ohc=Holi-cR8z3UAX97J3l0&ccb=7-4&oh=f035b8cc0feb98dc11530f4435430dff&oe=60652913&_nc_sid=4efc9f', 'https://scontent-hel3-1.cdninstagram.com/v/t51.2885-15/e35/c0.80.640.640a/s480x480/166022104_441902623563103_6081880161026635932_n.jpg?tp=1&_nc_ht=scontent-hel3-1.cdninstagram.com&_nc_cat=107&_nc_ohc=Holi-cR8z3UAX97J3l0&ccb=7-4&oh=1a5d55c97a78d6de14b4a0380b7ec831&oe=60652D56&_nc_sid=4efc9f', 'https://scontent-hel3-1.cdninstagram.com/v/t51.2885-15/e35/c0.80.640.640a/166022104_441902623563103_6081880161026635932_n.jpg?tp=1&_nc_ht=scontent-hel3-1.cdninstagram.com&_nc_cat=107&_nc_ohc=Holi-cR8z3UAX97J3l0&ccb=7-4&oh=cd1e009743021801080a2970c7b76777&oe=60659FB8&_nc_sid=4efc9f']"
"['https://scontent-hel3-1.cdninstagram.com/v/t51.2885-15/e35/c0.125.1440.1440a/s150x150/166766706_121648339979438_6134420729213238149_n.jpg?tp=1&_nc_ht=scontent-hel3-1.cdninstagram.com&_nc_cat=102&_nc_ohc=6g52dzJIalkAX_1un7p&ccb=7-4&oh=95642a8a0fe51077982eccb9b1c1e7cc&oe=608DD4EF&_nc_sid=4efc9f&ig_cache_key=MjU0MDgzMzM3Nzg1NTk4MTk0NQ%3D%3D.2.c-ccb7-4', 'https://scontent-hel3-1.cdninstagram.com/v/t51.2885-15/e35/c0.125.1440.1440a/s240x240/166766706_121648339979438_6134420729213238149_n.jpg?tp=1&_nc_ht=scontent-hel3-1.cdninstagram.com&_nc_cat=102&_nc_ohc=6g52dzJIalkAX_1un7p&ccb=7-4&oh=b7a81fbf20cd06a594339f76d5420c67&oe=608BC5E9&_nc_sid=4efc9f&ig_cache_key=MjU0MDgzMzM3Nzg1NTk4MTk0NQ%3D%3D.2.c-ccb7-4', 'https://scontent-hel3-1.cdninstagram.com/v/t51.2885-15/e35/c0.125.1440.1440a/s320x320/166766706_121648339979438_6134420729213238149_n.jpg?tp=1&_nc_ht=scontent-hel3-1.cdninstagram.com&_nc_cat=102&_nc_ohc=6g52dzJIalkAX_1un7p&ccb=7-4&oh=3ec53e3e87a60f6f96f6488614e9667d&oe=608C7817&_nc_sid=4efc9f&ig_cache_key=MjU0MDgzMzM3Nzg1NTk4MTk0NQ%3D%3D.2.c-ccb7-4', 'https://scontent-hel3-1.cdninstagram.com/v/t51.2885-15/e35/c0.125.1440.1440a/s480x480/166766706_121648339979438_6134420729213238149_n.jpg?tp=1&_nc_ht=scontent-hel3-1.cdninstagram.com&_nc_cat=102&_nc_ohc=6g52dzJIalkAX_1un7p&ccb=7-4&oh=5fc368581434ec09fe282f5e8c62d2e3&oe=608CB352&_nc_sid=4efc9f&ig_cache_key=MjU0MDgzMzM3Nzg1NTk4MTk0NQ%3D%3D.2.c-ccb7-4', 'https://scontent-hel3-1.cdninstagram.com/v/t51.2885-15/sh0.08/e35/c0.125.1440.1440a/s640x640/166766706_121648339979438_6134420729213238149_n.jpg?tp=1&_nc_ht=scontent-hel3-1.cdninstagram.com&_nc_cat=102&_nc_ohc=6g52dzJIalkAX_1un7p&ccb=7-4&oh=f937618c92dac781aac534b17f5098f0&oe=608B8C5F&_nc_sid=4efc9f&ig_cache_key=MjU0MDgzMzM3Nzg1NTk4MTk0NQ%3D%3D.2.c-ccb7-4']"
"['https://scontent-hel3-1.cdninstagram.com/v/t51.2885-15/e35/s150x150/166031814_116215570546010_6201870793667599220_n.jpg?tp=1&_nc_ht=scontent-hel3-1.cdninstagram.com&_nc_cat=102&_nc_ohc=U2D-Rqf8xC0AX9QaH1-&ccb=7-4&oh=511e291bed937ddd78f90b6643b7fabd&oe=608BD89A&_nc_sid=4efc9f&ig_cache_key=MjU0MDgzMjIwNzY3NzczNDI2MQ%3D%3D.2-ccb7-4', 'https://scontent-hel3-1.cdninstagram.com/v/t51.2885-15/e35/s240x240/166031814_116215570546010_6201870793667599220_n.jpg?tp=1&_nc_ht=scontent-hel3-1.cdninstagram.com&_nc_cat=102&_nc_ohc=U2D-Rqf8xC0AX9QaH1-&ccb=7-4&oh=1767f6e065dbb98340d43c81aa6f7ebd&oe=608DCDA0&_nc_sid=4efc9f&ig_cache_key=MjU0MDgzMjIwNzY3NzczNDI2MQ%3D%3D.2-ccb7-4', 'https://scontent-hel3-1.cdninstagram.com/v/t51.2885-15/e35/s320x320/166031814_116215570546010_6201870793667599220_n.jpg?tp=1&_nc_ht=scontent-hel3-1.cdninstagram.com&_nc_cat=102&_nc_ohc=U2D-Rqf8xC0AX9QaH1-&ccb=7-4&oh=515d1d61301d7550362b79132aa98e3a&oe=608E5162&_nc_sid=4efc9f&ig_cache_key=MjU0MDgzMjIwNzY3NzczNDI2MQ%3D%3D.2-ccb7-4', 'https://scontent-hel3-1.cdninstagram.com/v/t51.2885-15/e35/s480x480/166031814_116215570546010_6201870793667599220_n.jpg?tp=1&_nc_ht=scontent-hel3-1.cdninstagram.com&_nc_cat=102&_nc_ohc=U2D-Rqf8xC0AX9QaH1-&ccb=7-4&oh=73e9757bc1de4003606fad584ae66c6d&oe=608B8DA7&_nc_sid=4efc9f&ig_cache_key=MjU0MDgzMjIwNzY3NzczNDI2MQ%3D%3D.2-ccb7-4', 'https://scontent-hel3-1.cdninstagram.com/v/t51.2885-15/sh0.08/e35/s640x640/166031814_116215570546010_6201870793667599220_n.jpg?tp=1&_nc_ht=scontent-hel3-1.cdninstagram.com&_nc_cat=102&_nc_ohc=U2D-Rqf8xC0AX9QaH1-&ccb=7-4&oh=7e287e6b7a9663af7b3fb2c26daea265&oe=608E3E9D&_nc_sid=4efc9f&ig_cache_key=MjU0MDgzMjIwNzY3NzczNDI2MQ%3D%3D.2-ccb7-4']"
"['https://scontent-hel3-1.cdninstagram.com/v/t51.2885-15/e35/s150x150/166631916_269811604810104_8643241576850108600_n.jpg?tp=1&_nc_ht=scontent-hel3-1.cdninstagram.com&_nc_cat=100&_nc_ohc=R01h6hYmjx0AX8P9Zyg&ccb=7-4&oh=dc4de9ef8e7de9e7b570b7768564620b&oe=608B0052&_nc_sid=4efc9f&ig_cache_key=MjU0MDgyNjg3ODIzNzUzMTIyMw%3D%3D.2-ccb7-4', 'https://scontent-hel3-1.cdninstagram.com/v/t51.2885-15/e35/s240x240/166631916_269811604810104_8643241576850108600_n.jpg?tp=1&_nc_ht=scontent-hel3-1.cdninstagram.com&_nc_cat=100&_nc_ohc=R01h6hYmjx0AX8P9Zyg&ccb=7-4&oh=030c9c5c19f95771dc7fb1f4370a0f84&oe=608B2C58&_nc_sid=4efc9f&ig_cache_key=MjU0MDgyNjg3ODIzNzUzMTIyMw%3D%3D.2-ccb7-4', 'https://scontent-hel3-1.cdninstagram.com/v/t51.2885-15/e35/s320x320/166631916_269811604810104_8643241576850108600_n.jpg?tp=1&_nc_ht=scontent-hel3-1.cdninstagram.com&_nc_cat=100&_nc_ohc=R01h6hYmjx0AX8P9Zyg&ccb=7-4&oh=f5535c69fe2c0cada5619fcc082016ce&oe=608B7EAA&_nc_sid=4efc9f&ig_cache_key=MjU0MDgyNjg3ODIzNzUzMTIyMw%3D%3D.2-ccb7-4', 'https://scontent-hel3-1.cdninstagram.com/v/t51.2885-15/e35/s480x480/166631916_269811604810104_8643241576850108600_n.jpg?tp=1&_nc_ht=scontent-hel3-1.cdninstagram.com&_nc_cat=100&_nc_ohc=R01h6hYmjx0AX8P9Zyg&ccb=7-4&oh=ca36fb7aa6736e01b6d421116aa0e126&oe=608AC2EF&_nc_sid=4efc9f&ig_cache_key=MjU0MDgyNjg3ODIzNzUzMTIyMw%3D%3D.2-ccb7-4', 'https://scontent-hel3-1.cdninstagram.com/v/t51.2885-15/sh0.08/e35/s640x640/166631916_269811604810104_8643241576850108600_n.jpg?tp=1&_nc_ht=scontent-hel3-1.cdninstagram.com&_nc_cat=100&_nc_ohc=R01h6hYmjx0AX8P9Zyg&ccb=7-4&oh=271d7ea85af6fb3a967e4a24ced6c645&oe=608E4755&_nc_sid=4efc9f&ig_cache_key=MjU0MDgyNjg3ODIzNzUzMTIyMw%3D%3D.2-ccb7-4']"
"['https://scontent-hel3-1.cdninstagram.com/v/t51.2885-15/e35/c0.180.1440.1440a/s150x150/166313168_114007994006216_7483429680942864066_n.jpg?tp=1&_nc_ht=scontent-hel3-1.cdninstagram.com&_nc_cat=108&_nc_ohc=e593ip_ksl8AX-KkXoL&ccb=7-4&oh=c78156fff739e18953c1eed991b29e4b&oe=608AE77B&_nc_sid=4efc9f&ig_cache_key=MjU0MDgyNjA5ODg2MDkxNTg3OQ%3D%3D.2.c-ccb7-4', 'https://scontent-hel3-1.cdninstagram.com/v/t51.2885-15/e35/c0.180.1440.1440a/s240x240/166313168_114007994006216_7483429680942864066_n.jpg?tp=1&_nc_ht=scontent-hel3-1.cdninstagram.com&_nc_cat=108&_nc_ohc=e593ip_ksl8AX-KkXoL&ccb=7-4&oh=500e6c719eea4c1ff61484801032aab1&oe=608AD4FD&_nc_sid=4efc9f&ig_cache_key=MjU0MDgyNjA5ODg2MDkxNTg3OQ%3D%3D.2.c-ccb7-4', 'https://scontent-hel3-1.cdninstagram.com/v/t51.2885-15/e35/c0.180.1440.1440a/s320x320/166313168_114007994006216_7483429680942864066_n.jpg?tp=1&_nc_ht=scontent-hel3-1.cdninstagram.com&_nc_cat=108&_nc_ohc=e593ip_ksl8AX-KkXoL&ccb=7-4&oh=1016680f27427e5b0b4933de738ab363&oe=608BE603&_nc_sid=4efc9f&ig_cache_key=MjU0MDgyNjA5ODg2MDkxNTg3OQ%3D%3D.2.c-ccb7-4', 'https://scontent-hel3-1.cdninstagram.com/v/t51.2885-15/e35/c0.180.1440.1440a/s480x480/166313168_114007994006216_7483429680942864066_n.jpg?tp=1&_nc_ht=scontent-hel3-1.cdninstagram.com&_nc_cat=108&_nc_ohc=e593ip_ksl8AX-KkXoL&ccb=7-4&oh=735a4d71d88845b90bd9534613499c4c&oe=608CDC46&_nc_sid=4efc9f&ig_cache_key=MjU0MDgyNjA5ODg2MDkxNTg3OQ%3D%3D.2.c-ccb7-4', 'https://scontent-hel3-1.cdninstagram.com/v/t51.2885-15/sh0.08/e35/c0.180.1440.1440a/s640x640/166313168_114007994006216_7483429680942864066_n.jpg?tp=1&_nc_ht=scontent-hel3-1.cdninstagram.com&_nc_cat=108&_nc_ohc=e593ip_ksl8AX-KkXoL&ccb=7-4&oh=1a246e316c29ba9bba6e7943bec76fe8&oe=608B1ACB&_nc_sid=4efc9f&ig_cache_key=MjU0MDgyNjA5ODg2MDkxNTg3OQ%3D%3D.2.c-ccb7-4']"
"['https://scontent-hel3-1.cdninstagram.com/v/t51.2885-15/e35/c142.0.1155.1155a/s150x150/166388862_442740856828382_1598590614106474482_n.jpg?tp=1&_nc_ht=scontent-hel3-1.cdninstagram.com&_nc_cat=102&_nc_ohc=vPkhFyPUumsAX9GJpsb&ccb=7-4&oh=60c2427277c18d3a01ce312523783092&oe=608C9A48&_nc_sid=4efc9f&ig_cache_key=MjU0MDgyNTA5NTM2NTQyNzY3Nw%3D%3D.2.c-ccb7-4', 'https://scontent-hel3-1.cdninstagram.com/v/t51.2885-15/e35/c142.0.1155.1155a/s240x240/166388862_442740856828382_1598590614106474482_n.jpg?tp=1&_nc_ht=scontent-hel3-1.cdninstagram.com&_nc_cat=102&_nc_ohc=vPkhFyPUumsAX9GJpsb&ccb=7-4&oh=18a6cb048b655448f5e9ce8fd56e18e1&oe=608C9642&_nc_sid=4efc9f&ig_cache_key=MjU0MDgyNTA5NTM2NTQyNzY3Nw%3D%3D.2.c-ccb7-4', 'https://scontent-hel3-1.cdninstagram.com/v/t51.2885-15/e35/c142.0.1155.1155a/s320x320/166388862_442740856828382_1598590614106474482_n.jpg?tp=1&_nc_ht=scontent-hel3-1.cdninstagram.com&_nc_cat=102&_nc_ohc=vPkhFyPUumsAX9GJpsb&ccb=7-4&oh=1594fe0e8af052c098b43524f64ca0b0&oe=608CFBC0&_nc_sid=4efc9f&ig_cache_key=MjU0MDgyNTA5NTM2NTQyNzY3Nw%3D%3D.2.c-ccb7-4', 'https://scontent-hel3-1.cdninstagram.com/v/t51.2885-15/e35/c142.0.1155.1155a/s480x480/166388862_442740856828382_1598590614106474482_n.jpg?tp=1&_nc_ht=scontent-hel3-1.cdninstagram.com&_nc_cat=102&_nc_ohc=vPkhFyPUumsAX9GJpsb&ccb=7-4&oh=eb46959538afa72b9055159c4d96d3fc&oe=608C5679&_nc_sid=4efc9f&ig_cache_key=MjU0MDgyNTA5NTM2NTQyNzY3Nw%3D%3D.2.c-ccb7-4', 'https://scontent-hel3-1.cdninstagram.com/v/t51.2885-15/sh0.08/e35/c142.0.1155.1155a/s640x640/166388862_442740856828382_1598590614106474482_n.jpg?tp=1&_nc_ht=scontent-hel3-1.cdninstagram.com&_nc_cat=102&_nc_ohc=vPkhFyPUumsAX9GJpsb&ccb=7-4&oh=3d8c73d3e6741794a9dc9231d3f78c56&oe=608AF478&_nc_sid=4efc9f&ig_cache_key=MjU0MDgyNTA5NTM2NTQyNzY3Nw%3D%3D.2.c-ccb7-4']"
"['https://scontent-hel3-1.cdninstagram.com/v/t51.2885-15/e35/c0.179.1440.1440a/s150x150/166203871_812615566358914_593248489716528508_n.jpg?tp=1&_nc_ht=scontent-hel3-1.cdninstagram.com&_nc_cat=110&_nc_ohc=io26oUSg5VEAX91uMnA&ccb=7-4&oh=9a7d4a393674d09a538c1fcc9a667211&oe=608B1EB0&_nc_sid=4efc9f&ig_cache_key=MjU0MDgyMzI2MzE2NzAxMTU0MA%3D%3D.2.c-ccb7-4', 'https://scontent-hel3-1.cdninstagram.com/v/t51.2885-15/e35/c0.179.1440.1440a/s240x240/166203871_812615566358914_593248489716528508_n.jpg?tp=1&_nc_ht=scontent-hel3-1.cdninstagram.com&_nc_cat=110&_nc_ohc=io26oUSg5VEAX91uMnA&ccb=7-4&oh=8b4df1b4b88c8f76ad33f1ac8c1139bc&oe=608B61E6&_nc_sid=4efc9f&ig_cache_key=MjU0MDgyMzI2MzE2NzAxMTU0MA%3D%3D.2.c-ccb7-4', 'https://scontent-hel3-1.cdninstagram.com/v/t51.2885-15/e35/c0.179.1440.1440a/s320x320/166203871_812615566358914_593248489716528508_n.jpg?tp=1&_nc_ht=scontent-hel3-1.cdninstagram.com&_nc_cat=110&_nc_ohc=io26oUSg5VEAX91uMnA&ccb=7-4&oh=6c3e92d350e81bd0d2bacd42dac02371&oe=608B8BE0&_nc_sid=4efc9f&ig_cache_key=MjU0MDgyMzI2MzE2NzAxMTU0MA%3D%3D.2.c-ccb7-4', 'https://scontent-hel3-1.cdninstagram.com/v/t51.2885-15/e35/c0.179.1440.1440a/s480x480/166203871_812615566358914_593248489716528508_n.jpg?tp=1&_nc_ht=scontent-hel3-1.cdninstagram.com&_nc_cat=110&_nc_ohc=io26oUSg5VEAX91uMnA&ccb=7-4&oh=528e6c42374d41df8d964c61410fa9e8&oe=608E1F86&_nc_sid=4efc9f&ig_cache_key=MjU0MDgyMzI2MzE2NzAxMTU0MA%3D%3D.2.c-ccb7-4', 'https://scontent-hel3-1.cdninstagram.com/v/t51.2885-15/sh0.08/e35/c0.179.1440.1440a/s640x640/166203871_812615566358914_593248489716528508_n.jpg?tp=1&_nc_ht=scontent-hel3-1.cdninstagram.com&_nc_cat=110&_nc_ohc=io26oUSg5VEAX91uMnA&ccb=7-4&oh=dc2fb6e563ffd7693b790f49fb53ec6e&oe=608E9BE5&_nc_sid=4efc9f&ig_cache_key=MjU0MDgyMzI2MzE2NzAxMTU0MA%3D%3D.2.c-ccb7-4']"
"['https://scontent-hel3-1.cdninstagram.com/v/t51.2885-15/e35/c0.116.1440.1440a/s150x150/166512866_1553313188212011_3327308822044732964_n.jpg?tp=1&_nc_ht=scontent-hel3-1.cdninstagram.com&_nc_cat=103&_nc_ohc=raXFGFNGKPkAX-pa66Q&ccb=7-4&oh=a7a3475894d7ae7ad28cb38c630c4755&oe=608C6091&_nc_sid=4efc9f&ig_cache_key=MjU0MDgyMjk3NDcyNDEyNTgwOQ%3D%3D.2.c-ccb7-4', 'https://scontent-hel3-1.cdninstagram.com/v/t51.2885-15/e35/c0.116.1440.1440a/s240x240/166512866_1553313188212011_3327308822044732964_n.jpg?tp=1&_nc_ht=scontent-hel3-1.cdninstagram.com&_nc_cat=103&_nc_ohc=raXFGFNGKPkAX-pa66Q&ccb=7-4&oh=03612d72de745931698661a400068ca5&oe=608BB4D9&_nc_sid=4efc9f&ig_cache_key=MjU0MDgyMjk3NDcyNDEyNTgwOQ%3D%3D.2.c-ccb7-4', 'https://scontent-hel3-1.cdninstagram.com/v/t51.2885-15/e35/c0.116.1440.1440a/s320x320/166512866_1553313188212011_3327308822044732964_n.jpg?tp=1&_nc_ht=scontent-hel3-1.cdninstagram.com&_nc_cat=103&_nc_ohc=raXFGFNGKPkAX-pa66Q&ccb=7-4&oh=d3cdf47104ee7d1815c94326d3b7d421&oe=608D7B88&_nc_sid=4efc9f&ig_cache_key=MjU0MDgyMjk3NDcyNDEyNTgwOQ%3D%3D.2.c-ccb7-4', 'https://scontent-hel3-1.cdninstagram.com/v/t51.2885-15/e35/c0.116.1440.1440a/s480x480/166512866_1553313188212011_3327308822044732964_n.jpg?tp=1&_nc_ht=scontent-hel3-1.cdninstagram.com&_nc_cat=103&_nc_ohc=raXFGFNGKPkAX-pa66Q&ccb=7-4&oh=0357264f727812ebeb47d94cce7c0467&oe=608C3846&_nc_sid=4efc9f&ig_cache_key=MjU0MDgyMjk3NDcyNDEyNTgwOQ%3D%3D.2.c-ccb7-4', 'https://scontent-hel3-1.cdninstagram.com/v/t51.2885-15/sh0.08/e35/c0.116.1440.1440a/s640x640/166512866_1553313188212011_3327308822044732964_n.jpg?tp=1&_nc_ht=scontent-hel3-1.cdninstagram.com&_nc_cat=103&_nc_ohc=raXFGFNGKPkAX-pa66Q&ccb=7-4&oh=6c867387a7ecb74e255de6ba667af4bf&oe=608B8480&_nc_sid=4efc9f&ig_cache_key=MjU0MDgyMjk3NDcyNDEyNTgwOQ%3D%3D.2.c-ccb7-4']"
"['https://scontent-hel3-1.cdninstagram.com/v/t51.2885-15/e35/c0.180.1440.1440a/s150x150/166339331_163261848981445_4900654393722848081_n.jpg?tp=1&_nc_ht=scontent-hel3-1.cdninstagram.com&_nc_cat=101&_nc_ohc=h82aj6mSIcgAX9BnBSs&ccb=7-4&oh=a7b6c9e55295b6539740d475f5d99be8&oe=608B9CD5&_nc_sid=4efc9f&ig_cache_key=MjU0MDgxOTUxODE2MzQwMDgxMQ%3D%3D.2.c-ccb7-4', 'https://scontent-hel3-1.cdninstagram.com/v/t51.2885-15/e35/c0.180.1440.1440a/s240x240/166339331_163261848981445_4900654393722848081_n.jpg?tp=1&_nc_ht=scontent-hel3-1.cdninstagram.com&_nc_cat=101&_nc_ohc=h82aj6mSIcgAX9BnBSs&ccb=7-4&oh=8ec4b281aa853bae3db15f94d4945ce0&oe=608D84D3&_nc_sid=4efc9f&ig_cache_key=MjU0MDgxOTUxODE2MzQwMDgxMQ%3D%3D.2.c-ccb7-4', 'https://scontent-hel3-1.cdninstagram.com/v/t51.2885-15/e35/c0.180.1440.1440a/s320x320/166339331_163261848981445_4900654393722848081_n.jpg?tp=1&_nc_ht=scontent-hel3-1.cdninstagram.com&_nc_cat=101&_nc_ohc=h82aj6mSIcgAX9BnBSs&ccb=7-4&oh=91c63e972d4dc7909cf32216ad29fec7&oe=608E7B2D&_nc_sid=4efc9f&ig_cache_key=MjU0MDgxOTUxODE2MzQwMDgxMQ%3D%3D.2.c-ccb7-4', 'https://scontent-hel3-1.cdninstagram.com/v/t51.2885-15/e35/c0.180.1440.1440a/s480x480/166339331_163261848981445_4900654393722848081_n.jpg?tp=1&_nc_ht=scontent-hel3-1.cdninstagram.com&_nc_cat=101&_nc_ohc=h82aj6mSIcgAX9BnBSs&ccb=7-4&oh=1d8fcd31f964cd7bbbad95718a22be04&oe=608E886C&_nc_sid=4efc9f&ig_cache_key=MjU0MDgxOTUxODE2MzQwMDgxMQ%3D%3D.2.c-ccb7-4', 'https://scontent-hel3-1.cdninstagram.com/v/t51.2885-15/sh0.08/e35/c0.180.1440.1440a/s640x640/166339331_163261848981445_4900654393722848081_n.jpg?tp=1&_nc_ht=scontent-hel3-1.cdninstagram.com&_nc_cat=101&_nc_ohc=h82aj6mSIcgAX9BnBSs&ccb=7-4&oh=9f6bc09361165cb844440c55311e114c&oe=608BAE65&_nc_sid=4efc9f&ig_cache_key=MjU0MDgxOTUxODE2MzQwMDgxMQ%3D%3D.2.c-ccb7-4']"
"['https://scontent-hel3-1.cdninstagram.com/v/t51.2885-15/e35/c0.180.1440.1440a/s150x150/166600293_482975416228990_2408164773630598814_n.jpg?tp=1&_nc_ht=scontent-hel3-1.cdninstagram.com&_nc_cat=110&_nc_ohc=JsPIH4CA0C0AX95z5px&ccb=7-4&oh=e204c91a3e60dde914106ff481437c13&oe=608ABB04&_nc_sid=4efc9f&ig_cache_key=MjU0MDgxNDU3ODU3NTgyNTM1MA%3D%3D.2.c-ccb7-4', 'https://scontent-hel3-1.cdninstagram.com/v/t51.2885-15/e35/c0.180.1440.1440a/s240x240/166600293_482975416228990_2408164773630598814_n.jpg?tp=1&_nc_ht=scontent-hel3-1.cdninstagram.com&_nc_cat=110&_nc_ohc=JsPIH4CA0C0AX95z5px&ccb=7-4&oh=2f0d7c7f0ce4b44a2f640476b7d98b74&oe=608D9206&_nc_sid=4efc9f&ig_cache_key=MjU0MDgxNDU3ODU3NTgyNTM1MA%3D%3D.2.c-ccb7-4', 'https://scontent-hel3-1.cdninstagram.com/v/t51.2885-15/e35/c0.180.1440.1440a/s320x320/166600293_482975416228990_2408164773630598814_n.jpg?tp=1&_nc_ht=scontent-hel3-1.cdninstagram.com&_nc_cat=110&_nc_ohc=JsPIH4CA0C0AX95z5px&ccb=7-4&oh=ff6a40712908b765238115e34e592c96&oe=608B6EFC&_nc_sid=4efc9f&ig_cache_key=MjU0MDgxNDU3ODU3NTgyNTM1MA%3D%3D.2.c-ccb7-4', 'https://scontent-hel3-1.cdninstagram.com/v/t51.2885-15/e35/c0.180.1440.1440a/s480x480/166600293_482975416228990_2408164773630598814_n.jpg?tp=1&_nc_ht=scontent-hel3-1.cdninstagram.com&_nc_cat=110&_nc_ohc=JsPIH4CA0C0AX95z5px&ccb=7-4&oh=c4681e36549fbf81d8ba826be212a616&oe=608BECBD&_nc_sid=4efc9f&ig_cache_key=MjU0MDgxNDU3ODU3NTgyNTM1MA%3D%3D.2.c-ccb7-4', 'https://scontent-hel3-1.cdninstagram.com/v/t51.2885-15/sh0.08/e35/c0.180.1440.1440a/s640x640/166600293_482975416228990_2408164773630598814_n.jpg?tp=1&_nc_ht=scontent-hel3-1.cdninstagram.com&_nc_cat=110&_nc_ohc=JsPIH4CA0C0AX95z5px&ccb=7-4&oh=3352a3bc3abf0bda5e43c6916e9f6acd&oe=608C07B4&_nc_sid=4efc9f&ig_cache_key=MjU0MDgxNDU3ODU3NTgyNTM1MA%3D%3D.2.c-ccb7-4']"
