Heshtag,uglymakeuprevolution
"['https://scontent-hel3-1.cdninstagram.com/v/t51.2885-15/e35/c142.0.1155.1155a/s150x150/166388862_442740856828382_1598590614106474482_n.jpg?tp=1&_nc_ht=scontent-hel3-1.cdninstagram.com&_nc_cat=102&_nc_ohc=vPkhFyPUumsAX9GJpsb&ccb=7-4&oh=60c2427277c18d3a01ce312523783092&oe=608C9A48&_nc_sid=4efc9f&ig_cache_key=MjU0MDgyNTA5NTM2NTQyNzY3Nw%3D%3D.2.c-ccb7-4', 'https://scontent-hel3-1.cdninstagram.com/v/t51.2885-15/e35/c142.0.1155.1155a/s240x240/166388862_442740856828382_1598590614106474482_n.jpg?tp=1&_nc_ht=scontent-hel3-1.cdninstagram.com&_nc_cat=102&_nc_ohc=vPkhFyPUumsAX9GJpsb&ccb=7-4&oh=18a6cb048b655448f5e9ce8fd56e18e1&oe=608C9642&_nc_sid=4efc9f&ig_cache_key=MjU0MDgyNTA5NTM2NTQyNzY3Nw%3D%3D.2.c-ccb7-4', 'https://scontent-hel3-1.cdninstagram.com/v/t51.2885-15/e35/c142.0.1155.1155a/s320x320/166388862_442740856828382_1598590614106474482_n.jpg?tp=1&_nc_ht=scontent-hel3-1.cdninstagram.com&_nc_cat=102&_nc_ohc=vPkhFyPUumsAX9GJpsb&ccb=7-4&oh=1594fe0e8af052c098b43524f64ca0b0&oe=608CFBC0&_nc_sid=4efc9f&ig_cache_key=MjU0MDgyNTA5NTM2NTQyNzY3Nw%3D%3D.2.c-ccb7-4', 'https://scontent-hel3-1.cdninstagram.com/v/t51.2885-15/e35/c142.0.1155.1155a/s480x480/166388862_442740856828382_1598590614106474482_n.jpg?tp=1&_nc_ht=scontent-hel3-1.cdninstagram.com&_nc_cat=102&_nc_ohc=vPkhFyPUumsAX9GJpsb&ccb=7-4&oh=eb46959538afa72b9055159c4d96d3fc&oe=608C5679&_nc_sid=4efc9f&ig_cache_key=MjU0MDgyNTA5NTM2NTQyNzY3Nw%3D%3D.2.c-ccb7-4', 'https://scontent-hel3-1.cdninstagram.com/v/t51.2885-15/sh0.08/e35/c142.0.1155.1155a/s640x640/166388862_442740856828382_1598590614106474482_n.jpg?tp=1&_nc_ht=scontent-hel3-1.cdninstagram.com&_nc_cat=102&_nc_ohc=vPkhFyPUumsAX9GJpsb&ccb=7-4&oh=3d8c73d3e6741794a9dc9231d3f78c56&oe=608AF478&_nc_sid=4efc9f&ig_cache_key=MjU0MDgyNTA5NTM2NTQyNzY3Nw%3D%3D.2.c-ccb7-4']"
"['https://scontent-hel3-1.cdninstagram.com/v/t51.2885-15/e35/c0.180.1440.1440a/s150x150/166600293_482975416228990_2408164773630598814_n.jpg?tp=1&_nc_ht=scontent-hel3-1.cdninstagram.com&_nc_cat=110&_nc_ohc=JsPIH4CA0C0AX95z5px&ccb=7-4&oh=e204c91a3e60dde914106ff481437c13&oe=608ABB04&_nc_sid=4efc9f&ig_cache_key=MjU0MDgxNDU3ODU3NTgyNTM1MA%3D%3D.2.c-ccb7-4', 'https://scontent-hel3-1.cdninstagram.com/v/t51.2885-15/e35/c0.180.1440.1440a/s240x240/166600293_482975416228990_2408164773630598814_n.jpg?tp=1&_nc_ht=scontent-hel3-1.cdninstagram.com&_nc_cat=110&_nc_ohc=JsPIH4CA0C0AX95z5px&ccb=7-4&oh=2f0d7c7f0ce4b44a2f640476b7d98b74&oe=608D9206&_nc_sid=4efc9f&ig_cache_key=MjU0MDgxNDU3ODU3NTgyNTM1MA%3D%3D.2.c-ccb7-4', 'https://scontent-hel3-1.cdninstagram.com/v/t51.2885-15/e35/c0.180.1440.1440a/s320x320/166600293_482975416228990_2408164773630598814_n.jpg?tp=1&_nc_ht=scontent-hel3-1.cdninstagram.com&_nc_cat=110&_nc_ohc=JsPIH4CA0C0AX95z5px&ccb=7-4&oh=ff6a40712908b765238115e34e592c96&oe=608B6EFC&_nc_sid=4efc9f&ig_cache_key=MjU0MDgxNDU3ODU3NTgyNTM1MA%3D%3D.2.c-ccb7-4', 'https://scontent-hel3-1.cdninstagram.com/v/t51.2885-15/e35/c0.180.1440.1440a/s480x480/166600293_482975416228990_2408164773630598814_n.jpg?tp=1&_nc_ht=scontent-hel3-1.cdninstagram.com&_nc_cat=110&_nc_ohc=JsPIH4CA0C0AX95z5px&ccb=7-4&oh=c4681e36549fbf81d8ba826be212a616&oe=608BECBD&_nc_sid=4efc9f&ig_cache_key=MjU0MDgxNDU3ODU3NTgyNTM1MA%3D%3D.2.c-ccb7-4', 'https://scontent-hel3-1.cdninstagram.com/v/t51.2885-15/sh0.08/e35/c0.180.1440.1440a/s640x640/166600293_482975416228990_2408164773630598814_n.jpg?tp=1&_nc_ht=scontent-hel3-1.cdninstagram.com&_nc_cat=110&_nc_ohc=JsPIH4CA0C0AX95z5px&ccb=7-4&oh=3352a3bc3abf0bda5e43c6916e9f6acd&oe=608C07B4&_nc_sid=4efc9f&ig_cache_key=MjU0MDgxNDU3ODU3NTgyNTM1MA%3D%3D.2.c-ccb7-4']"
"['https://scontent-hel3-1.cdninstagram.com/v/t51.2885-15/e35/s150x150/167396763_119832973500487_8243057420805582074_n.jpg?tp=1&_nc_ht=scontent-hel3-1.cdninstagram.com&_nc_cat=107&_nc_ohc=qxl1j0cVpiQAX8KGT6M&ccb=7-4&oh=bb0a987e45ba7183f678d99ce6b7f868&oe=608E9A7B&_nc_sid=4efc9f&ig_cache_key=MjU0MDgxMDM4MzY3NjI1NDkxMw%3D%3D.2-ccb7-4', 'https://scontent-hel3-1.cdninstagram.com/v/t51.2885-15/e35/s240x240/167396763_119832973500487_8243057420805582074_n.jpg?tp=1&_nc_ht=scontent-hel3-1.cdninstagram.com&_nc_cat=107&_nc_ohc=qxl1j0cVpiQAX8KGT6M&ccb=7-4&oh=6f111cb7e711edaf6e1e6b7098b05352&oe=608B6BFD&_nc_sid=4efc9f&ig_cache_key=MjU0MDgxMDM4MzY3NjI1NDkxMw%3D%3D.2-ccb7-4', 'https://scontent-hel3-1.cdninstagram.com/v/t51.2885-15/e35/s320x320/167396763_119832973500487_8243057420805582074_n.jpg?tp=1&_nc_ht=scontent-hel3-1.cdninstagram.com&_nc_cat=107&_nc_ohc=qxl1j0cVpiQAX8KGT6M&ccb=7-4&oh=2e09f1ac39ea6e31d353e137eb476f5c&oe=608C0C83&_nc_sid=4efc9f&ig_cache_key=MjU0MDgxMDM4MzY3NjI1NDkxMw%3D%3D.2-ccb7-4', 'https://scontent-hel3-1.cdninstagram.com/v/t51.2885-15/e35/s480x480/167396763_119832973500487_8243057420805582074_n.jpg?tp=1&_nc_ht=scontent-hel3-1.cdninstagram.com&_nc_cat=107&_nc_ohc=qxl1j0cVpiQAX8KGT6M&ccb=7-4&oh=16c39233fc796ddd287b05af3367a5a9&oe=608C6D46&_nc_sid=4efc9f&ig_cache_key=MjU0MDgxMDM4MzY3NjI1NDkxMw%3D%3D.2-ccb7-4', 'https://scontent-hel3-1.cdninstagram.com/v/t51.2885-15/sh0.08/e35/s640x640/167396763_119832973500487_8243057420805582074_n.jpg?tp=1&_nc_ht=scontent-hel3-1.cdninstagram.com&_nc_cat=107&_nc_ohc=qxl1j0cVpiQAX8KGT6M&ccb=7-4&oh=ea793140ad0043b6a0ed913876be9148&oe=608D2280&_nc_sid=4efc9f&ig_cache_key=MjU0MDgxMDM4MzY3NjI1NDkxMw%3D%3D.2-ccb7-4']"
"['https://scontent-hel3-1.cdninstagram.com/v/t51.2885-15/e35/c0.180.1440.1440a/s150x150/167210118_508104040574974_2247358268924980024_n.jpg?tp=1&_nc_ht=scontent-hel3-1.cdninstagram.com&_nc_cat=110&_nc_ohc=DKC2Sj0_VFwAX8RN41T&ccb=7-4&oh=7b70dc3dd59edcec53b7ccbee879a953&oe=608B47D2&_nc_sid=4efc9f&ig_cache_key=MjU0MDc4ODE1MzAwOTUxMjczNg%3D%3D.2.c-ccb7-4', 'https://scontent-hel3-1.cdninstagram.com/v/t51.2885-15/e35/c0.180.1440.1440a/s240x240/167210118_508104040574974_2247358268924980024_n.jpg?tp=1&_nc_ht=scontent-hel3-1.cdninstagram.com&_nc_cat=110&_nc_ohc=DKC2Sj0_VFwAX8RN41T&ccb=7-4&oh=aebd9a6c135a766dcbaf35a19822440e&oe=608D3FD8&_nc_sid=4efc9f&ig_cache_key=MjU0MDc4ODE1MzAwOTUxMjczNg%3D%3D.2.c-ccb7-4', 'https://scontent-hel3-1.cdninstagram.com/v/t51.2885-15/e35/c0.180.1440.1440a/s320x320/167210118_508104040574974_2247358268924980024_n.jpg?tp=1&_nc_ht=scontent-hel3-1.cdninstagram.com&_nc_cat=110&_nc_ohc=DKC2Sj0_VFwAX8RN41T&ccb=7-4&oh=84a72e8273381144030ada6d441828c0&oe=608B2B2A&_nc_sid=4efc9f&ig_cache_key=MjU0MDc4ODE1MzAwOTUxMjczNg%3D%3D.2.c-ccb7-4', 'https://scontent-hel3-1.cdninstagram.com/v/t51.2885-15/e35/c0.180.1440.1440a/s480x480/167210118_508104040574974_2247358268924980024_n.jpg?tp=1&_nc_ht=scontent-hel3-1.cdninstagram.com&_nc_cat=110&_nc_ohc=DKC2Sj0_VFwAX8RN41T&ccb=7-4&oh=44b542d1c626160a26dd00d35585b573&oe=608DE8EF&_nc_sid=4efc9f&ig_cache_key=MjU0MDc4ODE1MzAwOTUxMjczNg%3D%3D.2.c-ccb7-4', 'https://scontent-hel3-1.cdninstagram.com/v/t51.2885-15/sh0.08/e35/c0.180.1440.1440a/s640x640/167210118_508104040574974_2247358268924980024_n.jpg?tp=1&_nc_ht=scontent-hel3-1.cdninstagram.com&_nc_cat=110&_nc_ohc=DKC2Sj0_VFwAX8RN41T&ccb=7-4&oh=d18e712fc0dbc74664376bf2fba733e4&oe=608D34E2&_nc_sid=4efc9f&ig_cache_key=MjU0MDc4ODE1MzAwOTUxMjczNg%3D%3D.2.c-ccb7-4']"
"['https://scontent-hel3-1.cdninstagram.com/v/t51.2885-15/e35/s150x150/166237115_479906123160162_8306622406720445965_n.jpg?tp=1&_nc_ht=scontent-hel3-1.cdninstagram.com&_nc_cat=106&_nc_ohc=SjeaERmihPoAX8-H-pW&ccb=7-4&oh=e6ffaae28da8dadbc7ed1cb4e5a496a8&oe=608E7771&_nc_sid=4efc9f&ig_cache_key=MjU0MDc4NTEwMzkwMDM1NjI5Ng%3D%3D.2-ccb7-4', 'https://scontent-hel3-1.cdninstagram.com/v/t51.2885-15/e35/s240x240/166237115_479906123160162_8306622406720445965_n.jpg?tp=1&_nc_ht=scontent-hel3-1.cdninstagram.com&_nc_cat=106&_nc_ohc=SjeaERmihPoAX8-H-pW&ccb=7-4&oh=198ef24473c0bbb899d9d0ab16ec4534&oe=608C0377&_nc_sid=4efc9f&ig_cache_key=MjU0MDc4NTEwMzkwMDM1NjI5Ng%3D%3D.2-ccb7-4', 'https://scontent-hel3-1.cdninstagram.com/v/t51.2885-15/e35/s320x320/166237115_479906123160162_8306622406720445965_n.jpg?tp=1&_nc_ht=scontent-hel3-1.cdninstagram.com&_nc_cat=106&_nc_ohc=SjeaERmihPoAX8-H-pW&ccb=7-4&oh=90f614f7519bc12fcde34083689b515f&oe=608AE809&_nc_sid=4efc9f&ig_cache_key=MjU0MDc4NTEwMzkwMDM1NjI5Ng%3D%3D.2-ccb7-4', 'https://scontent-hel3-1.cdninstagram.com/v/t51.2885-15/e35/s480x480/166237115_479906123160162_8306622406720445965_n.jpg?tp=1&_nc_ht=scontent-hel3-1.cdninstagram.com&_nc_cat=106&_nc_ohc=SjeaERmihPoAX8-H-pW&ccb=7-4&oh=5fae5dd3778b0463e99e9a1963466b89&oe=608D5CD0&_nc_sid=4efc9f&ig_cache_key=MjU0MDc4NTEwMzkwMDM1NjI5Ng%3D%3D.2-ccb7-4', 'https://scontent-hel3-1.cdninstagram.com/v/t51.2885-15/sh0.08/e35/s640x640/166237115_479906123160162_8306622406720445965_n.jpg?tp=1&_nc_ht=scontent-hel3-1.cdninstagram.com&_nc_cat=106&_nc_ohc=SjeaERmihPoAX8-H-pW&ccb=7-4&oh=41fe3405ec21efc7bb0379ea20afe60b&oe=608C1776&_nc_sid=4efc9f&ig_cache_key=MjU0MDc4NTEwMzkwMDM1NjI5Ng%3D%3D.2-ccb7-4']"
"['https://scontent-hel3-1.cdninstagram.com/v/t51.2885-15/e35/c0.83.1440.1440a/s150x150/165974085_3856449511068653_2244697641617112900_n.jpg?tp=1&_nc_ht=scontent-hel3-1.cdninstagram.com&_nc_cat=105&_nc_ohc=X8HLFc8ksfMAX-Lthre&ccb=7-4&oh=c05d615292bcbc1412fff78d7379226c&oe=608E1A8D&_nc_sid=4efc9f&ig_cache_key=MjU0MDc2MjQzOTkyODI2MTgxMQ%3D%3D.2.c-ccb7-4', 'https://scontent-hel3-1.cdninstagram.com/v/t51.2885-15/e35/c0.83.1440.1440a/s240x240/165974085_3856449511068653_2244697641617112900_n.jpg?tp=1&_nc_ht=scontent-hel3-1.cdninstagram.com&_nc_cat=105&_nc_ohc=X8HLFc8ksfMAX-Lthre&ccb=7-4&oh=dd0596ec54becfd4186e7d4767e19859&oe=608C80C5&_nc_sid=4efc9f&ig_cache_key=MjU0MDc2MjQzOTkyODI2MTgxMQ%3D%3D.2.c-ccb7-4', 'https://scontent-hel3-1.cdninstagram.com/v/t51.2885-15/e35/c0.83.1440.1440a/s320x320/165974085_3856449511068653_2244697641617112900_n.jpg?tp=1&_nc_ht=scontent-hel3-1.cdninstagram.com&_nc_cat=105&_nc_ohc=X8HLFc8ksfMAX-Lthre&ccb=7-4&oh=fcada41b6a6d25476fc05dc0067edef0&oe=608DCF9C&_nc_sid=4efc9f&ig_cache_key=MjU0MDc2MjQzOTkyODI2MTgxMQ%3D%3D.2.c-ccb7-4', 'https://scontent-hel3-1.cdninstagram.com/v/t51.2885-15/e35/c0.83.1440.1440a/s480x480/165974085_3856449511068653_2244697641617112900_n.jpg?tp=1&_nc_ht=scontent-hel3-1.cdninstagram.com&_nc_cat=105&_nc_ohc=X8HLFc8ksfMAX-Lthre&ccb=7-4&oh=a6ffd9175469530b396eeef0d704bda1&oe=608DD85A&_nc_sid=4efc9f&ig_cache_key=MjU0MDc2MjQzOTkyODI2MTgxMQ%3D%3D.2.c-ccb7-4', 'https://scontent-hel3-1.cdninstagram.com/v/t51.2885-15/sh0.08/e35/c0.83.1440.1440a/s640x640/165974085_3856449511068653_2244697641617112900_n.jpg?tp=1&_nc_ht=scontent-hel3-1.cdninstagram.com&_nc_cat=105&_nc_ohc=X8HLFc8ksfMAX-Lthre&ccb=7-4&oh=69aacd81baa5bd7d8bff72c765748b7a&oe=608DA1D6&_nc_sid=4efc9f&ig_cache_key=MjU0MDc2MjQzOTkyODI2MTgxMQ%3D%3D.2.c-ccb7-4']"
"['https://scontent-hel3-1.cdninstagram.com/v/t51.2885-15/e35/c0.72.576.576a/s150x150/166274505_537865493860816_9100056230317808841_n.jpg?tp=1&_nc_ht=scontent-hel3-1.cdninstagram.com&_nc_cat=104&_nc_ohc=rn_koOvNJ14AX94yusQ&ccb=7-4&oh=20fef10fb56e7878c0ef542bc6aae921&oe=60659AB2&_nc_sid=4efc9f', 'https://scontent-hel3-1.cdninstagram.com/v/t51.2885-15/e35/c0.72.576.576a/s240x240/166274505_537865493860816_9100056230317808841_n.jpg?tp=1&_nc_ht=scontent-hel3-1.cdninstagram.com&_nc_cat=104&_nc_ohc=rn_koOvNJ14AX94yusQ&ccb=7-4&oh=2827744fa3d2f5073ab75d23deac0e5b&oe=6065B538&_nc_sid=4efc9f', 'https://scontent-hel3-1.cdninstagram.com/v/t51.2885-15/e35/c0.72.576.576a/s320x320/166274505_537865493860816_9100056230317808841_n.jpg?tp=1&_nc_ht=scontent-hel3-1.cdninstagram.com&_nc_cat=104&_nc_ohc=rn_koOvNJ14AX94yusQ&ccb=7-4&oh=37c6d9497fd525c3e0cbeac640e6319f&oe=60654B4A&_nc_sid=4efc9f', 'https://scontent-hel3-1.cdninstagram.com/v/t51.2885-15/e35/c0.72.576.576a/s480x480/166274505_537865493860816_9100056230317808841_n.jpg?tp=1&_nc_ht=scontent-hel3-1.cdninstagram.com&_nc_cat=104&_nc_ohc=rn_koOvNJ14AX94yusQ&ccb=7-4&oh=2f97ef571ebb7f5e53c3497f757c6d74&oe=60655A4F&_nc_sid=4efc9f', 'https://scontent-hel3-1.cdninstagram.com/v/t51.2885-15/e35/c0.72.576.576a/166274505_537865493860816_9100056230317808841_n.jpg?tp=1&_nc_ht=scontent-hel3-1.cdninstagram.com&_nc_cat=104&_nc_ohc=rn_koOvNJ14AX94yusQ&ccb=7-4&oh=7c4ce097d46b15010c0e4bdb1d984b08&oe=6065619C&_nc_sid=4efc9f']"
"['https://scontent-hel3-1.cdninstagram.com/v/t51.2885-15/e35/s150x150/166562108_806160149990566_2713698124868048276_n.jpg?tp=1&_nc_ht=scontent-hel3-1.cdninstagram.com&_nc_cat=110&_nc_ohc=yYRmmz5HIBMAX-Be6kd&ccb=7-4&oh=11035a2b6312b8f308518a54fbb37be1&oe=608EA5E8&_nc_sid=4efc9f&ig_cache_key=MjU0MDczMTYzMDAwNTYyNDAzNw%3D%3D.2-ccb7-4', 'https://scontent-hel3-1.cdninstagram.com/v/t51.2885-15/e35/s240x240/166562108_806160149990566_2713698124868048276_n.jpg?tp=1&_nc_ht=scontent-hel3-1.cdninstagram.com&_nc_cat=110&_nc_ohc=yYRmmz5HIBMAX-Be6kd&ccb=7-4&oh=5ad2dba89f5c68448f742e3eb25e075c&oe=608AECE2&_nc_sid=4efc9f&ig_cache_key=MjU0MDczMTYzMDAwNTYyNDAzNw%3D%3D.2-ccb7-4', 'https://scontent-hel3-1.cdninstagram.com/v/t51.2885-15/e35/s320x320/166562108_806160149990566_2713698124868048276_n.jpg?tp=1&_nc_ht=scontent-hel3-1.cdninstagram.com&_nc_cat=110&_nc_ohc=yYRmmz5HIBMAX-Be6kd&ccb=7-4&oh=9a9de57d5433ac09d92fef21cc8de827&oe=608C19A0&_nc_sid=4efc9f&ig_cache_key=MjU0MDczMTYzMDAwNTYyNDAzNw%3D%3D.2-ccb7-4', 'https://scontent-hel3-1.cdninstagram.com/v/t51.2885-15/e35/s480x480/166562108_806160149990566_2713698124868048276_n.jpg?tp=1&_nc_ht=scontent-hel3-1.cdninstagram.com&_nc_cat=110&_nc_ohc=yYRmmz5HIBMAX-Be6kd&ccb=7-4&oh=16ab28368fe5c19ca4de738a03d6f4dd&oe=608E3759&_nc_sid=4efc9f&ig_cache_key=MjU0MDczMTYzMDAwNTYyNDAzNw%3D%3D.2-ccb7-4', 'https://scontent-hel3-1.cdninstagram.com/v/t51.2885-15/sh0.08/e35/s640x640/166562108_806160149990566_2713698124868048276_n.jpg?tp=1&_nc_ht=scontent-hel3-1.cdninstagram.com&_nc_cat=110&_nc_ohc=yYRmmz5HIBMAX-Be6kd&ccb=7-4&oh=89ecac39c10de2b8ed05c422ed94131b&oe=608D2DE3&_nc_sid=4efc9f&ig_cache_key=MjU0MDczMTYzMDAwNTYyNDAzNw%3D%3D.2-ccb7-4']"
"['https://scontent-hel3-1.cdninstagram.com/v/t51.2885-15/e35/s150x150/166644173_1179174205836382_858643096808127450_n.jpg?tp=1&_nc_ht=scontent-hel3-1.cdninstagram.com&_nc_cat=110&_nc_ohc=HmmRQhO8vV4AX_qShNG&ccb=7-4&oh=49d296da2449188d92f0969b6bb5d0c5&oe=608E45EC&_nc_sid=4efc9f&ig_cache_key=MjU0MDcxMjM2NDU1MTkwNTk5MA%3D%3D.2-ccb7-4', 'https://scontent-hel3-1.cdninstagram.com/v/t51.2885-15/e35/s240x240/166644173_1179174205836382_858643096808127450_n.jpg?tp=1&_nc_ht=scontent-hel3-1.cdninstagram.com&_nc_cat=110&_nc_ohc=HmmRQhO8vV4AX_qShNG&ccb=7-4&oh=128345fbce407ef531a40c74ae981c94&oe=608AF86E&_nc_sid=4efc9f&ig_cache_key=MjU0MDcxMjM2NDU1MTkwNTk5MA%3D%3D.2-ccb7-4', 'https://scontent-hel3-1.cdninstagram.com/v/t51.2885-15/e35/s320x320/166644173_1179174205836382_858643096808127450_n.jpg?tp=1&_nc_ht=scontent-hel3-1.cdninstagram.com&_nc_cat=110&_nc_ohc=HmmRQhO8vV4AX_qShNG&ccb=7-4&oh=fdc01f0b0ee2e9474672db48cd0add49&oe=608C7794&_nc_sid=4efc9f&ig_cache_key=MjU0MDcxMjM2NDU1MTkwNTk5MA%3D%3D.2-ccb7-4', 'https://scontent-hel3-1.cdninstagram.com/v/t51.2885-15/e35/s480x480/166644173_1179174205836382_858643096808127450_n.jpg?tp=1&_nc_ht=scontent-hel3-1.cdninstagram.com&_nc_cat=110&_nc_ohc=HmmRQhO8vV4AX_qShNG&ccb=7-4&oh=5d4e53f9330cc2465388b1cfb1364754&oe=608CE2D5&_nc_sid=4efc9f&ig_cache_key=MjU0MDcxMjM2NDU1MTkwNTk5MA%3D%3D.2-ccb7-4', 'https://scontent-hel3-1.cdninstagram.com/v/t51.2885-15/sh0.08/e35/s640x640/166644173_1179174205836382_858643096808127450_n.jpg?tp=1&_nc_ht=scontent-hel3-1.cdninstagram.com&_nc_cat=110&_nc_ohc=HmmRQhO8vV4AX_qShNG&ccb=7-4&oh=20b681f89a1665bf503c95b0a5efa71f&oe=608D086F&_nc_sid=4efc9f&ig_cache_key=MjU0MDcxMjM2NDU1MTkwNTk5MA%3D%3D.2-ccb7-4']"
"['https://scontent-hel3-1.cdninstagram.com/v/t51.2885-15/e35/s150x150/166323459_150165623664008_6476905500703071142_n.jpg?tp=1&_nc_ht=scontent-hel3-1.cdninstagram.com&_nc_cat=108&_nc_ohc=HBcX5f1f1JwAX_GZQWU&ccb=7-4&oh=08b7e2fd30fb6297904235c236785aa4&oe=608CE664&_nc_sid=4efc9f&ig_cache_key=MjU0MDcwNDkzNzUyMDc3OTEyMQ%3D%3D.2-ccb7-4', 'https://scontent-hel3-1.cdninstagram.com/v/t51.2885-15/e35/s240x240/166323459_150165623664008_6476905500703071142_n.jpg?tp=1&_nc_ht=scontent-hel3-1.cdninstagram.com&_nc_cat=108&_nc_ohc=HBcX5f1f1JwAX_GZQWU&ccb=7-4&oh=43820e0a7a22fd3c7e5cf64df89af50d&oe=608C6A66&_nc_sid=4efc9f&ig_cache_key=MjU0MDcwNDkzNzUyMDc3OTEyMQ%3D%3D.2-ccb7-4', 'https://scontent-hel3-1.cdninstagram.com/v/t51.2885-15/e35/s320x320/166323459_150165623664008_6476905500703071142_n.jpg?tp=1&_nc_ht=scontent-hel3-1.cdninstagram.com&_nc_cat=108&_nc_ohc=HBcX5f1f1JwAX_GZQWU&ccb=7-4&oh=447a40a6da7f3faff75b97039c68f23c&oe=608CC19C&_nc_sid=4efc9f&ig_cache_key=MjU0MDcwNDkzNzUyMDc3OTEyMQ%3D%3D.2-ccb7-4', 'https://scontent-hel3-1.cdninstagram.com/v/t51.2885-15/e35/s480x480/166323459_150165623664008_6476905500703071142_n.jpg?tp=1&_nc_ht=scontent-hel3-1.cdninstagram.com&_nc_cat=108&_nc_ohc=HBcX5f1f1JwAX_GZQWU&ccb=7-4&oh=f3b13766eee44610832cc0c2b27c03bb&oe=608C445D&_nc_sid=4efc9f&ig_cache_key=MjU0MDcwNDkzNzUyMDc3OTEyMQ%3D%3D.2-ccb7-4', 'https://scontent-hel3-1.cdninstagram.com/v/t51.2885-15/sh0.08/e35/s640x640/166323459_150165623664008_6476905500703071142_n.jpg?tp=1&_nc_ht=scontent-hel3-1.cdninstagram.com&_nc_cat=108&_nc_ohc=HBcX5f1f1JwAX_GZQWU&ccb=7-4&oh=fea9a7ea76338c1dcc831cbdaf58d8ba&oe=608C23E7&_nc_sid=4efc9f&ig_cache_key=MjU0MDcwNDkzNzUyMDc3OTEyMQ%3D%3D.2-ccb7-4']"
