Heshtag,uniquemakeup
"['https://scontent-hel3-1.cdninstagram.com/v/t51.2885-15/e35/s150x150/166051696_143352640956827_5671584463208093448_n.jpg?tp=1&_nc_ht=scontent-hel3-1.cdninstagram.com&_nc_cat=111&_nc_ohc=ApGr0vJq9bMAX-l99Or&ccb=7-4&oh=c8202424862e5472e7872225ce6cb674&oe=608B06F6&_nc_sid=4efc9f&ig_cache_key=MjU0MDgyNjQxMjcyOTEyNzAzMw%3D%3D.2-ccb7-4', 'https://scontent-hel3-1.cdninstagram.com/v/t51.2885-15/e35/s240x240/166051696_143352640956827_5671584463208093448_n.jpg?tp=1&_nc_ht=scontent-hel3-1.cdninstagram.com&_nc_cat=111&_nc_ohc=ApGr0vJq9bMAX-l99Or&ccb=7-4&oh=651dc036565f0d34db0fcd58352f8cea&oe=608BBE74&_nc_sid=4efc9f&ig_cache_key=MjU0MDgyNjQxMjcyOTEyNzAzMw%3D%3D.2-ccb7-4', 'https://scontent-hel3-1.cdninstagram.com/v/t51.2885-15/e35/s320x320/166051696_143352640956827_5671584463208093448_n.jpg?tp=1&_nc_ht=scontent-hel3-1.cdninstagram.com&_nc_cat=111&_nc_ohc=ApGr0vJq9bMAX-l99Or&ccb=7-4&oh=fe09ed19fc0d1fd56723ea2f1e630130&oe=608E900E&_nc_sid=4efc9f&ig_cache_key=MjU0MDgyNjQxMjcyOTEyNzAzMw%3D%3D.2-ccb7-4', 'https://scontent-hel3-1.cdninstagram.com/v/t51.2885-15/e35/s480x480/166051696_143352640956827_5671584463208093448_n.jpg?tp=1&_nc_ht=scontent-hel3-1.cdninstagram.com&_nc_cat=111&_nc_ohc=ApGr0vJq9bMAX-l99Or&ccb=7-4&oh=8d3b191c6e1f7395c56f8314601a4bc7&oe=608D00CB&_nc_sid=4efc9f&ig_cache_key=MjU0MDgyNjQxMjcyOTEyNzAzMw%3D%3D.2-ccb7-4', 'https://scontent-hel3-1.cdninstagram.com/v/t51.2885-15/sh0.08/e35/s640x640/166051696_143352640956827_5671584463208093448_n.jpg?tp=1&_nc_ht=scontent-hel3-1.cdninstagram.com&_nc_cat=111&_nc_ohc=ApGr0vJq9bMAX-l99Or&ccb=7-4&oh=37033de0570090397af9256ce17bd128&oe=608E8B71&_nc_sid=4efc9f&ig_cache_key=MjU0MDgyNjQxMjcyOTEyNzAzMw%3D%3D.2-ccb7-4']"
"['https://scontent-hel3-1.cdninstagram.com/v/t51.2885-15/e35/c0.179.1440.1440a/s150x150/166203871_812615566358914_593248489716528508_n.jpg?tp=1&_nc_ht=scontent-hel3-1.cdninstagram.com&_nc_cat=110&_nc_ohc=io26oUSg5VEAX91uMnA&ccb=7-4&oh=9a7d4a393674d09a538c1fcc9a667211&oe=608B1EB0&_nc_sid=4efc9f&ig_cache_key=MjU0MDgyMzI2MzE2NzAxMTU0MA%3D%3D.2.c-ccb7-4', 'https://scontent-hel3-1.cdninstagram.com/v/t51.2885-15/e35/c0.179.1440.1440a/s240x240/166203871_812615566358914_593248489716528508_n.jpg?tp=1&_nc_ht=scontent-hel3-1.cdninstagram.com&_nc_cat=110&_nc_ohc=io26oUSg5VEAX91uMnA&ccb=7-4&oh=8b4df1b4b88c8f76ad33f1ac8c1139bc&oe=608B61E6&_nc_sid=4efc9f&ig_cache_key=MjU0MDgyMzI2MzE2NzAxMTU0MA%3D%3D.2.c-ccb7-4', 'https://scontent-hel3-1.cdninstagram.com/v/t51.2885-15/e35/c0.179.1440.1440a/s320x320/166203871_812615566358914_593248489716528508_n.jpg?tp=1&_nc_ht=scontent-hel3-1.cdninstagram.com&_nc_cat=110&_nc_ohc=io26oUSg5VEAX91uMnA&ccb=7-4&oh=6c3e92d350e81bd0d2bacd42dac02371&oe=608B8BE0&_nc_sid=4efc9f&ig_cache_key=MjU0MDgyMzI2MzE2NzAxMTU0MA%3D%3D.2.c-ccb7-4', 'https://scontent-hel3-1.cdninstagram.com/v/t51.2885-15/e35/c0.179.1440.1440a/s480x480/166203871_812615566358914_593248489716528508_n.jpg?tp=1&_nc_ht=scontent-hel3-1.cdninstagram.com&_nc_cat=110&_nc_ohc=io26oUSg5VEAX91uMnA&ccb=7-4&oh=528e6c42374d41df8d964c61410fa9e8&oe=608E1F86&_nc_sid=4efc9f&ig_cache_key=MjU0MDgyMzI2MzE2NzAxMTU0MA%3D%3D.2.c-ccb7-4', 'https://scontent-hel3-1.cdninstagram.com/v/t51.2885-15/sh0.08/e35/c0.179.1440.1440a/s640x640/166203871_812615566358914_593248489716528508_n.jpg?tp=1&_nc_ht=scontent-hel3-1.cdninstagram.com&_nc_cat=110&_nc_ohc=io26oUSg5VEAX91uMnA&ccb=7-4&oh=dc2fb6e563ffd7693b790f49fb53ec6e&oe=608E9BE5&_nc_sid=4efc9f&ig_cache_key=MjU0MDgyMzI2MzE2NzAxMTU0MA%3D%3D.2.c-ccb7-4']"
"['https://scontent-hel3-1.cdninstagram.com/v/t51.2885-15/e35/c0.135.1080.1080a/s150x150/166683801_330413858710454_5793865183818624870_n.jpg?tp=1&_nc_ht=scontent-hel3-1.cdninstagram.com&_nc_cat=102&_nc_ohc=PrMZXOPhUEoAX9ILqwn&ccb=7-4&oh=467fe6c2ffefde0a9e4377c4f3efaf82&oe=608D6E01&_nc_sid=4efc9f&ig_cache_key=MjU0MDgxNjQ3MTI5NTMwMTgzMQ%3D%3D.2.c-ccb7-4', 'https://scontent-hel3-1.cdninstagram.com/v/t51.2885-15/e35/c0.135.1080.1080a/s240x240/166683801_330413858710454_5793865183818624870_n.jpg?tp=1&_nc_ht=scontent-hel3-1.cdninstagram.com&_nc_cat=102&_nc_ohc=PrMZXOPhUEoAX9ILqwn&ccb=7-4&oh=36c7981fe81dfb28bdcc5f886adcc451&oe=608C4E87&_nc_sid=4efc9f&ig_cache_key=MjU0MDgxNjQ3MTI5NTMwMTgzMQ%3D%3D.2.c-ccb7-4', 'https://scontent-hel3-1.cdninstagram.com/v/t51.2885-15/e35/c0.135.1080.1080a/s320x320/166683801_330413858710454_5793865183818624870_n.jpg?tp=1&_nc_ht=scontent-hel3-1.cdninstagram.com&_nc_cat=102&_nc_ohc=PrMZXOPhUEoAX9ILqwn&ccb=7-4&oh=455323ceebf3bc607ca83367c3522f0c&oe=608CD3F9&_nc_sid=4efc9f&ig_cache_key=MjU0MDgxNjQ3MTI5NTMwMTgzMQ%3D%3D.2.c-ccb7-4', 'https://scontent-hel3-1.cdninstagram.com/v/t51.2885-15/e35/c0.135.1080.1080a/s480x480/166683801_330413858710454_5793865183818624870_n.jpg?tp=1&_nc_ht=scontent-hel3-1.cdninstagram.com&_nc_cat=102&_nc_ohc=PrMZXOPhUEoAX9ILqwn&ccb=7-4&oh=91a507f142188ed57e535bb5ff6e2017&oe=608ABD40&_nc_sid=4efc9f&ig_cache_key=MjU0MDgxNjQ3MTI5NTMwMTgzMQ%3D%3D.2.c-ccb7-4', 'https://scontent-hel3-1.cdninstagram.com/v/t51.2885-15/sh0.08/e35/c0.135.1080.1080a/s640x640/166683801_330413858710454_5793865183818624870_n.jpg?tp=1&_nc_ht=scontent-hel3-1.cdninstagram.com&_nc_cat=102&_nc_ohc=PrMZXOPhUEoAX9ILqwn&ccb=7-4&oh=78b2d5f389f8502f98fd6da2c3490956&oe=608E60B1&_nc_sid=4efc9f&ig_cache_key=MjU0MDgxNjQ3MTI5NTMwMTgzMQ%3D%3D.2.c-ccb7-4']"
"['https://scontent-hel3-1.cdninstagram.com/v/t51.2885-15/e15/c0.135.1080.1080a/s150x150/166828319_2775772172736232_6033800205430530772_n.jpg?tp=1&_nc_ht=scontent-hel3-1.cdninstagram.com&_nc_cat=104&_nc_ohc=8cCMzU0YWmwAX_9MjdK&ccb=7-4&oh=7b2915c0857fab1bc4b909fdcf52ce74&oe=608E0AD5&_nc_sid=4efc9f&ig_cache_key=MjU0MDgxMzgyNDY1NjAxODgyOQ%3D%3D.2.c-ccb7-4', 'https://scontent-hel3-1.cdninstagram.com/v/t51.2885-15/e15/c0.135.1080.1080a/s240x240/166828319_2775772172736232_6033800205430530772_n.jpg?tp=1&_nc_ht=scontent-hel3-1.cdninstagram.com&_nc_cat=104&_nc_ohc=8cCMzU0YWmwAX_9MjdK&ccb=7-4&oh=0f67cc3b7431ce1c1f3c16636e037450&oe=608E5B9D&_nc_sid=4efc9f&ig_cache_key=MjU0MDgxMzgyNDY1NjAxODgyOQ%3D%3D.2.c-ccb7-4', 'https://scontent-hel3-1.cdninstagram.com/v/t51.2885-15/e15/c0.135.1080.1080a/s320x320/166828319_2775772172736232_6033800205430530772_n.jpg?tp=1&_nc_ht=scontent-hel3-1.cdninstagram.com&_nc_cat=104&_nc_ohc=8cCMzU0YWmwAX_9MjdK&ccb=7-4&oh=d1e4133171182d0178a4be44eb9cc0f8&oe=608BB244&_nc_sid=4efc9f&ig_cache_key=MjU0MDgxMzgyNDY1NjAxODgyOQ%3D%3D.2.c-ccb7-4', 'https://scontent-hel3-1.cdninstagram.com/v/t51.2885-15/e15/c0.135.1080.1080a/s480x480/166828319_2775772172736232_6033800205430530772_n.jpg?tp=1&_nc_ht=scontent-hel3-1.cdninstagram.com&_nc_cat=104&_nc_ohc=8cCMzU0YWmwAX_9MjdK&ccb=7-4&oh=cf5e2142a67a7e9a1b626e47f7e88482&oe=608C9982&_nc_sid=4efc9f&ig_cache_key=MjU0MDgxMzgyNDY1NjAxODgyOQ%3D%3D.2.c-ccb7-4', 'https://scontent-hel3-1.cdninstagram.com/v/t51.2885-15/sh0.08/e35/c0.135.1080.1080a/s640x640/166828319_2775772172736232_6033800205430530772_n.jpg?tp=1&_nc_ht=scontent-hel3-1.cdninstagram.com&_nc_cat=104&_nc_ohc=8cCMzU0YWmwAX_9MjdK&ccb=7-4&oh=7e7706782825301636ea1b81768dd8a7&oe=608EA971&_nc_sid=4efc9f&ig_cache_key=MjU0MDgxMzgyNDY1NjAxODgyOQ%3D%3D.2.c-ccb7-4']"
"['https://scontent-hel3-1.cdninstagram.com/v/t51.2885-15/e35/s150x150/166391633_4188413921210393_7472586417397780995_n.jpg?tp=1&_nc_ht=scontent-hel3-1.cdninstagram.com&_nc_cat=105&_nc_ohc=--ivwUcpEPAAX_aD47l&ccb=7-4&oh=1226c00b2d5bc2145800dddbcb8fb628&oe=60655259&_nc_sid=4efc9f', 'https://scontent-hel3-1.cdninstagram.com/v/t51.2885-15/e35/s240x240/166391633_4188413921210393_7472586417397780995_n.jpg?tp=1&_nc_ht=scontent-hel3-1.cdninstagram.com&_nc_cat=105&_nc_ohc=--ivwUcpEPAAX_aD47l&ccb=7-4&oh=f3047b49a5700857f5eb9c3789ee6cb1&oe=60658191&_nc_sid=4efc9f', 'https://scontent-hel3-1.cdninstagram.com/v/t51.2885-15/e35/s320x320/166391633_4188413921210393_7472586417397780995_n.jpg?tp=1&_nc_ht=scontent-hel3-1.cdninstagram.com&_nc_cat=105&_nc_ohc=--ivwUcpEPAAX_aD47l&ccb=7-4&oh=c52291014734ea5ddc0dfac99348821f&oe=60654890&_nc_sid=4efc9f', 'https://scontent-hel3-1.cdninstagram.com/v/t51.2885-15/e35/s480x480/166391633_4188413921210393_7472586417397780995_n.jpg?tp=1&_nc_ht=scontent-hel3-1.cdninstagram.com&_nc_cat=105&_nc_ohc=--ivwUcpEPAAX_aD47l&ccb=7-4&oh=bf9869095e6a881fac9c15553e39fe63&oe=60659D0E&_nc_sid=4efc9f', 'https://scontent-hel3-1.cdninstagram.com/v/t51.2885-15/sh0.08/e35/s640x640/166391633_4188413921210393_7472586417397780995_n.jpg?tp=1&_nc_ht=scontent-hel3-1.cdninstagram.com&_nc_cat=105&_nc_ohc=--ivwUcpEPAAX_aD47l&ccb=7-4&oh=9680d78914a234adf111a6ec120f6c24&oe=60656A6E&_nc_sid=4efc9f']"
"['https://scontent-hel3-1.cdninstagram.com/v/t51.2885-15/e35/c0.90.720.720a/s150x150/166062762_500117284345494_8217587334835306472_n.jpg?tp=1&_nc_ht=scontent-hel3-1.cdninstagram.com&_nc_cat=106&_nc_ohc=mAr0ekDoREEAX-zesZ7&ccb=7-4&oh=92cc9e6a3b2f6e258f6e0e983b48ca35&oe=60659CC2&_nc_sid=4efc9f', 'https://scontent-hel3-1.cdninstagram.com/v/t51.2885-15/e35/c0.90.720.720a/s240x240/166062762_500117284345494_8217587334835306472_n.jpg?tp=1&_nc_ht=scontent-hel3-1.cdninstagram.com&_nc_cat=106&_nc_ohc=mAr0ekDoREEAX-zesZ7&ccb=7-4&oh=4c1613223f558418c1488872eaa39333&oe=6065C2C8&_nc_sid=4efc9f', 'https://scontent-hel3-1.cdninstagram.com/v/t51.2885-15/e35/c0.90.720.720a/s320x320/166062762_500117284345494_8217587334835306472_n.jpg?tp=1&_nc_ht=scontent-hel3-1.cdninstagram.com&_nc_cat=106&_nc_ohc=mAr0ekDoREEAX-zesZ7&ccb=7-4&oh=641873f1d38e9979dd052df1bc4c9c71&oe=6065953A&_nc_sid=4efc9f', 'https://scontent-hel3-1.cdninstagram.com/v/t51.2885-15/e35/c0.90.720.720a/s480x480/166062762_500117284345494_8217587334835306472_n.jpg?tp=1&_nc_ht=scontent-hel3-1.cdninstagram.com&_nc_cat=106&_nc_ohc=mAr0ekDoREEAX-zesZ7&ccb=7-4&oh=bca30e19f96ed504987a9db5f57c449e&oe=60655DFF&_nc_sid=4efc9f', 'https://scontent-hel3-1.cdninstagram.com/v/t51.2885-15/sh0.08/e35/c0.90.720.720a/s640x640/166062762_500117284345494_8217587334835306472_n.jpg?tp=1&_nc_ht=scontent-hel3-1.cdninstagram.com&_nc_cat=106&_nc_ohc=mAr0ekDoREEAX-zesZ7&ccb=7-4&oh=2bcc6dcad6aa8864cf61990c46199245&oe=606542B6&_nc_sid=4efc9f']"
"['https://scontent-hel3-1.cdninstagram.com/v/t51.2885-15/e35/c0.177.1420.1420a/s150x150/166769815_159016029417269_2513444876627881706_n.jpg?tp=1&_nc_ht=scontent-hel3-1.cdninstagram.com&_nc_cat=105&_nc_ohc=X_i1-nN-3NkAX_cSJjA&ccb=7-4&oh=2f465d99e40eb705f8c2159e3b0875bb&oe=608C627D&_nc_sid=4efc9f&ig_cache_key=MjU0MDc5NDg1Nzc4NjYxNDU2OA%3D%3D.2.c-ccb7-4', 'https://scontent-hel3-1.cdninstagram.com/v/t51.2885-15/e35/c0.177.1420.1420a/s240x240/166769815_159016029417269_2513444876627881706_n.jpg?tp=1&_nc_ht=scontent-hel3-1.cdninstagram.com&_nc_cat=105&_nc_ohc=X_i1-nN-3NkAX_cSJjA&ccb=7-4&oh=56e72e6af5c81a47677ff0b062590566&oe=608CB1FB&_nc_sid=4efc9f&ig_cache_key=MjU0MDc5NDg1Nzc4NjYxNDU2OA%3D%3D.2.c-ccb7-4', 'https://scontent-hel3-1.cdninstagram.com/v/t51.2885-15/e35/c0.177.1420.1420a/s320x320/166769815_159016029417269_2513444876627881706_n.jpg?tp=1&_nc_ht=scontent-hel3-1.cdninstagram.com&_nc_cat=105&_nc_ohc=X_i1-nN-3NkAX_cSJjA&ccb=7-4&oh=ce6e243b7fcbc2f758b7bb7c21377a21&oe=608DDD05&_nc_sid=4efc9f&ig_cache_key=MjU0MDc5NDg1Nzc4NjYxNDU2OA%3D%3D.2.c-ccb7-4', 'https://scontent-hel3-1.cdninstagram.com/v/t51.2885-15/e35/c0.177.1420.1420a/s480x480/166769815_159016029417269_2513444876627881706_n.jpg?tp=1&_nc_ht=scontent-hel3-1.cdninstagram.com&_nc_cat=105&_nc_ohc=X_i1-nN-3NkAX_cSJjA&ccb=7-4&oh=d25a0ebc671bdfec4d32baf14f0a0cff&oe=608AC144&_nc_sid=4efc9f&ig_cache_key=MjU0MDc5NDg1Nzc4NjYxNDU2OA%3D%3D.2.c-ccb7-4', 'https://scontent-hel3-1.cdninstagram.com/v/t51.2885-15/sh0.08/e35/c0.177.1420.1420a/s640x640/166769815_159016029417269_2513444876627881706_n.jpg?tp=1&_nc_ht=scontent-hel3-1.cdninstagram.com&_nc_cat=105&_nc_ohc=X_i1-nN-3NkAX_cSJjA&ccb=7-4&oh=9928d5ff18bade22c12aeaccd9e1fa78&oe=608DCD4D&_nc_sid=4efc9f&ig_cache_key=MjU0MDc5NDg1Nzc4NjYxNDU2OA%3D%3D.2.c-ccb7-4']"
"['https://scontent-hel3-1.cdninstagram.com/v/t51.2885-15/e35/c173.0.1082.1082a/s150x150/166612105_1451525061863728_2778139788875513803_n.jpg?tp=1&_nc_ht=scontent-hel3-1.cdninstagram.com&_nc_cat=104&_nc_ohc=6lRDZNfLXZQAX_-Qbml&ccb=7-4&oh=698bbc44812b6ab99ba17c54105e6683&oe=608B33CA&_nc_sid=4efc9f&ig_cache_key=MjU0MDc5MDYyMjg4NDA3MzgyMQ%3D%3D.2.c-ccb7-4', 'https://scontent-hel3-1.cdninstagram.com/v/t51.2885-15/e35/c173.0.1082.1082a/s240x240/166612105_1451525061863728_2778139788875513803_n.jpg?tp=1&_nc_ht=scontent-hel3-1.cdninstagram.com&_nc_cat=104&_nc_ohc=6lRDZNfLXZQAX_-Qbml&ccb=7-4&oh=079daa5d296476a22d8dda88cf6cebb7&oe=608D3B82&_nc_sid=4efc9f&ig_cache_key=MjU0MDc5MDYyMjg4NDA3MzgyMQ%3D%3D.2.c-ccb7-4', 'https://scontent-hel3-1.cdninstagram.com/v/t51.2885-15/e35/c173.0.1082.1082a/s320x320/166612105_1451525061863728_2778139788875513803_n.jpg?tp=1&_nc_ht=scontent-hel3-1.cdninstagram.com&_nc_cat=104&_nc_ohc=6lRDZNfLXZQAX_-Qbml&ccb=7-4&oh=74dd2096445d600bc62803db97ea1c5d&oe=608C4DDF&_nc_sid=4efc9f&ig_cache_key=MjU0MDc5MDYyMjg4NDA3MzgyMQ%3D%3D.2.c-ccb7-4', 'https://scontent-hel3-1.cdninstagram.com/v/t51.2885-15/e35/c173.0.1082.1082a/s480x480/166612105_1451525061863728_2778139788875513803_n.jpg?tp=1&_nc_ht=scontent-hel3-1.cdninstagram.com&_nc_cat=104&_nc_ohc=6lRDZNfLXZQAX_-Qbml&ccb=7-4&oh=106b76ae73a318b7ad62f424ee728a68&oe=608E749D&_nc_sid=4efc9f&ig_cache_key=MjU0MDc5MDYyMjg4NDA3MzgyMQ%3D%3D.2.c-ccb7-4', 'https://scontent-hel3-1.cdninstagram.com/v/t51.2885-15/sh0.08/e35/c173.0.1082.1082a/s640x640/166612105_1451525061863728_2778139788875513803_n.jpg?tp=1&_nc_ht=scontent-hel3-1.cdninstagram.com&_nc_cat=104&_nc_ohc=6lRDZNfLXZQAX_-Qbml&ccb=7-4&oh=e34d327c58fda69eb86b60de13653723&oe=608C9DA7&_nc_sid=4efc9f&ig_cache_key=MjU0MDc5MDYyMjg4NDA3MzgyMQ%3D%3D.2.c-ccb7-4']"
"['https://scontent-hel3-1.cdninstagram.com/v/t51.2885-15/e35/c0.135.1080.1080a/s150x150/166197462_892666264909408_4498888003813789339_n.jpg?tp=1&_nc_ht=scontent-hel3-1.cdninstagram.com&_nc_cat=104&_nc_ohc=hnKFk3beCYUAX9JHo7-&ccb=7-4&oh=1bc6aaf706dd30fc0f0a994daa70a246&oe=608D92BF&_nc_sid=4efc9f&ig_cache_key=MjU0MDc4OTE5OTAxMDI0Njg3Mw%3D%3D.2.c-ccb7-4', 'https://scontent-hel3-1.cdninstagram.com/v/t51.2885-15/e35/c0.135.1080.1080a/s240x240/166197462_892666264909408_4498888003813789339_n.jpg?tp=1&_nc_ht=scontent-hel3-1.cdninstagram.com&_nc_cat=104&_nc_ohc=hnKFk3beCYUAX9JHo7-&ccb=7-4&oh=357f861f033e9506afe809ca493ec97f&oe=608C3039&_nc_sid=4efc9f&ig_cache_key=MjU0MDc4OTE5OTAxMDI0Njg3Mw%3D%3D.2.c-ccb7-4', 'https://scontent-hel3-1.cdninstagram.com/v/t51.2885-15/e35/c0.135.1080.1080a/s320x320/166197462_892666264909408_4498888003813789339_n.jpg?tp=1&_nc_ht=scontent-hel3-1.cdninstagram.com&_nc_cat=104&_nc_ohc=hnKFk3beCYUAX9JHo7-&ccb=7-4&oh=bd274ffab3c3421a8976d0516ef81893&oe=608DF647&_nc_sid=4efc9f&ig_cache_key=MjU0MDc4OTE5OTAxMDI0Njg3Mw%3D%3D.2.c-ccb7-4', 'https://scontent-hel3-1.cdninstagram.com/v/t51.2885-15/e35/c0.135.1080.1080a/s480x480/166197462_892666264909408_4498888003813789339_n.jpg?tp=1&_nc_ht=scontent-hel3-1.cdninstagram.com&_nc_cat=104&_nc_ohc=hnKFk3beCYUAX9JHo7-&ccb=7-4&oh=d7d38624eca0708212bd0e3875c808aa&oe=608B4882&_nc_sid=4efc9f&ig_cache_key=MjU0MDc4OTE5OTAxMDI0Njg3Mw%3D%3D.2.c-ccb7-4', 'https://scontent-hel3-1.cdninstagram.com/v/t51.2885-15/sh0.08/e35/c0.135.1080.1080a/s640x640/166197462_892666264909408_4498888003813789339_n.jpg?tp=1&_nc_ht=scontent-hel3-1.cdninstagram.com&_nc_cat=104&_nc_ohc=hnKFk3beCYUAX9JHo7-&ccb=7-4&oh=84544029b0a9db7e561a72473b2c9235&oe=608C050F&_nc_sid=4efc9f&ig_cache_key=MjU0MDc4OTE5OTAxMDI0Njg3Mw%3D%3D.2.c-ccb7-4']"
"['https://scontent-hel3-1.cdninstagram.com/v/t51.2885-15/e35/c0.135.1080.1080a/s150x150/166372098_475278800328238_6057135619994966906_n.jpg?tp=1&_nc_ht=scontent-hel3-1.cdninstagram.com&_nc_cat=110&_nc_ohc=XizAKPZOCC8AX9q0rH7&ccb=7-4&oh=4fb29b8455a514174d45936a9fc6001e&oe=608BDDFE&_nc_sid=4efc9f&ig_cache_key=MjU0MDc3NjU3MTIxNzUyNzA1Mg%3D%3D.2.c-ccb7-4', 'https://scontent-hel3-1.cdninstagram.com/v/t51.2885-15/e35/c0.135.1080.1080a/s240x240/166372098_475278800328238_6057135619994966906_n.jpg?tp=1&_nc_ht=scontent-hel3-1.cdninstagram.com&_nc_cat=110&_nc_ohc=XizAKPZOCC8AX9q0rH7&ccb=7-4&oh=81c89bf0425062bbe51bc6b2d2715e22&oe=608C2DFC&_nc_sid=4efc9f&ig_cache_key=MjU0MDc3NjU3MTIxNzUyNzA1Mg%3D%3D.2.c-ccb7-4', 'https://scontent-hel3-1.cdninstagram.com/v/t51.2885-15/e35/c0.135.1080.1080a/s320x320/166372098_475278800328238_6057135619994966906_n.jpg?tp=1&_nc_ht=scontent-hel3-1.cdninstagram.com&_nc_cat=110&_nc_ohc=XizAKPZOCC8AX9q0rH7&ccb=7-4&oh=a15b52102a4baf023177cce20c06a821&oe=608AF386&_nc_sid=4efc9f&ig_cache_key=MjU0MDc3NjU3MTIxNzUyNzA1Mg%3D%3D.2.c-ccb7-4', 'https://scontent-hel3-1.cdninstagram.com/v/t51.2885-15/e35/c0.135.1080.1080a/s480x480/166372098_475278800328238_6057135619994966906_n.jpg?tp=1&_nc_ht=scontent-hel3-1.cdninstagram.com&_nc_cat=110&_nc_ohc=XizAKPZOCC8AX9q0rH7&ccb=7-4&oh=2c03cf473baf896b417bb665c132372c&oe=608BBAC3&_nc_sid=4efc9f&ig_cache_key=MjU0MDc3NjU3MTIxNzUyNzA1Mg%3D%3D.2.c-ccb7-4', 'https://scontent-hel3-1.cdninstagram.com/v/t51.2885-15/sh0.08/e35/c0.135.1080.1080a/s640x640/166372098_475278800328238_6057135619994966906_n.jpg?tp=1&_nc_ht=scontent-hel3-1.cdninstagram.com&_nc_cat=110&_nc_ohc=XizAKPZOCC8AX9q0rH7&ccb=7-4&oh=4b4415de9881a57792c83ea315b5664c&oe=608C4A4E&_nc_sid=4efc9f&ig_cache_key=MjU0MDc3NjU3MTIxNzUyNzA1Mg%3D%3D.2.c-ccb7-4']"
