Heshtag,creativemakeuplooks
https://scontent-hel3-1.cdninstagram.com/v/t51.2885-15/e35/s1080x1080/134492333_681983465804707_5813041649933470301_n.jpg?_nc_ht=scontent-hel3-1.cdninstagram.com&_nc_cat=107&_nc_ohc=AOR_jJapPXkAX80V4zA&tp=1&oh=608ad88391d2c21eaa70932596232b7e&oe=601A2E72&ig_cache_key=MjQ3Nzc5MDQ3OTcyNzc1Mzc2Mw%3D%3D.2
https://scontent-hel3-1.cdninstagram.com/v/t51.2885-15/e35/s1080x1080/134751422_143105030951476_3874809767265684623_n.jpg?_nc_ht=scontent-hel3-1.cdninstagram.com&_nc_cat=104&_nc_ohc=QPskCcSAFFwAX_DlZMw&tp=1&oh=592d0a22d560a214281b1a22d5abd10a&oe=6019D736&ig_cache_key=MjQ3Nzc4ODA0MDQ4MjEyOTIzOA%3D%3D.2
https://scontent-hel3-1.cdninstagram.com/v/t51.2885-15/e35/s1080x1080/135242936_311672736866784_2505920796733669419_n.jpg?_nc_ht=scontent-hel3-1.cdninstagram.com&_nc_cat=100&_nc_ohc=BBYYhKN09YwAX9sreQp&tp=1&oh=0b951430711df9f39557623aa2156e4e&oe=601A9971&ig_cache_key=MjQ3Nzc4NTk3MjUxNDk3NzI5Nw%3D%3D.2
https://scontent-hel3-1.cdninstagram.com/v/t51.2885-15/e35/p1080x1080/135123009_1653519011521383_5894487094812859083_n.jpg?_nc_ht=scontent-hel3-1.cdninstagram.com&_nc_cat=103&_nc_ohc=Av4MAkPV5dcAX9L9pTH&tp=1&oh=1b44ffe4dd8d37c59b72ff960403ec2f&oe=601B8ADE&ig_cache_key=MjQ3Nzc3NDY3MDY1Nzg2MTEwNw%3D%3D.2
https://scontent-hel3-1.cdninstagram.com/v/t51.2885-15/e35/135270806_186562136532158_7565239211538908681_n.jpg?_nc_ht=scontent-hel3-1.cdninstagram.com&_nc_cat=102&_nc_ohc=So5PdY-ldzEAX90FEgA&se=7&tp=1&oh=3a8e8a1eb89652ef9ff70e196c61e6bd&oe=6018620D&ig_cache_key=MjQ3Nzc2NDgwMzM2NDcyNzc5NQ%3D%3D.2
https://scontent-hel3-1.cdninstagram.com/v/t51.2885-15/e35/p1080x1080/134725765_103504551600623_3788138215077819098_n.jpg?_nc_ht=scontent-hel3-1.cdninstagram.com&_nc_cat=111&_nc_ohc=8TleQr0RJ7gAX_nRTv-&tp=1&oh=27d28f9bf913df46e135620388552657&oe=6019CD2F&ig_cache_key=MjQ3Nzc1MTc0ODI2MDA0ODc5MA%3D%3D.2
https://scontent-hel3-1.cdninstagram.com/v/t51.2885-15/e35/135150187_1883711835120109_8659302220940267842_n.jpg?_nc_ht=scontent-hel3-1.cdninstagram.com&_nc_cat=101&_nc_ohc=K7XSXnZPZpwAX8Nizkw&se=7&tp=1&oh=54adbb241b991257e4e5514d4e3e5553&oe=601A90D9&ig_cache_key=MjQ3Nzc1MTM0MzU0Mjc4MTY4OA%3D%3D.2
https://scontent-hel3-1.cdninstagram.com/v/t51.2885-15/e35/s1080x1080/134584009_486846945636069_8814065127011576830_n.jpg?_nc_ht=scontent-hel3-1.cdninstagram.com&_nc_cat=109&_nc_ohc=WacoAvnVdXIAX97taIz&tp=1&oh=c67d6c95b7ccd303bdeeb17cf16f2cf7&oe=60196135&ig_cache_key=MjQ3Nzc0OTM2MDEwNjg0MjM5Nw%3D%3D.2
https://scontent-hel3-1.cdninstagram.com/v/t51.2885-15/e35/p1080x1080/134524203_151404393414522_3220575691151252719_n.jpg?_nc_ht=scontent-hel3-1.cdninstagram.com&_nc_cat=106&_nc_ohc=05VrUp0uVcAAX8SmVIn&tp=1&oh=a174134ecf353911e9551774fb7700f5&oe=601B3CC2&ig_cache_key=MjQ3Nzc0NTY3MTI4NDAxNjcyMg%3D%3D.2
https://scontent-hel3-1.cdninstagram.com/v/t51.2885-15/e35/135132653_995914357829071_168148551391210849_n.jpg?_nc_ht=scontent-hel3-1.cdninstagram.com&_nc_cat=107&_nc_ohc=TmnI4BuhVawAX8rB91V&se=7&tp=1&oh=18a85fdd70620b6938674c110f848a91&oe=601A06EB&ig_cache_key=MjQ3NzczNDA5NzUxMDgwODg5Ng%3D%3D.2
