Heshtag,cutcreaselook
https://scontent-hel3-1.cdninstagram.com/v/t51.2885-15/e15/134998866_3645448835543115_5906810369722575780_n.jpg?_nc_ht=scontent-hel3-1.cdninstagram.com&_nc_cat=103&_nc_ohc=m57GOMXO0QoAX_k9Cxq&tp=1&oh=1e30dbde328b2002b147906041882934&oe=601828E1&ig_cache_key=MjQ3Nzc4OTM1NDAzNzc0Njg3NA%3D%3D.2
https://scontent-hel3-1.cdninstagram.com/v/t51.2885-15/e35/135142032_4914000615307935_4847349682938827688_n.jpg?_nc_ht=scontent-hel3-1.cdninstagram.com&_nc_cat=103&_nc_ohc=VT59F-26scgAX_mELxn&tp=1&oh=e858402f4a0bcfab6e545335cb680861&oe=5FF2C00D
https://scontent-hel3-1.cdninstagram.com/v/t51.2885-15/e35/s1080x1080/134451084_403775777610853_2404340260424843544_n.jpg?_nc_ht=scontent-hel3-1.cdninstagram.com&_nc_cat=101&_nc_ohc=hotHSh2GMwoAX8GZnFU&tp=1&oh=da4ab8776b7b5f98833012bea79ddcee&oe=601AF0BE&ig_cache_key=MjQ3Nzc3NjU1ODYxNjg1Mjg2Ng%3D%3D.2
https://scontent-hel3-1.cdninstagram.com/v/t51.2885-15/e35/s1080x1080/134751701_410900603300269_1666805991196268120_n.jpg?_nc_ht=scontent-hel3-1.cdninstagram.com&_nc_cat=101&_nc_ohc=VlnzrtWWWNcAX_bzkoY&tp=1&oh=3cc603227955280422f75e6b5b55977f&oe=601AF70C&ig_cache_key=MjQ3Nzc3NDk1MDE1MjMwOTU4OQ%3D%3D.2
https://scontent-hel3-1.cdninstagram.com/v/t51.2885-15/e35/134434575_2963217677334882_2297165116939249046_n.jpg?_nc_ht=scontent-hel3-1.cdninstagram.com&_nc_cat=106&_nc_ohc=mS3wXpsI_JQAX--18jn&tp=1&oh=8df0daf61c95cdafe79f49a53d96c968&oe=601A1674&ig_cache_key=MjQ3Nzc3MzM2ODg2NDMyMzcyNA%3D%3D.2
https://scontent-hel3-1.cdninstagram.com/v/t51.2885-15/e35/134561928_219295633033813_8385414879128472249_n.jpg?_nc_ht=scontent-hel3-1.cdninstagram.com&_nc_cat=101&_nc_ohc=gA5aMWdMBdMAX9_F5eV&tp=1&oh=10c92f594c95a5df9fb4ebc53584e6c4&oe=5FF2FBD3
https://scontent-hel3-1.cdninstagram.com/v/t51.2885-15/e35/s1080x1080/135574836_218029719902250_4331199435815053029_n.jpg?_nc_ht=scontent-hel3-1.cdninstagram.com&_nc_cat=106&_nc_ohc=q2IknCWNVCoAX9ZdJqX&tp=1&oh=db3dacabd4deba6aedb3e1b6a99675f6&oe=601903DC&ig_cache_key=MjQ3Nzc3MDE5MDQxMTM3ODgzOQ%3D%3D.2
https://scontent-hel3-1.cdninstagram.com/v/t51.2885-15/e35/p1080x1080/134555238_517088772562336_3991561656691764041_n.jpg?_nc_ht=scontent-hel3-1.cdninstagram.com&_nc_cat=104&_nc_ohc=Mk0YKN15wHUAX-Ip54Q&tp=1&oh=61286b03495aa6c0613e3a9ca7a33fe5&oe=601B6665&ig_cache_key=MjQ3Nzc2ODk1MDQ1OTIzMzgzMw%3D%3D.2
https://scontent-hel3-1.cdninstagram.com/v/t51.2885-15/e35/134972688_2805701383041134_3038641238779331609_n.jpg?_nc_ht=scontent-hel3-1.cdninstagram.com&_nc_cat=102&_nc_ohc=JYvhOEUBR1gAX9AzrMe&tp=1&oh=29100dfbfce7b3a554111ad78630a44c&oe=5FF299C0
https://scontent-hel3-1.cdninstagram.com/v/t51.2885-15/e35/p1080x1080/134252657_400389347858084_9118153337972780677_n.jpg?_nc_ht=scontent-hel3-1.cdninstagram.com&_nc_cat=108&_nc_ohc=TicfLTw1ScoAX9NZQGu&tp=1&oh=8d8fd4893bb0454882ef0442e6cfbd4f&oe=601B3927&ig_cache_key=MjQ3Nzc2MTE0ODM5MDU1OTIwMQ%3D%3D.2
