Heshtag,editoriallook
https://scontent-hel3-1.cdninstagram.com/v/t51.2885-15/e35/134724685_438141034262131_7299689023520784537_n.jpg?_nc_ht=scontent-hel3-1.cdninstagram.com&_nc_cat=107&_nc_ohc=8wjSYWwYRzEAX851uSK&se=7&tp=1&oh=a0ba757bb33a55bf318ab866eb1bf40c&oe=601BC46E&ig_cache_key=MjQ3Nzc4NDg0NzAzMTMyNzM1NA%3D%3D.2
https://scontent-hel3-1.cdninstagram.com/v/t51.2885-15/e35/134823528_133946915112448_7382108076754115718_n.jpg?_nc_ht=scontent-hel3-1.cdninstagram.com&_nc_cat=104&_nc_ohc=ySdn1AauOSAAX82Mh_I&tp=1&oh=7bea3582fdcdc762898287d70d837ad0&oe=5FF2B068
https://scontent-hel3-1.cdninstagram.com/v/t51.2885-15/e35/134498480_762970547907474_7410377235687357301_n.jpg?_nc_ht=scontent-hel3-1.cdninstagram.com&_nc_cat=106&_nc_ohc=cq-UVqwOc4sAX8VUaLW&se=7&tp=1&oh=187697952c7e3d0b3df688ea10b8a46f&oe=601B3F5C&ig_cache_key=MjQ3Nzc3MzYwNDY2MTY4MjUwNw%3D%3D.2
https://scontent-hel3-1.cdninstagram.com/v/t51.2885-15/e35/134709002_201612984954428_777311962871963510_n.jpg?_nc_ht=scontent-hel3-1.cdninstagram.com&_nc_cat=108&_nc_ohc=DMmdjYMzu34AX8ql98R&se=7&tp=1&oh=a03d61cfe8bfd9b95f48cf4eafb7f516&oe=60182221&ig_cache_key=MjQ3Nzc3Mjc3OTQ2MzYyOTM2MA%3D%3D.2
https://scontent-hel3-1.cdninstagram.com/v/t51.2885-15/e35/p1080x1080/135325938_1278651745853429_1821701995316099508_n.jpg?_nc_ht=scontent-hel3-1.cdninstagram.com&_nc_cat=105&_nc_ohc=7iqxtmAoYxMAX8-1Hr4&tp=1&oh=8e30d15bfc64624ff984f2523ffdbe6a&oe=601AFF57&ig_cache_key=MjQ3Nzc2MzU0MTAzMTM1ODc5Mg%3D%3D.2
https://scontent-hel3-1.cdninstagram.com/v/t51.2885-15/e35/s1080x1080/135150186_1892550917586871_8715854566465941842_n.jpg?_nc_ht=scontent-hel3-1.cdninstagram.com&_nc_cat=107&_nc_ohc=gqXt-pooDygAX-lPyob&tp=1&oh=2eaffb65975adaa90ed6981fb0545c77&oe=601A0EFF&ig_cache_key=MjQ3Nzc2MDI5NDE1NDU2MDY4Ng%3D%3D.2
https://scontent-hel3-1.cdninstagram.com/v/t51.2885-15/e35/133849847_210540567282038_5038504699903350294_n.jpg?_nc_ht=scontent-hel3-1.cdninstagram.com&_nc_cat=102&_nc_ohc=3m8gquXtXHIAX-_JhBC&tp=1&oh=bd0055e3b3ecccfe67d5d11f9ce97453&oe=5FF2C98D
https://scontent-hel3-1.cdninstagram.com/v/t51.2885-15/e35/134222826_152939129676817_6741041097159311653_n.jpg?_nc_ht=scontent-hel3-1.cdninstagram.com&_nc_cat=101&_nc_ohc=PicDk_vgInMAX8r00VX&se=7&tp=1&oh=ccc31a29e253d3d443cab95b068e3731&oe=601AD3C9&ig_cache_key=MjQ3NzcxNDY2NzAxNDE0MjA4NA%3D%3D.2
https://scontent-hel3-1.cdninstagram.com/v/t51.2885-15/e35/134972688_116270790344013_210445604473742090_n.jpg?_nc_ht=scontent-hel3-1.cdninstagram.com&_nc_cat=109&_nc_ohc=od32EQckJSQAX--jYQV&se=7&tp=1&oh=8610a56eb84b57133eddad53499665ba&oe=60192C68&ig_cache_key=MjQ3NzcxMTcwODg1NDE4ODAzNw%3D%3D.2
https://scontent-hel3-1.cdninstagram.com/v/t51.2885-15/e35/s1080x1080/135738534_218614019903056_2951075869660786180_n.jpg?_nc_ht=scontent-hel3-1.cdninstagram.com&_nc_cat=104&_nc_ohc=3MZQbAzgny0AX8JOGXy&tp=1&oh=13e4e12d45386787f3f5168feb8031bc&oe=60198EFF&ig_cache_key=MjQ3NzcwMDMwODg5NDAyMDEyMQ%3D%3D.2
