Heshtag,makeupisart
https://scontent-hel3-1.cdninstagram.com/v/t51.2885-15/e35/135358263_3524846154250328_5931991418562779179_n.jpg?_nc_ht=scontent-hel3-1.cdninstagram.com&_nc_cat=108&_nc_ohc=zRwJNusCK_4AX82G2BS&tp=1&oh=ec9bbc321cc81a4bb050aa2451057ca1&oe=5FF2FBF6
https://scontent-hel3-1.cdninstagram.com/v/t51.2885-15/e35/s1080x1080/135492187_2756159924700622_284348558065029875_n.jpg?_nc_ht=scontent-hel3-1.cdninstagram.com&_nc_cat=110&_nc_ohc=4LKyJxGj9uMAX-b6LvX&tp=1&oh=b532d889fca5e94396410961592014d6&oe=601A1A0D&ig_cache_key=MjQ3Nzc4NTU2NzkxNTU5NDcxMw%3D%3D.2
https://scontent-hel3-1.cdninstagram.com/v/t51.2885-15/e35/135608467_455147252317230_2498541366147368887_n.jpg?_nc_ht=scontent-hel3-1.cdninstagram.com&_nc_cat=106&_nc_ohc=snm0t1ve43sAX-VfzMY&tp=1&oh=d40498930b9abd703a96c4793109dd2e&oe=5FF2EADA
https://scontent-hel3-1.cdninstagram.com/v/t51.2885-15/e35/p1080x1080/134683334_120247426599293_7094819547119813841_n.jpg?_nc_ht=scontent-hel3-1.cdninstagram.com&_nc_cat=105&_nc_ohc=EnUrn85HkEQAX_P5tEJ&tp=1&oh=55a35afcddf3b1aea4bf75b530ed9afa&oe=601A3933&ig_cache_key=MjQ3Nzc4MTc0OTczMTY4Mzc4NA%3D%3D.2
https://scontent-hel3-1.cdninstagram.com/v/t51.2885-15/e35/p1080x1080/134726928_182453826937066_5086556821664896454_n.jpg?_nc_ht=scontent-hel3-1.cdninstagram.com&_nc_cat=110&_nc_ohc=G_E3hHgac78AX_KZHCQ&tp=1&oh=a969a53db320f8e5b3d6c1373151b9cc&oe=601B67EA&ig_cache_key=MjQ3Nzc3ODY4NzczMDI1OTg0NQ%3D%3D.2
https://scontent-hel3-1.cdninstagram.com/v/t51.2885-15/e35/134540673_211881427262671_8643808002038243916_n.jpg?_nc_ht=scontent-hel3-1.cdninstagram.com&_nc_cat=107&_nc_ohc=dvYDbbFYKmgAX8GcvDH&se=7&tp=1&oh=70bebff88ca5eb9fad75b503182ced23&oe=601A06B9&ig_cache_key=MjQ3Nzc3NzMxNDc2NDM5Mzg0Mw%3D%3D.2
https://scontent-hel3-1.cdninstagram.com/v/t51.2885-15/e35/135351692_111140444213037_4435255006780736717_n.jpg?_nc_ht=scontent-hel3-1.cdninstagram.com&_nc_cat=109&_nc_ohc=gttT_5_cc-wAX_jpvhf&tp=1&oh=36f070fd7927aa363bd5bd07495d1caa&oe=5FF29FB0
https://scontent-hel3-1.cdninstagram.com/v/t51.2885-15/e35/134550388_423191215492732_1300464747505820392_n.jpg?_nc_ht=scontent-hel3-1.cdninstagram.com&_nc_cat=104&_nc_ohc=Pl3eYODU1LYAX8Xcd8L&se=8&tp=1&oh=5b50a4f5c9f5a920e8424aa2a952f95f&oe=60194A05&ig_cache_key=MjQ3Nzc3MzczMjExODA2ODUzNw%3D%3D.2
https://scontent-hel3-1.cdninstagram.com/v/t51.2885-15/e35/135359172_179610663907390_6502728912150872063_n.jpg?_nc_ht=scontent-hel3-1.cdninstagram.com&_nc_cat=110&_nc_ohc=_gvf8KpXUyoAX8YXsQs&se=7&tp=1&oh=4f274ce47629cae61b41b57164421d4c&oe=60199C9C&ig_cache_key=MjQ3Nzc3MjgzMDQwNzQyNDg3MA%3D%3D.2
https://scontent-hel3-1.cdninstagram.com/v/t51.2885-15/e35/p1080x1080/135110221_2815236318716960_6768000729533193575_n.jpg?_nc_ht=scontent-hel3-1.cdninstagram.com&_nc_cat=108&_nc_ohc=fQttBl1IttcAX9O_nc5&tp=1&oh=23f5bb5917fc2bf34a23fe5815c139fd&oe=6019964A&ig_cache_key=MjQ3Nzc3MjI4MDUxOTA1NTU5OA%3D%3D.2
