Heshtag,makeupcoyote
https://scontent-hel3-1.cdninstagram.com/v/t51.2885-15/e35/135350387_723732178526481_7620427796578662652_n.jpg?_nc_ht=scontent-hel3-1.cdninstagram.com&_nc_cat=109&_nc_ohc=pG39d_IaSLwAX_LX8oi&se=7&tp=1&oh=eac705142e1c15551c76d3913ee5d2f9&oe=601906F7&ig_cache_key=MjQ3Nzc2MzExMTMwMDM2NTAwNg%3D%3D.2
https://scontent-hel3-1.cdninstagram.com/v/t51.2885-15/e35/p1080x1080/134378277_496439627993625_6348023196742426574_n.jpg?_nc_ht=scontent-hel3-1.cdninstagram.com&_nc_cat=109&_nc_ohc=JgJiW7U-CRwAX_aW-33&tp=1&oh=7ec5816e16b1d096adc9012faf00e315&oe=60196B7A&ig_cache_key=MjQ3Nzc2MjkxNTM5MDk5MjYyMw%3D%3D.2
https://scontent-hel3-1.cdninstagram.com/v/t51.2885-15/e35/135428626_1832741910212975_8746918695165747666_n.jpg?_nc_ht=scontent-hel3-1.cdninstagram.com&_nc_cat=111&_nc_ohc=M51h8s0dsj0AX_Jc-fH&se=7&tp=1&oh=e9c7a0cafcd696412aec354c9e46525d&oe=60191B4E&ig_cache_key=MjQ3NzcwMjgyNTEzMjYzMDE5NA%3D%3D.2
https://scontent-hel3-1.cdninstagram.com/v/t51.2885-15/e35/s1080x1080/133570809_798150717724101_2465547295925787146_n.jpg?_nc_ht=scontent-hel3-1.cdninstagram.com&_nc_cat=109&_nc_ohc=cSbp130RJyUAX8O9oyo&tp=1&oh=75b1ae026894bac09d914554e77de69c&oe=60182896&ig_cache_key=MjQ3NzY5NTg1NjA3ODczOTU1OQ%3D%3D.2
https://scontent-hel3-1.cdninstagram.com/v/t51.2885-15/e35/p1080x1080/135416840_1497223914001815_8481355197894994353_n.jpg?_nc_ht=scontent-hel3-1.cdninstagram.com&_nc_cat=103&_nc_ohc=rRrQZkm8ZY8AX8EGFrd&tp=1&oh=ec498995d055418c7be28cade29f1177&oe=601B2B6C&ig_cache_key=MjQ3NzY2NDQwNDcyMzcwMDYwMg%3D%3D.2
https://scontent-hel3-1.cdninstagram.com/v/t51.2885-15/e35/135793104_848739945965118_6900656994294640234_n.jpg?_nc_ht=scontent-hel3-1.cdninstagram.com&_nc_cat=106&_nc_ohc=mz0KbBvQyE0AX_KGmZr&se=7&tp=1&oh=c853cba1a406f5ac5751995278f92aee&oe=601A9860&ig_cache_key=MjQ3NzY2MTQ1NjY4MDM3MzQ2Mg%3D%3D.2
https://scontent-hel3-1.cdninstagram.com/v/t51.2885-15/e35/p1080x1080/133920070_143555567566068_2878002184299109344_n.jpg?_nc_ht=scontent-hel3-1.cdninstagram.com&_nc_cat=100&_nc_ohc=7BNOwOpfUqUAX8B-xe3&tp=1&oh=92ded23ff7b156a1640335cf6fb3530c&oe=601B7F77&ig_cache_key=MjQ3NzYyMTgzMDc0OTExMTExMg%3D%3D.2
https://scontent-hel3-1.cdninstagram.com/v/t51.2885-15/e35/s1080x1080/135007325_388140352483122_7149566425021068828_n.jpg?_nc_ht=scontent-hel3-1.cdninstagram.com&_nc_cat=106&_nc_ohc=8KjLjHPbkFAAX8a1v9l&tp=1&oh=08e0c797379978bceb1e051660c2b7ec&oe=601A9050&ig_cache_key=MjQ3NzYxMzI5MTAzMDQxODQwMA%3D%3D.2
https://scontent-hel3-1.cdninstagram.com/v/t51.2885-15/e35/s1080x1080/134579862_3679907558732092_669812044129394832_n.jpg?_nc_ht=scontent-hel3-1.cdninstagram.com&_nc_cat=104&_nc_ohc=Y2AAnVHbDsgAX9UB70z&tp=1&oh=03d79939f5215b960be4802a7c92c8dc&oe=6018B58E&ig_cache_key=MjQ3NzUwMDU5NzQ2NDQwODQwOQ%3D%3D.2
https://scontent-hel3-1.cdninstagram.com/v/t51.2885-15/e35/p1080x1080/134739641_423407432193550_5147345558372631415_n.jpg?_nc_ht=scontent-hel3-1.cdninstagram.com&_nc_cat=110&_nc_ohc=o34ZRm-jNCoAX-X6oDE&tp=1&oh=aae0faa89da0e2fd7b17f9d719929a49&oe=6019DAD5&ig_cache_key=MjQ3NzQyMDUxNDg4NzA4ODEyNQ%3D%3D.2
