Heshtag,modelmalay
https://scontent-hel3-1.cdninstagram.com/v/t51.2885-15/e35/134724685_438141034262131_7299689023520784537_n.jpg?_nc_ht=scontent-hel3-1.cdninstagram.com&_nc_cat=107&_nc_ohc=8wjSYWwYRzEAX851uSK&se=7&tp=1&oh=a0ba757bb33a55bf318ab866eb1bf40c&oe=601BC46E&ig_cache_key=MjQ3Nzc4NDg0NzAzMTMyNzM1NA%3D%3D.2
https://scontent-hel3-1.cdninstagram.com/v/t51.2885-15/e35/134849194_441706927191349_1253658603559637931_n.jpg?_nc_ht=scontent-hel3-1.cdninstagram.com&_nc_cat=101&_nc_ohc=kptZqwtem2gAX92CWl9&se=7&tp=1&oh=61a2f2191858b9c2aeff23260b43a256&oe=6018133D&ig_cache_key=MjQ3Nzc4NDU1MTM2NTUxMjE4MA%3D%3D.2
https://scontent-hel3-1.cdninstagram.com/v/t51.2885-15/e35/134823528_133946915112448_7382108076754115718_n.jpg?_nc_ht=scontent-hel3-1.cdninstagram.com&_nc_cat=104&_nc_ohc=ySdn1AauOSAAX82Mh_I&tp=1&oh=7bea3582fdcdc762898287d70d837ad0&oe=5FF2B068
https://scontent-hel3-1.cdninstagram.com/v/t51.2885-15/e35/134579862_217885176484651_5418289998236603958_n.jpg?_nc_ht=scontent-hel3-1.cdninstagram.com&_nc_cat=107&_nc_ohc=bMeotl3tfU4AX_5mJji&se=7&tp=1&oh=03dee7d7b9906113a5853f6acb603978&oe=601926CB&ig_cache_key=MjQ3Nzc3NTcyODE3Njc2NzU5Mg%3D%3D.2
https://scontent-hel3-1.cdninstagram.com/v/t51.2885-15/e35/135708376_152335853075573_6809133344383763719_n.jpg?_nc_ht=scontent-hel3-1.cdninstagram.com&_nc_cat=105&_nc_ohc=RuQEQJTlwKgAX_IPGu_&se=7&tp=1&oh=1b27f2b8d93a5649ba9341c678dd5906&oe=6018CF07&ig_cache_key=MjQ3Nzc3NDMwMTM0MDgxOTU2MQ%3D%3D.2
https://scontent-hel3-1.cdninstagram.com/v/t51.2885-15/e35/134709002_201612984954428_777311962871963510_n.jpg?_nc_ht=scontent-hel3-1.cdninstagram.com&_nc_cat=108&_nc_ohc=DMmdjYMzu34AX8ql98R&se=7&tp=1&oh=a03d61cfe8bfd9b95f48cf4eafb7f516&oe=60182221&ig_cache_key=MjQ3Nzc3Mjc3OTQ2MzYyOTM2MA%3D%3D.2
https://scontent-hel3-1.cdninstagram.com/v/t51.2885-15/e35/s1080x1080/135048571_698389460877997_9054259967631802304_n.jpg?_nc_ht=scontent-hel3-1.cdninstagram.com&_nc_cat=101&_nc_ohc=gOT04_oI49UAX-cQxqI&tp=1&oh=d83d8e7bee45857f5d69c18ca093b779&oe=601A4FD9&ig_cache_key=MjQ3Nzc2NTk1OTI5Nzg3MDUxNQ%3D%3D.2
https://scontent-hel3-1.cdninstagram.com/v/t51.2885-15/e35/p1080x1080/135821652_1029747677520871_668335028015511652_n.jpg?_nc_ht=scontent-hel3-1.cdninstagram.com&_nc_cat=107&_nc_ohc=0G5CqshuK7UAX_yipkR&tp=1&oh=31d5293b743aac93f48a0752e1cc4cef&oe=601BA89A&ig_cache_key=MjQ3Nzc1NzA0MTMxMDAwNzY1NA%3D%3D.2
https://scontent-hel3-1.cdninstagram.com/v/t51.2885-15/e35/135416842_138377941303789_2765174109112692329_n.jpg?_nc_ht=scontent-hel3-1.cdninstagram.com&_nc_cat=101&_nc_ohc=K_XZHIYcWkMAX9iFERt&se=7&tp=1&oh=1bf9f3b1ab753461bd9d8ed137823bb0&oe=601A702B&ig_cache_key=MjQ3Nzc1NDUxNDM3ODM5NjQ1NQ%3D%3D.2
https://scontent-hel3-1.cdninstagram.com/v/t51.2885-15/e35/135273531_386171662479806_7389690664485212630_n.jpg?_nc_ht=scontent-hel3-1.cdninstagram.com&_nc_cat=102&_nc_ohc=KpfduUrLRWYAX81HfJ-&se=7&tp=1&oh=bbb16595a2e459b37c8605fef920e51c&oe=601A5E54&ig_cache_key=MjQ3Nzc1MTM2MTg3MTUxNDIwNw%3D%3D.2
