Heshtag,muaawesome
https://scontent-hel3-1.cdninstagram.com/v/t51.2885-15/e35/135609734_238797674480034_8452926501558720767_n.jpg?_nc_ht=scontent-hel3-1.cdninstagram.com&_nc_cat=106&_nc_ohc=Rqx4FtEs1yMAX_PrGX5&se=7&tp=1&oh=13889eed1a3d856ca134a443a66c19da&oe=601A831A&ig_cache_key=MjQ3Nzc4NzE5MzA4MDc1MzMwOQ%3D%3D.2
https://scontent-hel3-1.cdninstagram.com/v/t51.2885-15/e35/135041743_1521188938271741_1470114556751163305_n.jpg?_nc_ht=scontent-hel3-1.cdninstagram.com&_nc_cat=105&_nc_ohc=16EoUVFl2SwAX-50jr3&tp=1&oh=bca03132a9fdb32228ad0ee4899e6a6e&oe=5FF3056B
https://scontent-hel3-1.cdninstagram.com/v/t51.2885-15/e35/s1080x1080/135242936_311672736866784_2505920796733669419_n.jpg?_nc_ht=scontent-hel3-1.cdninstagram.com&_nc_cat=100&_nc_ohc=BBYYhKN09YwAX9sreQp&tp=1&oh=0b951430711df9f39557623aa2156e4e&oe=601A9971&ig_cache_key=MjQ3Nzc4NTk3MjUxNDk3NzI5Nw%3D%3D.2
https://scontent-hel3-1.cdninstagram.com/v/t51.2885-15/e35/135110221_966431400553267_8323623972669095440_n.jpg?_nc_ht=scontent-hel3-1.cdninstagram.com&_nc_cat=107&_nc_ohc=E5EDvQkhH6oAX9zuYAp&se=7&tp=1&oh=6be8ae4a32a9fad6d5b05a1927b3235a&oe=60192909&ig_cache_key=MjQ3Nzc4NTYxNDcyMDg5ODI4Nw%3D%3D.2
https://scontent-hel3-1.cdninstagram.com/v/t51.2885-15/e35/134724685_438141034262131_7299689023520784537_n.jpg?_nc_ht=scontent-hel3-1.cdninstagram.com&_nc_cat=107&_nc_ohc=8wjSYWwYRzEAX851uSK&se=7&tp=1&oh=a0ba757bb33a55bf318ab866eb1bf40c&oe=601BC46E&ig_cache_key=MjQ3Nzc4NDg0NzAzMTMyNzM1NA%3D%3D.2
https://scontent-hel3-1.cdninstagram.com/v/t51.2885-15/e35/135708376_152335853075573_6809133344383763719_n.jpg?_nc_ht=scontent-hel3-1.cdninstagram.com&_nc_cat=105&_nc_ohc=RuQEQJTlwKgAX_IPGu_&se=7&tp=1&oh=1b27f2b8d93a5649ba9341c678dd5906&oe=6018CF07&ig_cache_key=MjQ3Nzc3NDMwMTM0MDgxOTU2MQ%3D%3D.2
https://scontent-hel3-1.cdninstagram.com/v/t51.2885-15/e35/134709002_201612984954428_777311962871963510_n.jpg?_nc_ht=scontent-hel3-1.cdninstagram.com&_nc_cat=108&_nc_ohc=DMmdjYMzu34AX8ql98R&se=7&tp=1&oh=a03d61cfe8bfd9b95f48cf4eafb7f516&oe=60182221&ig_cache_key=MjQ3Nzc3Mjc3OTQ2MzYyOTM2MA%3D%3D.2
https://scontent-hel3-1.cdninstagram.com/v/t51.2885-15/e35/134659094_101685718492434_2989117020693009282_n.jpg?_nc_ht=scontent-hel3-1.cdninstagram.com&_nc_cat=106&_nc_ohc=W4SlCONPzy0AX9O6ahz&se=7&tp=1&oh=ef6d22f4c566fd73a6c8bb6d04da8b17&oe=6019FDE0&ig_cache_key=MjQ3Nzc3MTA4MDMwMDE4ODkxNg%3D%3D.2
https://scontent-hel3-1.cdninstagram.com/v/t51.2885-15/e35/134669026_466579624736523_5132229652419006541_n.jpg?_nc_ht=scontent-hel3-1.cdninstagram.com&_nc_cat=103&_nc_ohc=nlrfO7CuT0gAX8sxpRm&tp=1&oh=8b022d4aa82f742826eecd9ab3a1ed4e&oe=5FF284E3
https://scontent-hel3-1.cdninstagram.com/v/t51.2885-15/e35/135573744_713975666191763_2551497983389408048_n.jpg?_nc_ht=scontent-hel3-1.cdninstagram.com&_nc_cat=111&_nc_ohc=IFqpodBct6gAX8isDbz&tp=1&oh=bc3b900b009d50921a4eb347a8af3b97&oe=5FF2F267
