Heshtag,muauniverse
https://scontent-hel3-1.cdninstagram.com/v/t51.2885-15/e35/135609734_238797674480034_8452926501558720767_n.jpg?_nc_ht=scontent-hel3-1.cdninstagram.com&_nc_cat=106&_nc_ohc=Rqx4FtEs1yMAX_PrGX5&se=7&tp=1&oh=13889eed1a3d856ca134a443a66c19da&oe=601A831A&ig_cache_key=MjQ3Nzc4NzE5MzA4MDc1MzMwOQ%3D%3D.2
https://scontent-hel3-1.cdninstagram.com/v/t51.2885-15/e35/s1080x1080/135223151_886087402217733_121721122915131419_n.jpg?_nc_ht=scontent-hel3-1.cdninstagram.com&_nc_cat=109&_nc_ohc=IXLHBuzpvaYAX9y-RyR&tp=1&oh=267cf50eddff1c871f58a7087ff346e1&oe=60184C18&ig_cache_key=MjQ3Nzc2OTEwMTI3NzYxNjY3NQ%3D%3D.2
https://scontent-hel3-1.cdninstagram.com/v/t51.2885-15/e35/p1080x1080/134803929_434121137932747_5567976169033095514_n.jpg?_nc_ht=scontent-hel3-1.cdninstagram.com&_nc_cat=107&_nc_ohc=lyxKeo0F9SgAX-t-u-v&tp=1&oh=1544df45144739708f3029321a95aad2&oe=6019F625&ig_cache_key=MjQ3Nzc2ODA0NTA1MjA4MjA3MA%3D%3D.2
https://scontent-hel3-1.cdninstagram.com/v/t51.2885-15/e35/135757362_1080676375729905_8620204330010398194_n.jpg?_nc_ht=scontent-hel3-1.cdninstagram.com&_nc_cat=109&_nc_ohc=rnD5nl8vLg0AX8_x1Kz&tp=1&oh=474ced1525f0911499bf616b638fd0a3&oe=5FF2C680
https://scontent-hel3-1.cdninstagram.com/v/t51.2885-15/e35/135036990_3544255392277376_6918290806351965666_n.jpg?_nc_ht=scontent-hel3-1.cdninstagram.com&_nc_cat=108&_nc_ohc=mx7mKQnct5kAX8Tb4yA&tp=1&oh=a5afbaadf0ef94fda0cddd8ef536e7e8&oe=5FF2F3E7
https://scontent-hel3-1.cdninstagram.com/v/t51.2885-15/e35/134979553_872607786613615_422113919259667960_n.jpg?_nc_ht=scontent-hel3-1.cdninstagram.com&_nc_cat=107&_nc_ohc=dTbWw1a-PWEAX_1Yr4I&se=7&tp=1&oh=2865df1e4293ba40eb11f514552d16d2&oe=6018B3B3&ig_cache_key=MjQ3NzcwNDc4OTI4NjAxNDU3MA%3D%3D.2
https://scontent-hel3-1.cdninstagram.com/v/t51.2885-15/e35/134695729_1040564589744761_5870950749751975776_n.jpg?_nc_ht=scontent-hel3-1.cdninstagram.com&_nc_cat=105&_nc_ohc=kn83QY2-hk0AX8uGH72&se=7&tp=1&oh=29841be925c54159d144889976e9a14f&oe=60194085&ig_cache_key=MjQ3NzY2ODM5MDA2Njg5MjMyMQ%3D%3D.2
https://scontent-hel3-1.cdninstagram.com/v/t51.2885-15/e35/p1080x1080/134951767_893309181416524_765077283961517373_n.jpg?_nc_ht=scontent-hel3-1.cdninstagram.com&_nc_cat=104&_nc_ohc=5wnSakO-Ut4AX94a3z6&tp=1&oh=8eab9a5c6b798589add9138cc4a1a2e1&oe=6019C975&ig_cache_key=MjQ3NzY1MDc2ODA2MDEyNjQ3MQ%3D%3D.2
https://scontent-hel3-1.cdninstagram.com/v/t51.2885-15/e35/p1080x1080/135227791_216137666728671_7105365306368737822_n.jpg?_nc_ht=scontent-hel3-1.cdninstagram.com&_nc_cat=103&_nc_ohc=2RWxSNvxHIoAX9fHRR4&tp=1&oh=3eaca14f594f7525762da90d7bafc074&oe=6018FB99&ig_cache_key=MjQ3NzYwMzgzMTkxNjM5MTA2Nw%3D%3D.2
https://scontent-hel3-1.cdninstagram.com/v/t51.2885-15/e35/s1080x1080/134675436_117705473525371_1983308432735831443_n.jpg?_nc_ht=scontent-hel3-1.cdninstagram.com&_nc_cat=107&_nc_ohc=tRZkRYoFrDkAX97XPes&tp=1&oh=e23018fdad9dfee2c6b49a91ffb76599&oe=601AB692&ig_cache_key=MjQ3NzU1MTM3NzgwMTE4MTI3Mg%3D%3D.2
